market_id,market,report_date,available_from,open_interest,lev_long,lev_short,lev_spread,am_long,am_short,dealer_long,dealer_short,loaded_at
sp500,E-MINI S&P 500 STOCK INDEX - CHICAGO MERCANTILE EXCHANGE,2010-01-05,2010-01-08,2537496,317410,564205,147899,1367905,370916,184716,848729,2026-08-04 20:52:24.533665
sp500,E-MINI S&P 500 STOCK INDEX - CHICAGO MERCANTILE EXCHANGE,2010-01-12,2010-01-15,2591973,309158,640373,160384,1381790,387588,188769,748569,2026-08-04 20:52:24.533665
sp500,E-MINI S&P 500 STOCK INDEX - CHICAGO MERCANTILE EXCHANGE,2010-01-19,2010-01-22,2597884,346618,662034,133355,1373671,383349,202778,751653,2026-08-04 20:52:24.533665
sp500,E-MINI S&P 500 STOCK INDEX - CHICAGO MERCANTILE EXCHANGE,2010-01-26,2010-01-29,2801131,438117,801069,194605,1405188,561709,207017,597208,2026-08-04 20:52:24.533665
sp500,E-MINI S&P 500 STOCK INDEX - CHICAGO MERCANTILE EXCHANGE,2010-02-02,2010-02-05,2877841,491152,820642,191041,1322195,548679,248662,597537,2026-08-04 20:52:24.533665
sp500,E-MINI S&P 500 STOCK INDEX - CHICAGO MERCANTILE EXCHANGE,2010-02-09,2010-02-12,3036790,615665,832362,195807,1303761,547060,280972,651555,2026-08-04 20:52:24.533665
sp500,E-MINI S&P 500 STOCK INDEX - CHICAGO MERCANTILE EXCHANGE,2010-02-16,2010-02-19,3015846,616880,854665,185873,1316168,516186,298911,689549,2026-08-04 20:52:24.533665
sp500,E-MINI S&P 500 STOCK INDEX - CHICAGO MERCANTILE EXCHANGE,2010-02-23,2010-02-26,2980353,626909,875364,149306,1345368,514151,275782,640034,2026-08-04 20:52:24.533665
sp500,E-MINI S&P 500 STOCK INDEX - CHICAGO MERCANTILE EXCHANGE,2010-03-02,2010-03-05,3011837,632887,885632,179786,1304569,468376,265276,638839,2026-08-04 20:52:24.533665
sp500,E-MINI S&P 500 STOCK INDEX - CHICAGO MERCANTILE EXCHANGE,2010-03-09,2010-03-12,3140495,631980,894083,209349,1261665,475694,309292,653011,2026-08-04 20:52:24.533665
sp500,E-MINI S&P 500 STOCK INDEX - CHICAGO MERCANTILE EXCHANGE,2010-03-16,2010-03-19,3784040,642338,892367,286624,1276783,482323,359063,664407,2026-08-04 20:52:24.533665
sp500,E-MINI S&P 500 STOCK INDEX - CHICAGO MERCANTILE EXCHANGE,2010-03-23,2010-03-26,2486780,274225,752800,144999,1266379,449061,77096,477846,2026-08-04 20:52:24.533665
sp500,E-MINI S&P 500 STOCK INDEX - CHICAGO MERCANTILE EXCHANGE,2010-03-30,2010-04-02,2574347,277420,788192,172445,1303227,450865,105287,511535,2026-08-04 20:52:24.533665
sp500,E-MINI S&P 500 STOCK INDEX - CHICAGO MERCANTILE EXCHANGE,2010-04-06,2010-04-09,2569925,293205,773972,177726,1236998,425189,133289,501323,2026-08-04 20:52:24.533665
sp500,E-MINI S&P 500 STOCK INDEX - CHICAGO MERCANTILE EXCHANGE,2010-04-13,2010-04-16,2614198,290367,794845,186950,1219577,422390,155601,490545,2026-08-04 20:52:24.533665
sp500,E-MINI S&P 500 STOCK INDEX - CHICAGO MERCANTILE EXCHANGE,2010-04-20,2010-04-23,2648281,306906,775933,160019,1236287,422834,178343,520321,2026-08-04 20:52:24.533665
sp500,E-MINI S&P 500 STOCK INDEX - CHICAGO MERCANTILE EXCHANGE,2010-04-27,2010-04-30,2768380,359778,844048,194521,1224162,428961,191173,513694,2026-08-04 20:52:24.533665
sp500,E-MINI S&P 500 STOCK INDEX - CHICAGO MERCANTILE EXCHANGE,2010-05-04,2010-05-07,2789458,367145,851447,231622,1250650,473400,187623,482834,2026-08-04 20:52:24.533665
sp500,E-MINI S&P 500 STOCK INDEX - CHICAGO MERCANTILE EXCHANGE,2010-05-11,2010-05-14,2936996,408670,828255,283672,1272915,496871,105300,547469,2026-08-04 20:52:24.533665
sp500,E-MINI S&P 500 STOCK INDEX - CHICAGO MERCANTILE EXCHANGE,2010-05-18,2010-05-21,2958443,387708,760046,328267,1280963,515119,121964,604976,2026-08-04 20:52:24.533665
sp500,E-MINI S&P 500 STOCK INDEX - CHICAGO MERCANTILE EXCHANGE,2010-05-25,2010-05-28,3002242,510169,794241,288717,1208916,602660,153645,546515,2026-08-04 20:52:24.533665
sp500,E-MINI S&P 500 STOCK INDEX - CHICAGO MERCANTILE EXCHANGE,2010-06-01,2010-06-04,3095821,468428,849804,301717,1348630,610917,189905,548744,2026-08-04 20:52:24.533665
sp500,E-MINI S&P 500 STOCK INDEX - CHICAGO MERCANTILE EXCHANGE,2010-06-08,2010-06-11,3348430,536507,869389,311844,1334274,661924,224480,555854,2026-08-04 20:52:24.533665
sp500,E-MINI S&P 500 STOCK INDEX - CHICAGO MERCANTILE EXCHANGE,2010-06-15,2010-06-18,3701000,469262,831827,409099,1329817,602572,232890,594196,2026-08-04 20:52:24.533665
sp500,E-MINI S&P 500 STOCK INDEX - CHICAGO MERCANTILE EXCHANGE,2010-06-22,2010-06-25,2755571,270329,788650,146480,1371821,584313,127996,592631,2026-08-04 20:52:24.533665
sp500,E-MINI S&P 500 STOCK INDEX - CHICAGO MERCANTILE EXCHANGE,2010-06-29,2010-07-02,2976767,357791,791424,197815,1416041,703944,157510,609872,2026-08-04 20:52:24.533665
sp500,E-MINI S&P 500 STOCK INDEX - CHICAGO MERCANTILE EXCHANGE,2010-07-06,2010-07-09,3100269,399841,877315,206725,1434845,705081,162020,554446,2026-08-04 20:52:24.533665
sp500,E-MINI S&P 500 STOCK INDEX - CHICAGO MERCANTILE EXCHANGE,2010-07-13,2010-07-16,3037858,344477,933723,216453,1411467,591046,221763,533169,2026-08-04 20:52:24.533665
sp500,E-MINI S&P 500 STOCK INDEX - CHICAGO MERCANTILE EXCHANGE,2010-07-20,2010-07-23,2973455,397922,885520,160644,1405263,619222,209570,542582,2026-08-04 20:52:24.533665
sp500,E-MINI S&P 500 STOCK INDEX - CHICAGO MERCANTILE EXCHANGE,2010-07-27,2010-07-30,2958434,362077,850066,188107,1385801,604884,228099,567207,2026-08-04 20:52:24.533665
sp500,E-MINI S&P 500 STOCK INDEX - CHICAGO MERCANTILE EXCHANGE,2010-08-03,2010-08-06,2931484,341585,827217,183866,1354007,583338,229072,585527,2026-08-04 20:52:24.533665
sp500,E-MINI S&P 500 STOCK INDEX - CHICAGO MERCANTILE EXCHANGE,2010-08-10,2010-08-13,2952553,334488,806053,198681,1385944,578522,235245,621482,2026-08-04 20:52:24.533665
sp500,E-MINI S&P 500 STOCK INDEX - CHICAGO MERCANTILE EXCHANGE,2010-08-17,2010-08-20,3024375,422512,821896,202361,1359959,650804,255556,580944,2026-08-04 20:52:24.533665
sp500,E-MINI S&P 500 STOCK INDEX - CHICAGO MERCANTILE EXCHANGE,2010-08-24,2010-08-27,3112833,548645,924914,159528,1380540,708978,260206,478890,2026-08-04 20:52:24.533665
sp500,E-MINI S&P 500 STOCK INDEX - CHICAGO MERCANTILE EXCHANGE,2010-08-31,2010-09-03,3226898,598337,955911,175381,1428103,726678,288882,503622,2026-08-04 20:52:24.533665
sp500,E-MINI S&P 500 STOCK INDEX - CHICAGO MERCANTILE EXCHANGE,2010-09-07,2010-09-10,3213442,518570,911688,187350,1401707,680334,288488,515817,2026-08-04 20:52:24.533665
sp500,E-MINI S&P 500 STOCK INDEX - CHICAGO MERCANTILE EXCHANGE,2010-09-14,2010-09-17,3687232,511163,913634,264814,1427770,634689,293233,594066,2026-08-04 20:52:24.533665
sp500,E-MINI S&P 500 STOCK INDEX - CHICAGO MERCANTILE EXCHANGE,2010-09-21,2010-09-24,2647662,279733,696805,144313,1405253,549246,100878,552476,2026-08-04 20:52:24.533665
sp500,E-MINI S&P 500 STOCK INDEX - CHICAGO MERCANTILE EXCHANGE,2010-09-28,2010-10-01,2761436,334472,730767,178762,1400953,528154,128288,635663,2026-08-04 20:52:24.533665
sp500,E-MINI S&P 500 STOCK INDEX - CHICAGO MERCANTILE EXCHANGE,2010-10-05,2010-10-08,2852231,363303,762135,197374,1375841,530108,136983,636413,2026-08-04 20:52:24.533665
sp500,E-MINI S&P 500 STOCK INDEX - CHICAGO MERCANTILE EXCHANGE,2010-10-12,2010-10-15,2909604,365152,769149,208452,1400643,501433,152147,704851,2026-08-04 20:52:24.533665
sp500,E-MINI S&P 500 STOCK INDEX - CHICAGO MERCANTILE EXCHANGE,2010-10-19,2010-10-22,2850643,375386,790728,170463,1413153,493603,144223,667189,2026-08-04 20:52:24.533665
sp500,E-MINI S&P 500 STOCK INDEX - CHICAGO MERCANTILE EXCHANGE,2010-10-26,2010-10-29,2888704,420372,754749,185703,1411050,470155,124024,727109,2026-08-04 20:52:24.533665
sp500,E-MINI S&P 500 STOCK INDEX - CHICAGO MERCANTILE EXCHANGE,2010-11-02,2010-11-05,2931204,454538,749224,211841,1376878,468566,139189,734910,2026-08-04 20:52:24.533665
sp500,E-MINI S&P 500 STOCK INDEX - CHICAGO MERCANTILE EXCHANGE,2010-11-09,2010-11-12,3058794,454271,808643,255400,1410076,432431,163863,770367,2026-08-04 20:52:24.533665
sp500,E-MINI S&P 500 STOCK INDEX - CHICAGO MERCANTILE EXCHANGE,2010-11-16,2010-11-19,3118859,449569,829719,273973,1397324,486659,178296,667729,2026-08-04 20:52:24.533665
sp500,E-MINI S&P 500 STOCK INDEX - CHICAGO MERCANTILE EXCHANGE,2010-11-23,2010-11-26,3021777,476887,860880,189965,1413539,481819,191076,658242,2026-08-04 20:52:24.533665
sp500,E-MINI S&P 500 STOCK INDEX - CHICAGO MERCANTILE EXCHANGE,2010-11-30,2010-12-03,3079242,476590,797960,205316,1424017,501178,183800,678522,2026-08-04 20:52:24.533665
sp500,E-MINI S&P 500 STOCK INDEX - CHICAGO MERCANTILE EXCHANGE,2010-12-07,2010-12-10,3220699,488542,859810,263572,1417529,439924,209602,732111,2026-08-04 20:52:24.533665
sp500,E-MINI S&P 500 STOCK INDEX - CHICAGO MERCANTILE EXCHANGE,2010-12-14,2010-12-17,3678844,501485,851220,325452,1437972,430222,207506,791660,2026-08-04 20:52:24.533665
sp500,E-MINI S&P 500 STOCK INDEX - CHICAGO MERCANTILE EXCHANGE,2010-12-21,2010-12-24,2599204,317365,573995,150547,1349221,431322,157532,788521,2026-08-04 20:52:24.533665
sp500,E-MINI S&P 500 STOCK INDEX - CHICAGO MERCANTILE EXCHANGE,2010-12-28,2010-12-31,2653693,308483,590589,174207,1376656,414974,165526,787326,2026-08-04 20:52:24.533665
sp500,E-MINI S&P 500 STOCK INDEX - CHICAGO MERCANTILE EXCHANGE,2011-01-04,2011-01-07,2708723,317407,580271,201536,1341423,440016,188289,772941,2026-08-04 20:52:24.533665
sp500,E-MINI S&P 500 STOCK INDEX - CHICAGO MERCANTILE EXCHANGE,2011-01-11,2011-01-14,2776134,373842,600691,234209,1316957,457235,181780,790258,2026-08-04 20:52:24.533665
sp500,E-MINI S&P 500 STOCK INDEX - CHICAGO MERCANTILE EXCHANGE,2011-01-18,2011-01-21,2872489,352291,638256,287518,1335392,432617,207968,752503,2026-08-04 20:52:24.533665
sp500,E-MINI S&P 500 STOCK INDEX - CHICAGO MERCANTILE EXCHANGE,2011-01-25,2011-01-28,2837909,383452,671284,180409,1384132,456357,205061,761092,2026-08-04 20:52:24.533665
sp500,E-MINI S&P 500 STOCK INDEX - CHICAGO MERCANTILE EXCHANGE,2011-02-01,2011-02-04,2946619,397735,675337,249754,1360518,483853,205664,754286,2026-08-04 20:52:24.533665
sp500,E-MINI S&P 500 STOCK INDEX - CHICAGO MERCANTILE EXCHANGE,2011-02-08,2011-02-11,3057522,428882,756821,274489,1385818,446927,240508,740255,2026-08-04 20:52:24.533665
sp500,E-MINI S&P 500 STOCK INDEX - CHICAGO MERCANTILE EXCHANGE,2011-02-15,2011-02-18,3143119,446364,804462,297662,1388031,444987,257692,729785,2026-08-04 20:52:24.533665
sp500,E-MINI S&P 500 STOCK INDEX - CHICAGO MERCANTILE EXCHANGE,2011-02-22,2011-02-25,3127872,511891,826446,212301,1390312,441416,275808,736568,2026-08-04 20:52:24.533665
sp500,E-MINI S&P 500 STOCK INDEX - CHICAGO MERCANTILE EXCHANGE,2011-03-01,2011-03-04,3216107,532920,867778,228059,1363094,469320,268750,748122,2026-08-04 20:52:24.533665
sp500,E-MINI S&P 500 STOCK INDEX - CHICAGO MERCANTILE EXCHANGE,2011-03-08,2011-03-11,3301594,591262,829224,246790,1372972,461068,266499,787612,2026-08-04 20:52:24.533665
sp500,E-MINI S&P 500 STOCK INDEX - CHICAGO MERCANTILE EXCHANGE,2011-03-15,2011-03-18,3904852,772980,917688,368642,1395989,501841,269689,786873,2026-08-04 20:52:24.533665
sp500,E-MINI S&P 500 STOCK INDEX - CHICAGO MERCANTILE EXCHANGE,2011-03-22,2011-03-25,2750734,306514,815837,158675,1357002,489634,311533,524992,2026-08-04 20:52:24.533665
sp500,E-MINI S&P 500 STOCK INDEX - CHICAGO MERCANTILE EXCHANGE,2011-03-29,2011-04-01,2853163,336482,859741,180534,1360291,450283,308953,543356,2026-08-04 20:52:24.533665
sp500,E-MINI S&P 500 STOCK INDEX - CHICAGO MERCANTILE EXCHANGE,2011-04-05,2011-04-08,2894627,340814,858638,199391,1314385,437179,323172,541634,2026-08-04 20:52:24.533665
sp500,E-MINI S&P 500 STOCK INDEX - CHICAGO MERCANTILE EXCHANGE,2011-04-12,2011-04-15,2915212,335739,878103,206627,1318686,430676,332293,546358,2026-08-04 20:52:24.533665
sp500,E-MINI S&P 500 STOCK INDEX - CHICAGO MERCANTILE EXCHANGE,2011-04-19,2011-04-22,2870239,358570,856927,153399,1353350,442854,299596,518119,2026-08-04 20:52:24.533665
sp500,E-MINI S&P 500 STOCK INDEX - CHICAGO MERCANTILE EXCHANGE,2011-04-26,2011-04-29,2932920,342012,798656,188747,1365001,423447,304473,592603,2026-08-04 20:52:24.533665
sp500,E-MINI S&P 500 STOCK INDEX - CHICAGO MERCANTILE EXCHANGE,2011-05-03,2011-05-06,3040844,418538,823646,216882,1342106,410260,297115,627146,2026-08-04 20:52:24.533665
sp500,E-MINI S&P 500 STOCK INDEX - CHICAGO MERCANTILE EXCHANGE,2011-05-10,2011-05-13,2937880,364787,787854,214065,1367866,402221,279188,637012,2026-08-04 20:52:24.533665
sp500,E-MINI S&P 500 STOCK INDEX - CHICAGO MERCANTILE EXCHANGE,2011-05-17,2011-05-20,2957753,350225,783140,221038,1386857,435295,278738,618313,2026-08-04 20:52:24.533665
sp500,E-MINI S&P 500 STOCK INDEX - CHICAGO MERCANTILE EXCHANGE,2011-05-24,2011-05-27,3002123,376575,802496,177749,1411039,445409,300157,604808,2026-08-04 20:52:24.533665
sp500,E-MINI S&P 500 STOCK INDEX - CHICAGO MERCANTILE EXCHANGE,2011-05-31,2011-06-03,3064160,402224,846264,190753,1417700,425378,334657,611069,2026-08-04 20:52:24.533665
sp500,E-MINI S&P 500 STOCK INDEX - CHICAGO MERCANTILE EXCHANGE,2011-06-07,2011-06-10,3287490,512689,908939,260151,1399659,465828,302408,632878,2026-08-04 20:52:24.533665
sp500,E-MINI S&P 500 STOCK INDEX - CHICAGO MERCANTILE EXCHANGE,2011-06-14,2011-06-17,3719182,514348,883702,378190,1417812,467809,283167,650064,2026-08-04 20:52:24.533665
sp500,E-MINI S&P 500 STOCK INDEX - CHICAGO MERCANTILE EXCHANGE,2011-06-21,2011-06-24,2764807,269365,752598,199071,1389448,473605,148556,522643,2026-08-04 20:52:24.533665
sp500,E-MINI S&P 500 STOCK INDEX - CHICAGO MERCANTILE EXCHANGE,2011-06-28,2011-07-01,2775441,306669,711326,232796,1383760,446429,133569,541674,2026-08-04 20:52:24.533665
sp500,E-MINI S&P 500 STOCK INDEX - CHICAGO MERCANTILE EXCHANGE,2011-07-05,2011-07-08,2790012,332258,720521,247233,1328901,401236,172124,542586,2026-08-04 20:52:24.533665
sp500,E-MINI S&P 500 STOCK INDEX - CHICAGO MERCANTILE EXCHANGE,2011-07-12,2011-07-15,2917146,390677,701056,275114,1331788,503975,172268,552864,2026-08-04 20:52:24.533665
sp500,E-MINI S&P 500 STOCK INDEX - CHICAGO MERCANTILE EXCHANGE,2011-07-19,2011-07-22,2834027,386626,707608,217555,1342045,494231,203934,550383,2026-08-04 20:52:24.533665
sp500,E-MINI S&P 500 STOCK INDEX - CHICAGO MERCANTILE EXCHANGE,2011-07-26,2011-07-29,2840262,372614,742884,239780,1339501,436106,218783,551619,2026-08-04 20:52:24.533665
sp500,E-MINI S&P 500 STOCK INDEX - CHICAGO MERCANTILE EXCHANGE,2011-08-02,2011-08-05,3184524,487516,751850,346675,1339854,656670,240181,474275,2026-08-04 20:52:24.533665
sp500,E-MINI S&P 500 STOCK INDEX - CHICAGO MERCANTILE EXCHANGE,2011-08-09,2011-08-12,4040081,772235,835270,613351,1379115,773417,311940,494938,2026-08-04 20:52:24.533665
sp500,E-MINI S&P 500 STOCK INDEX - CHICAGO MERCANTILE EXCHANGE,2011-08-16,2011-08-19,3884645,651021,935035,639548,1421134,793549,319134,475651,2026-08-04 20:52:24.533665
sp500,E-MINI S&P 500 STOCK INDEX - CHICAGO MERCANTILE EXCHANGE,2011-08-23,2011-08-26,3893885,798910,1032803,436923,1442522,867989,396649,506259,2026-08-04 20:52:24.533665
sp500,E-MINI S&P 500 STOCK INDEX - CHICAGO MERCANTILE EXCHANGE,2011-08-30,2011-09-02,4044795,728289,1094162,467082,1496350,859029,433852,574119,2026-08-04 20:52:24.533665
sp500,E-MINI S&P 500 STOCK INDEX - CHICAGO MERCANTILE EXCHANGE,2011-09-06,2011-09-09,4261831,826148,1111951,494872,1479857,961530,493861,605349,2026-08-04 20:52:24.533665
sp500,E-MINI S&P 500 STOCK INDEX - CHICAGO MERCANTILE EXCHANGE,2011-09-13,2011-09-16,4592415,857513,1094077,545594,1437063,999800,571072,604064,2026-08-04 20:52:24.533665
sp500,E-MINI S&P 500 STOCK INDEX - CHICAGO MERCANTILE EXCHANGE,2011-09-20,2011-09-23,3248858,230487,799658,288393,1391268,869215,495982,403668,2026-08-04 20:52:24.533665
sp500,E-MINI S&P 500 STOCK INDEX - CHICAGO MERCANTILE EXCHANGE,2011-09-27,2011-09-30,3363898,378287,685650,355620,1339489,1015350,463351,409569,2026-08-04 20:52:24.533665
sp500,E-MINI S&P 500 STOCK INDEX - CHICAGO MERCANTILE EXCHANGE,2011-10-04,2011-10-07,3587665,422775,715507,419217,1314547,1124032,531129,412976,2026-08-04 20:52:24.533665
sp500,E-MINI S&P 500 STOCK INDEX - CHICAGO MERCANTILE EXCHANGE,2011-10-11,2011-10-14,3435127,355323,697428,401310,1333118,976688,515305,466923,2026-08-04 20:52:24.533665
sp500,E-MINI S&P 500 STOCK INDEX - CHICAGO MERCANTILE EXCHANGE,2011-10-18,2011-10-21,3464316,343629,730203,412667,1332908,918485,536886,483793,2026-08-04 20:52:24.533665
sp500,E-MINI S&P 500 STOCK INDEX - CHICAGO MERCANTILE EXCHANGE,2011-10-25,2011-10-28,3300214,397012,738440,269068,1300524,926425,532555,488167,2026-08-04 20:52:24.533665
sp500,E-MINI S&P 500 STOCK INDEX - CHICAGO MERCANTILE EXCHANGE,2011-11-01,2011-11-04,3189530,439888,669265,310782,1206437,826994,488132,487647,2026-08-04 20:52:24.533665
sp500,E-MINI S&P 500 STOCK INDEX - CHICAGO MERCANTILE EXCHANGE,2011-11-08,2011-11-11,3250775,425766,712930,320096,1259530,805202,491663,532669,2026-08-04 20:52:24.533665
sp500,E-MINI S&P 500 STOCK INDEX - CHICAGO MERCANTILE EXCHANGE,2011-11-15,2011-11-18,3331654,459151,691026,332985,1256239,862184,494972,558699,2026-08-04 20:52:24.533665
sp500,E-MINI S&P 500 STOCK INDEX - CHICAGO MERCANTILE EXCHANGE,2011-11-22,2011-11-25,3324283,468818,758487,277788,1274064,930192,508471,513027,2026-08-04 20:52:24.533665
sp500,E-MINI S&P 500 STOCK INDEX - CHICAGO MERCANTILE EXCHANGE,2011-11-29,2011-12-02,3307504,458035,759290,285830,1284172,863164,495395,549600,2026-08-04 20:52:24.533665
sp500,E-MINI S&P 500 STOCK INDEX - CHICAGO MERCANTILE EXCHANGE,2011-12-06,2011-12-09,3327538,504738,672491,320580,1267887,812192,456914,573104,2026-08-04 20:52:24.533665
sp500,E-MINI S&P 500 STOCK INDEX - CHICAGO MERCANTILE EXCHANGE,2011-12-13,2011-12-16,3727585,535802,703898,437754,1268383,875167,458574,574324,2026-08-04 20:52:24.533665
sp500,E-MINI S&P 500 STOCK INDEX - CHICAGO MERCANTILE EXCHANGE,2011-12-20,2011-12-23,2779314,362271,638753,197900,1259971,877845,216398,376085,2026-08-04 20:52:24.533665
sp500,E-MINI S&P 500 STOCK INDEX - CHICAGO MERCANTILE EXCHANGE,2011-12-27,2011-12-30,2838458,359004,692313,199296,1297370,840369,229311,412380,2026-08-04 20:52:24.533665
sp500,E-MINI S&P 500 STOCK INDEX - CHICAGO MERCANTILE EXCHANGE,2012-01-03,2012-01-06,2903588,399741,713075,197857,1268747,842584,231987,444230,2026-08-04 20:52:24.533665
sp500,E-MINI S&P 500 STOCK INDEX - CHICAGO MERCANTILE EXCHANGE,2012-01-10,2012-01-13,2857997,396625,650405,224588,1269471,837603,220670,446526,2026-08-04 20:52:24.533665
sp500,E-MINI S&P 500 STOCK INDEX - CHICAGO MERCANTILE EXCHANGE,2012-01-17,2012-01-20,2920189,390939,667598,276189,1300107,800083,211406,470603,2026-08-04 20:52:24.533665
sp500,E-MINI S&P 500 STOCK INDEX - CHICAGO MERCANTILE EXCHANGE,2012-01-24,2012-01-27,2898586,411047,707960,213024,1327279,754580,180921,519173,2026-08-04 20:52:24.533665
sp500,E-MINI S&P 500 STOCK INDEX - CHICAGO MERCANTILE EXCHANGE,2012-01-31,2012-02-03,2970586,469263,707063,232919,1331281,760366,181947,496288,2026-08-04 20:52:24.533665
sp500,E-MINI S&P 500 STOCK INDEX - CHICAGO MERCANTILE EXCHANGE,2012-02-07,2012-02-10,3025509,442206,700151,278833,1363572,700628,184070,523007,2026-08-04 20:52:24.533665
sp500,E-MINI S&P 500 STOCK INDEX - CHICAGO MERCANTILE EXCHANGE,2012-02-14,2012-02-17,3098021,411844,736661,338789,1420043,690228,182628,546220,2026-08-04 20:52:24.533665
sp500,E-MINI S&P 500 STOCK INDEX - CHICAGO MERCANTILE EXCHANGE,2012-02-21,2012-02-24,3086647,455702,787653,295171,1436993,675742,181375,565861,2026-08-04 20:52:24.533665
sp500,E-MINI S&P 500 STOCK INDEX - CHICAGO MERCANTILE EXCHANGE,2012-02-28,2012-03-02,3139856,465725,799391,309576,1463072,690974,173081,559739,2026-08-04 20:52:24.533665
sp500,E-MINI S&P 500 STOCK INDEX - CHICAGO MERCANTILE EXCHANGE,2012-03-06,2012-03-09,3309354,496803,874392,335322,1436154,720722,189884,553367,2026-08-04 20:52:24.533665
sp500,E-MINI S&P 500 STOCK INDEX - CHICAGO MERCANTILE EXCHANGE,2012-03-13,2012-03-16,3720471,514851,866613,447356,1492886,712109,149186,646115,2026-08-04 20:52:24.533665
sp500,E-MINI S&P 500 STOCK INDEX - CHICAGO MERCANTILE EXCHANGE,2012-03-20,2012-03-23,3001528,388847,735981,271962,1421455,687507,144433,642070,2026-08-04 20:52:24.533665
sp500,E-MINI S&P 500 STOCK INDEX - CHICAGO MERCANTILE EXCHANGE,2012-03-27,2012-03-30,3064087,377647,741770,294458,1448628,665015,139259,685054,2026-08-04 20:52:24.533665
sp500,E-MINI S&P 500 STOCK INDEX - CHICAGO MERCANTILE EXCHANGE,2012-04-03,2012-04-06,3090545,419533,719004,304910,1392825,667755,162815,707748,2026-08-04 20:52:24.533665
sp500,E-MINI S&P 500 STOCK INDEX - CHICAGO MERCANTILE EXCHANGE,2012-04-10,2012-04-13,3156154,426093,773363,336147,1367845,728475,159672,633578,2026-08-04 20:52:24.533665
sp500,E-MINI S&P 500 STOCK INDEX - CHICAGO MERCANTILE EXCHANGE,2012-04-17,2012-04-20,3165537,425546,752654,336941,1362151,721849,169832,679050,2026-08-04 20:52:24.533665
sp500,E-MINI S&P 500 STOCK INDEX - CHICAGO MERCANTILE EXCHANGE,2012-04-24,2012-04-27,3101292,433331,762538,269830,1336529,742362,188126,671578,2026-08-04 20:52:24.533665
sp500,E-MINI S&P 500 STOCK INDEX - CHICAGO MERCANTILE EXCHANGE,2012-05-01,2012-05-04,3161064,491716,782968,298136,1312292,689343,182136,723615,2026-08-04 20:52:24.533665
sp500,E-MINI S&P 500 STOCK INDEX - CHICAGO MERCANTILE EXCHANGE,2012-05-08,2012-05-11,3225565,451361,844682,345714,1312182,724800,184701,639719,2026-08-04 20:52:24.533665
sp500,E-MINI S&P 500 STOCK INDEX - CHICAGO MERCANTILE EXCHANGE,2012-05-15,2012-05-18,3399324,500547,842490,424134,1288276,777404,223836,642167,2026-08-04 20:52:24.533665
sp500,E-MINI S&P 500 STOCK INDEX - CHICAGO MERCANTILE EXCHANGE,2012-05-22,2012-05-25,3374094,464949,914730,366335,1293398,778989,270284,576472,2026-08-04 20:52:24.533665
sp500,E-MINI S&P 500 STOCK INDEX - CHICAGO MERCANTILE EXCHANGE,2012-05-29,2012-06-01,3408792,471222,930414,370727,1282007,783206,288904,564971,2026-08-04 20:52:24.533665
sp500,E-MINI S&P 500 STOCK INDEX - CHICAGO MERCANTILE EXCHANGE,2012-06-05,2012-06-08,3619959,473972,903501,479773,1273813,859442,308936,578728,2026-08-04 20:52:24.533665
sp500,E-MINI S&P 500 STOCK INDEX - CHICAGO MERCANTILE EXCHANGE,2012-06-12,2012-06-15,3866560,444448,953217,502710,1352870,783659,270266,608902,2026-08-04 20:52:24.533665
sp500,E-MINI S&P 500 STOCK INDEX - CHICAGO MERCANTILE EXCHANGE,2012-06-19,2012-06-22,2899508,289370,764938,280063,1316430,761896,215102,446778,2026-08-04 20:52:24.533665
sp500,E-MINI S&P 500 STOCK INDEX - CHICAGO MERCANTILE EXCHANGE,2012-06-26,2012-06-29,3067109,335421,785429,314371,1334963,872942,256930,463283,2026-08-04 20:52:24.533665
sp500,E-MINI S&P 500 STOCK INDEX - CHICAGO MERCANTILE EXCHANGE,2012-07-03,2012-07-06,3073517,363684,767381,320038,1319379,780559,225695,517391,2026-08-04 20:52:24.533665
sp500,E-MINI S&P 500 STOCK INDEX - CHICAGO MERCANTILE EXCHANGE,2012-07-10,2012-07-13,3156665,357386,835537,356686,1327875,815668,255336,492952,2026-08-04 20:52:24.533665
sp500,E-MINI S&P 500 STOCK INDEX - CHICAGO MERCANTILE EXCHANGE,2012-07-17,2012-07-20,3171020,345805,830048,356559,1314116,805245,267277,495395,2026-08-04 20:52:24.533665
sp500,E-MINI S&P 500 STOCK INDEX - CHICAGO MERCANTILE EXCHANGE,2012-07-24,2012-07-27,3157529,359561,855556,311508,1314397,838194,305304,496098,2026-08-04 20:52:24.533665
sp500,E-MINI S&P 500 STOCK INDEX - CHICAGO MERCANTILE EXCHANGE,2012-07-31,2012-08-03,3064847,408244,816971,302187,1289735,717936,234216,540149,2026-08-04 20:52:24.533665
sp500,E-MINI S&P 500 STOCK INDEX - CHICAGO MERCANTILE EXCHANGE,2012-08-07,2012-08-10,3188206,423154,846258,344628,1309275,708728,231631,577390,2026-08-04 20:52:24.533665
sp500,E-MINI S&P 500 STOCK INDEX - CHICAGO MERCANTILE EXCHANGE,2012-08-14,2012-08-17,3293093,433412,938828,359661,1367743,701247,264002,571633,2026-08-04 20:52:24.533665
sp500,E-MINI S&P 500 STOCK INDEX - CHICAGO MERCANTILE EXCHANGE,2012-08-21,2012-08-24,3300213,451973,958383,316272,1376896,702488,278069,572289,2026-08-04 20:52:24.533665
sp500,E-MINI S&P 500 STOCK INDEX - CHICAGO MERCANTILE EXCHANGE,2012-08-28,2012-08-31,3383373,477940,1003526,337952,1414397,724817,279187,576469,2026-08-04 20:52:24.533665
sp500,E-MINI S&P 500 STOCK INDEX - CHICAGO MERCANTILE EXCHANGE,2012-09-04,2012-09-07,3429212,489183,1025270,346452,1389248,727258,326435,575792,2026-08-04 20:52:24.533665
sp500,E-MINI S&P 500 STOCK INDEX - CHICAGO MERCANTILE EXCHANGE,2012-09-11,2012-09-14,3575446,520242,1033905,392817,1386083,694379,323059,618785,2026-08-04 20:52:24.533665
sp500,E-MINI S&P 500 STOCK INDEX - CHICAGO MERCANTILE EXCHANGE,2012-09-18,2012-09-21,4040698,539729,995487,503176,1486254,669371,270205,670917,2026-08-04 20:52:24.533665
sp500,E-MINI S&P 500 STOCK INDEX - CHICAGO MERCANTILE EXCHANGE,2012-09-25,2012-09-28,3152972,465063,740049,324170,1466095,673814,164850,741082,2026-08-04 20:52:24.533665
sp500,E-MINI S&P 500 STOCK INDEX - CHICAGO MERCANTILE EXCHANGE,2012-10-02,2012-10-05,3246836,500266,797685,322952,1504058,697178,182904,728953,2026-08-04 20:52:24.533665
sp500,E-MINI S&P 500 STOCK INDEX - CHICAGO MERCANTILE EXCHANGE,2012-10-09,2012-10-12,3255168,477122,796647,339761,1491010,666625,209075,777544,2026-08-04 20:52:24.533665
sp500,E-MINI S&P 500 STOCK INDEX - CHICAGO MERCANTILE EXCHANGE,2012-10-16,2012-10-19,3302628,487072,776564,364426,1497572,656110,196809,799442,2026-08-04 20:52:24.533665
sp500,E-MINI S&P 500 STOCK INDEX - CHICAGO MERCANTILE EXCHANGE,2012-10-23,2012-10-26,3342474,495785,817077,340816,1531266,681714,234931,800025,2026-08-04 20:52:24.533665
sp500,E-MINI S&P 500 STOCK INDEX - CHICAGO MERCANTILE EXCHANGE,2012-10-30,2012-11-02,3373460,485025,806255,348847,1552504,686675,233211,815083,2026-08-04 20:52:24.533665
sp500,E-MINI S&P 500 STOCK INDEX - CHICAGO MERCANTILE EXCHANGE,2012-11-06,2012-11-09,3379945,508246,773403,389410,1468314,657409,216351,812589,2026-08-04 20:52:24.533665
sp500,E-MINI S&P 500 STOCK INDEX - CHICAGO MERCANTILE EXCHANGE,2012-11-13,2012-11-16,3530917,590274,764305,495353,1361457,720304,209017,801929,2026-08-04 20:52:24.533665
sp500,E-MINI S&P 500 STOCK INDEX - CHICAGO MERCANTILE EXCHANGE,2012-11-20,2012-11-23,3456455,554909,823182,374025,1365940,699764,218646,795140,2026-08-04 20:52:24.533665
sp500,E-MINI S&P 500 STOCK INDEX - CHICAGO MERCANTILE EXCHANGE,2012-11-27,2012-11-30,3474008,572391,835392,372829,1389553,694750,210616,789249,2026-08-04 20:52:24.533665
sp500,E-MINI S&P 500 STOCK INDEX - CHICAGO MERCANTILE EXCHANGE,2012-12-04,2012-12-07,3527417,580223,789902,398559,1352622,667360,203198,838020,2026-08-04 20:52:24.533665
sp500,E-MINI S&P 500 STOCK INDEX - CHICAGO MERCANTILE EXCHANGE,2012-12-11,2012-12-14,3636789,632658,769867,429800,1331812,661293,213167,893101,2026-08-04 20:52:24.533665
sp500,E-MINI S&P 500 STOCK INDEX - CHICAGO MERCANTILE EXCHANGE,2012-12-18,2012-12-21,3878501,674000,786846,549108,1361967,614312,222535,900800,2026-08-04 20:52:24.533665
sp500,E-MINI S&P 500 STOCK INDEX - CHICAGO MERCANTILE EXCHANGE,2012-12-24,2012-12-27,3151807,419351,771270,328591,1427864,588736,211008,846140,2026-08-04 20:52:24.533665
sp500,E-MINI S&P 500 STOCK INDEX - CHICAGO MERCANTILE EXCHANGE,2012-12-31,2013-01-03,3114188,445602,750858,310918,1394977,589974,216699,852742,2026-08-04 20:52:24.533665
sp500,E-MINI S&P 500 STOCK INDEX - CHICAGO MERCANTILE EXCHANGE,2013-01-08,2013-01-11,3179223,440109,789050,345071,1431878,553803,249353,836692,2026-08-04 20:52:24.533665
sp500,E-MINI S&P 500 STOCK INDEX - CHICAGO MERCANTILE EXCHANGE,2013-01-15,2013-01-18,3310003,443224,842669,405926,1437897,543478,257867,803441,2026-08-04 20:52:24.533665
sp500,E-MINI S&P 500 STOCK INDEX - CHICAGO MERCANTILE EXCHANGE,2013-01-22,2013-01-25,3336948,511035,904079,341475,1484454,531005,305742,793380,2026-08-04 20:52:24.533665
sp500,E-MINI S&P 500 STOCK INDEX - CHICAGO MERCANTILE EXCHANGE,2013-01-29,2013-02-01,3486327,481991,909609,413273,1544360,528034,311819,849952,2026-08-04 20:52:24.533665
sp500,E-MINI S&P 500 STOCK INDEX - CHICAGO MERCANTILE EXCHANGE,2013-02-05,2013-02-08,3499407,496481,871845,430734,1493404,557020,306111,865437,2026-08-04 20:52:24.533665
sp500,E-MINI S&P 500 STOCK INDEX - CHICAGO MERCANTILE EXCHANGE,2013-02-12,2013-02-15,3625494,506435,903133,453541,1462840,554663,358223,883530,2026-08-04 20:52:24.533665
sp500,E-MINI S&P 500 STOCK INDEX - CHICAGO MERCANTILE EXCHANGE,2013-02-19,2013-02-22,3606627,578052,936745,382795,1450131,552648,381965,884431,2026-08-04 20:52:24.533665
sp500,E-MINI S&P 500 STOCK INDEX - CHICAGO MERCANTILE EXCHANGE,2013-02-26,2013-03-01,3801746,560491,938467,478025,1437135,581962,299341,892608,2026-08-04 20:52:24.533665
sp500,E-MINI S&P 500 STOCK INDEX - CHICAGO MERCANTILE EXCHANGE,2013-03-05,2013-03-08,3872287,674476,948367,500615,1288349,546016,308494,897344,2026-08-04 20:52:24.533665
sp500,E-MINI S&P 500 STOCK INDEX - CHICAGO MERCANTILE EXCHANGE,2013-03-12,2013-03-15,4481719,698332,999828,628240,1306322,535987,298936,931375,2026-08-04 20:52:24.533665
sp500,E-MINI S&P 500 STOCK INDEX - CHICAGO MERCANTILE EXCHANGE,2013-03-19,2013-03-22,3409146,566377,868054,436148,1389360,545537,200711,801135,2026-08-04 20:52:24.533665
sp500,E-MINI S&P 500 STOCK INDEX - CHICAGO MERCANTILE EXCHANGE,2013-03-26,2013-03-29,3526282,571036,914956,453713,1438415,529225,216683,845709,2026-08-04 20:52:24.533665
sp500,E-MINI S&P 500 STOCK INDEX - CHICAGO MERCANTILE EXCHANGE,2013-04-02,2013-04-05,3596835,578897,946201,466667,1451000,527232,214966,833794,2026-08-04 20:52:24.533665
sp500,E-MINI S&P 500 STOCK INDEX - CHICAGO MERCANTILE EXCHANGE,2013-04-09,2013-04-12,3646629,609014,913084,480224,1458124,577553,200733,863667,2026-08-04 20:52:24.533665
sp500,E-MINI S&P 500 STOCK INDEX - CHICAGO MERCANTILE EXCHANGE,2013-04-16,2013-04-19,3690208,591269,891072,554482,1468304,536378,181199,870827,2026-08-04 20:52:24.533665
sp500,E-MINI S&P 500 STOCK INDEX - CHICAGO MERCANTILE EXCHANGE,2013-04-23,2013-04-26,3579695,605014,902931,454590,1417969,545310,180895,849682,2026-08-04 20:52:24.533665
sp500,E-MINI S&P 500 STOCK INDEX - CHICAGO MERCANTILE EXCHANGE,2013-04-30,2013-05-03,3665537,670747,904339,492374,1423966,526481,174303,896069,2026-08-04 20:52:24.533665
sp500,E-MINI S&P 500 STOCK INDEX - CHICAGO MERCANTILE EXCHANGE,2013-05-07,2013-05-10,3888812,673783,946064,594220,1439018,518327,208494,918892,2026-08-04 20:52:24.533665
sp500,E-MINI S&P 500 STOCK INDEX - CHICAGO MERCANTILE EXCHANGE,2013-05-14,2013-05-17,4143289,661353,987643,760824,1455570,496628,225350,944121,2026-08-04 20:52:24.533665
sp500,E-MINI S&P 500 STOCK INDEX - CHICAGO MERCANTILE EXCHANGE,2013-05-21,2013-05-24,4086406,612396,1011758,665096,1536745,485152,254824,1005564,2026-08-04 20:52:24.533665
sp500,E-MINI S&P 500 STOCK INDEX - CHICAGO MERCANTILE EXCHANGE,2013-05-28,2013-05-31,4144911,602933,1032535,694702,1561853,487520,254410,1031406,2026-08-04 20:52:24.533665
sp500,E-MINI S&P 500 STOCK INDEX - CHICAGO MERCANTILE EXCHANGE,2013-06-04,2013-06-07,4068714,597219,989630,701373,1525659,519047,234316,861426,2026-08-04 20:52:24.533665
sp500,E-MINI S&P 500 STOCK INDEX - CHICAGO MERCANTILE EXCHANGE,2013-06-11,2013-06-14,4201236,560680,941135,750051,1505251,565171,221601,852631,2026-08-04 20:52:24.533665
sp500,E-MINI S&P 500 STOCK INDEX - CHICAGO MERCANTILE EXCHANGE,2013-06-18,2013-06-21,4619293,561941,1000883,851765,1514036,537447,212133,879454,2026-08-04 20:52:24.533665
sp500,E-MINI S&P 500 STOCK INDEX - CHICAGO MERCANTILE EXCHANGE,2013-06-25,2013-06-28,3346078,473697,714533,497631,1323030,652891,107040,687153,2026-08-04 20:52:24.533665
sp500,E-MINI S&P 500 STOCK INDEX - CHICAGO MERCANTILE EXCHANGE,2013-07-02,2013-07-05,3306319,513144,733485,513069,1270527,597962,114864,672076,2026-08-04 20:52:24.533665
sp500,E-MINI S&P 500 STOCK INDEX - CHICAGO MERCANTILE EXCHANGE,2013-07-09,2013-07-12,3361015,516795,773976,530146,1311727,565235,105717,700237,2026-08-04 20:52:24.533665
sp500,E-MINI S&P 500 STOCK INDEX - CHICAGO MERCANTILE EXCHANGE,2013-07-16,2013-07-19,3475693,544034,814616,565861,1331100,544705,99152,752718,2026-08-04 20:52:24.533665
sp500,E-MINI S&P 500 STOCK INDEX - CHICAGO MERCANTILE EXCHANGE,2013-07-23,2013-07-26,3372109,538090,837393,462948,1367801,518049,97123,777636,2026-08-04 20:52:24.533665
sp500,E-MINI S&P 500 STOCK INDEX - CHICAGO MERCANTILE EXCHANGE,2013-07-30,2013-08-02,3419241,557994,825440,482043,1377543,514942,103397,806769,2026-08-04 20:52:24.533665
sp500,E-MINI S&P 500 STOCK INDEX - CHICAGO MERCANTILE EXCHANGE,2013-08-06,2013-08-09,3449027,522464,823178,521627,1368845,511946,104744,780055,2026-08-04 20:52:24.533665
sp500,E-MINI S&P 500 STOCK INDEX - CHICAGO MERCANTILE EXCHANGE,2013-08-13,2013-08-16,3496308,522996,831439,555824,1347849,523977,103718,759620,2026-08-04 20:52:24.533665
sp500,E-MINI S&P 500 STOCK INDEX - CHICAGO MERCANTILE EXCHANGE,2013-08-20,2013-08-23,3488421,507111,796355,530907,1303751,554881,115183,788991,2026-08-04 20:52:24.533665
sp500,E-MINI S&P 500 STOCK INDEX - CHICAGO MERCANTILE EXCHANGE,2013-08-27,2013-08-30,3639993,526239,832958,593676,1271695,563998,117865,780303,2026-08-04 20:52:24.533665
sp500,E-MINI S&P 500 STOCK INDEX - CHICAGO MERCANTILE EXCHANGE,2013-09-03,2013-09-06,3607884,537995,841251,589473,1244699,540255,116413,762469,2026-08-04 20:52:24.533665
sp500,E-MINI S&P 500 STOCK INDEX - CHICAGO MERCANTILE EXCHANGE,2013-09-10,2013-09-13,3675044,548385,868416,597446,1249834,483842,115804,741730,2026-08-04 20:52:24.533665
sp500,E-MINI S&P 500 STOCK INDEX - CHICAGO MERCANTILE EXCHANGE,2013-09-17,2013-09-20,4073335,589727,866539,760681,1272420,483055,115731,814720,2026-08-04 20:52:24.533665
sp500,E-MINI S&P 500 STOCK INDEX - CHICAGO MERCANTILE EXCHANGE,2013-09-24,2013-09-27,3177367,452704,732857,492008,1228111,470526,131306,750688,2026-08-04 20:52:24.533665
sp500,E-MINI S&P 500 STOCK INDEX - CHICAGO MERCANTILE EXCHANGE,2013-10-01,2013-10-04,3182615,477222,718510,496890,1182368,456979,143249,754264,2026-08-04 20:52:24.533665
sp500,E-MINI S&P 500 STOCK INDEX - CHICAGO MERCANTILE EXCHANGE,2013-10-08,2013-10-11,3425546,501185,720026,628321,1176842,491707,159956,809046,2026-08-04 20:52:24.533665
sp500,E-MINI S&P 500 STOCK INDEX - CHICAGO MERCANTILE EXCHANGE,2013-10-15,2013-10-18,3397242,542730,726444,615842,1169984,483762,150330,781905,2026-08-04 20:52:24.533665
sp500,E-MINI S&P 500 STOCK INDEX - CHICAGO MERCANTILE EXCHANGE,2013-10-22,2013-10-25,3396060,624441,760047,542339,1219940,476160,164022,781533,2026-08-04 20:52:24.533665
sp500,E-MINI S&P 500 STOCK INDEX - CHICAGO MERCANTILE EXCHANGE,2013-10-29,2013-11-01,3509585,628353,772895,607242,1265987,444350,138391,782988,2026-08-04 20:52:24.533665
sp500,E-MINI S&P 500 STOCK INDEX - CHICAGO MERCANTILE EXCHANGE,2013-11-05,2013-11-08,3515951,666557,790844,596658,1240382,441801,143967,792806,2026-08-04 20:52:24.533665
sp500,E-MINI S&P 500 STOCK INDEX - CHICAGO MERCANTILE EXCHANGE,2013-11-12,2013-11-15,3553193,660743,775710,646227,1236632,431348,152030,758260,2026-08-04 20:52:24.533665
sp500,E-MINI S&P 500 STOCK INDEX - CHICAGO MERCANTILE EXCHANGE,2013-11-19,2013-11-22,3518957,648093,777182,581129,1237668,440927,170634,781513,2026-08-04 20:52:24.533665
sp500,E-MINI S&P 500 STOCK INDEX - CHICAGO MERCANTILE EXCHANGE,2013-11-26,2013-11-29,3562020,655827,768795,632706,1230905,441792,167415,777442,2026-08-04 20:52:24.533665
sp500,E-MINI S&P 500 STOCK INDEX - CHICAGO MERCANTILE EXCHANGE,2013-12-03,2013-12-06,3624850,668576,759918,670612,1200329,434104,180490,758116,2026-08-04 20:52:24.533665
sp500,E-MINI S&P 500 STOCK INDEX - CHICAGO MERCANTILE EXCHANGE,2013-12-10,2013-12-13,3682185,646521,766691,707327,1225812,431998,192074,812220,2026-08-04 20:52:24.533665
sp500,E-MINI S&P 500 STOCK INDEX - CHICAGO MERCANTILE EXCHANGE,2013-12-17,2013-12-20,4108187,661011,700824,824010,1232282,476157,177852,852255,2026-08-04 20:52:24.533665
sp500,E-MINI S&P 500 STOCK INDEX - CHICAGO MERCANTILE EXCHANGE,2013-12-24,2013-12-27,3264931,514143,792659,459286,1303345,406896,231174,838623,2026-08-04 20:52:24.533665
sp500,E-MINI S&P 500 STOCK INDEX - CHICAGO MERCANTILE EXCHANGE,2013-12-31,2014-01-03,3283618,535437,796689,454811,1310703,388066,227004,811566,2026-08-04 20:52:24.533665
sp500,E-MINI S&P 500 STOCK INDEX - CHICAGO MERCANTILE EXCHANGE,2014-01-07,2014-01-10,3293045,523998,775445,461847,1316157,388471,218133,859759,2026-08-04 20:52:24.533665
sp500,E-MINI S&P 500 STOCK INDEX - CHICAGO MERCANTILE EXCHANGE,2014-01-14,2014-01-17,3404246,554148,840427,479782,1351343,394368,235695,876571,2026-08-04 20:52:24.533665
sp500,E-MINI S&P 500 STOCK INDEX - CHICAGO MERCANTILE EXCHANGE,2014-01-21,2014-01-24,3278346,523846,883340,374153,1342514,401819,245616,885959,2026-08-04 20:52:24.533665
sp500,E-MINI S&P 500 STOCK INDEX - CHICAGO MERCANTILE EXCHANGE,2014-01-28,2014-01-31,3438046,564783,889034,471799,1263655,436654,229054,862233,2026-08-04 20:52:24.533665
sp500,E-MINI S&P 500 STOCK INDEX - CHICAGO MERCANTILE EXCHANGE,2014-02-04,2014-02-07,3668221,585198,916846,606071,1227848,490702,229919,856095,2026-08-04 20:52:24.533665
sp500,E-MINI S&P 500 STOCK INDEX - CHICAGO MERCANTILE EXCHANGE,2014-02-11,2014-02-14,3693832,562079,1001312,545631,1286377,435901,243515,856883,2026-08-04 20:52:24.533665
sp500,E-MINI S&P 500 STOCK INDEX - CHICAGO MERCANTILE EXCHANGE,2014-02-18,2014-02-21,3796178,584430,1024921,574355,1289425,427291,261370,891402,2026-08-04 20:52:24.533665
sp500,E-MINI S&P 500 STOCK INDEX - CHICAGO MERCANTILE EXCHANGE,2014-02-25,2014-02-28,3715035,575203,989138,507837,1238553,456183,269609,913115,2026-08-04 20:52:24.533665
sp500,E-MINI S&P 500 STOCK INDEX - CHICAGO MERCANTILE EXCHANGE,2014-03-04,2014-03-07,3926887,608521,1036958,590279,1261492,451163,301919,917727,2026-08-04 20:52:24.533665
sp500,E-MINI S&P 500 STOCK INDEX - CHICAGO MERCANTILE EXCHANGE,2014-03-11,2014-03-14,4023639,555271,1019916,627408,1277440,438075,286478,908236,2026-08-04 20:52:24.533665
sp500,E-MINI S&P 500 STOCK INDEX - CHICAGO MERCANTILE EXCHANGE,2014-03-18,2014-03-21,4552015,631851,1021958,722992,1302859,458814,294109,966961,2026-08-04 20:52:24.533665
sp500,E-MINI S&P 500 STOCK INDEX - CHICAGO MERCANTILE EXCHANGE,2014-03-25,2014-03-28,3291759,457370,875345,457786,1351943,376620,221351,817806,2026-08-04 20:52:24.533665
sp500,E-MINI S&P 500 STOCK INDEX - CHICAGO MERCANTILE EXCHANGE,2014-04-01,2014-04-04,3280915,484626,852629,452096,1341120,368998,221927,838097,2026-08-04 20:52:24.533665
sp500,E-MINI S&P 500 STOCK INDEX - CHICAGO MERCANTILE EXCHANGE,2014-04-08,2014-04-11,3299954,465551,856230,479813,1322087,391149,207704,858488,2026-08-04 20:52:24.533665
sp500,E-MINI S&P 500 STOCK INDEX - CHICAGO MERCANTILE EXCHANGE,2014-04-15,2014-04-18,3403849,495231,863917,534788,1296802,411116,215302,831490,2026-08-04 20:52:24.533665
sp500,E-MINI S&P 500 STOCK INDEX - CHICAGO MERCANTILE EXCHANGE,2014-04-22,2014-04-25,3275905,516254,851671,436064,1275235,384781,212464,834359,2026-08-04 20:52:24.533665
sp500,E-MINI S&P 500 STOCK INDEX - CHICAGO MERCANTILE EXCHANGE,2014-04-29,2014-05-02,3358673,532130,857617,451458,1265498,378667,221746,873128,2026-08-04 20:52:24.533665
sp500,E-MINI S&P 500 STOCK INDEX - CHICAGO MERCANTILE EXCHANGE,2014-05-06,2014-05-09,3341011,513449,889201,451245,1282937,391728,229297,802037,2026-08-04 20:52:24.533665
sp500,E-MINI S&P 500 STOCK INDEX - CHICAGO MERCANTILE EXCHANGE,2014-05-13,2014-05-16,3495908,535299,913174,503693,1297024,380017,223666,840230,2026-08-04 20:52:24.533665
sp500,E-MINI S&P 500 STOCK INDEX - CHICAGO MERCANTILE EXCHANGE,2014-05-20,2014-05-23,3405069,511485,945191,421145,1271986,386306,241280,821831,2026-08-04 20:52:24.533665
sp500,E-MINI S&P 500 STOCK INDEX - CHICAGO MERCANTILE EXCHANGE,2014-05-27,2014-05-30,3544148,536842,927489,473616,1301153,383046,234874,869897,2026-08-04 20:52:24.533665
sp500,E-MINI S&P 500 STOCK INDEX - CHICAGO MERCANTILE EXCHANGE,2014-06-03,2014-06-06,3645328,556727,957251,520340,1344829,381402,243676,903054,2026-08-04 20:52:24.533665
sp500,E-MINI S&P 500 STOCK INDEX - CHICAGO MERCANTILE EXCHANGE,2014-06-10,2014-06-13,3896251,573773,1015263,630805,1334593,365034,278095,908622,2026-08-04 20:52:24.533665
sp500,E-MINI S&P 500 STOCK INDEX - CHICAGO MERCANTILE EXCHANGE,2014-06-17,2014-06-20,4230811,615136,1062601,718139,1297753,375583,312602,905569,2026-08-04 20:52:24.533665
sp500,E-MINI S&P 500 STOCK INDEX - CHICAGO MERCANTILE EXCHANGE,2014-06-24,2014-06-27,3357809,416739,993893,462676,1356893,403566,257349,744547,2026-08-04 20:52:24.533665
sp500,E-MINI S&P 500 STOCK INDEX - CHICAGO MERCANTILE EXCHANGE,2014-07-01,2014-07-04,3456278,453635,979851,485412,1352251,426717,255291,778725,2026-08-04 20:52:24.533665
sp500,E-MINI S&P 500 STOCK INDEX - CHICAGO MERCANTILE EXCHANGE,2014-07-08,2014-07-11,3474250,438725,987732,508817,1344172,406754,256701,761574,2026-08-04 20:52:24.533665
sp500,E-MINI S&P 500 STOCK INDEX - CHICAGO MERCANTILE EXCHANGE,2014-07-15,2014-07-18,3515480,457706,920675,561564,1343320,403097,225531,789183,2026-08-04 20:52:24.533665
sp500,E-MINI S&P 500 STOCK INDEX - CHICAGO MERCANTILE EXCHANGE,2014-07-22,2014-07-25,3446201,488583,930950,481032,1343905,406087,211573,792832,2026-08-04 20:52:24.533665
sp500,E-MINI S&P 500 STOCK INDEX - CHICAGO MERCANTILE EXCHANGE,2014-07-29,2014-08-01,3511129,471009,967597,525425,1351674,410305,214609,764991,2026-08-04 20:52:24.533665
sp500,E-MINI S&P 500 STOCK INDEX - CHICAGO MERCANTILE EXCHANGE,2014-08-05,2014-08-08,3606962,537414,958531,607037,1274609,450618,196106,735612,2026-08-04 20:52:24.533665
sp500,E-MINI S&P 500 STOCK INDEX - CHICAGO MERCANTILE EXCHANGE,2014-08-12,2014-08-15,3619261,524819,986418,588884,1290934,461834,204039,748565,2026-08-04 20:52:24.533665
sp500,E-MINI S&P 500 STOCK INDEX - CHICAGO MERCANTILE EXCHANGE,2014-08-19,2014-08-22,3594514,521403,987135,537440,1319616,462851,221871,755392,2026-08-04 20:52:24.533665
sp500,E-MINI S&P 500 STOCK INDEX - CHICAGO MERCANTILE EXCHANGE,2014-08-26,2014-08-29,3712793,512290,940936,625157,1324553,463569,232768,783317,2026-08-04 20:52:24.533665
sp500,E-MINI S&P 500 STOCK INDEX - CHICAGO MERCANTILE EXCHANGE,2014-09-02,2014-09-05,3767564,509886,942226,640878,1311512,464421,252882,782592,2026-08-04 20:52:24.533665
sp500,E-MINI S&P 500 STOCK INDEX - CHICAGO MERCANTILE EXCHANGE,2014-09-09,2014-09-12,3935333,544161,967406,657000,1304855,476423,255350,791360,2026-08-04 20:52:24.533665
sp500,E-MINI S&P 500 STOCK INDEX - CHICAGO MERCANTILE EXCHANGE,2014-09-16,2014-09-19,4361270,588740,1050491,696303,1305021,484412,243040,795794,2026-08-04 20:52:24.533665
sp500,E-MINI S&P 500 STOCK INDEX - CHICAGO MERCANTILE EXCHANGE,2014-09-23,2014-09-26,3373031,442502,902116,528318,1389485,463874,211347,651702,2026-08-04 20:52:24.533665
sp500,E-MINI S&P 500 STOCK INDEX - CHICAGO MERCANTILE EXCHANGE,2014-09-30,2014-10-03,3369497,459915,891912,535091,1355348,475644,197350,632958,2026-08-04 20:52:24.533665
sp500,E-MINI S&P 500 STOCK INDEX - CHICAGO MERCANTILE EXCHANGE,2014-10-07,2014-10-10,3438071,511264,889905,593979,1295001,490711,204157,613775,2026-08-04 20:52:24.533665
sp500,E-MINI S&P 500 STOCK INDEX - CHICAGO MERCANTILE EXCHANGE,2014-10-14,2014-10-17,3715049,518975,866439,770677,1290316,529242,192760,658832,2026-08-04 20:52:24.533665
sp500,E-MINI S&P 500 STOCK INDEX - CHICAGO MERCANTILE EXCHANGE,2014-10-21,2014-10-24,3520301,440064,982937,583808,1305652,525409,227058,593302,2026-08-04 20:52:24.533665
sp500,E-MINI S&P 500 STOCK INDEX - CHICAGO MERCANTILE EXCHANGE,2014-10-28,2014-10-31,3607120,473825,969663,625522,1327500,540585,222021,634249,2026-08-04 20:52:24.533665
sp500,E-MINI S&P 500 STOCK INDEX - CHICAGO MERCANTILE EXCHANGE,2014-11-04,2014-11-07,3654292,510815,824584,705815,1304222,553670,212323,713141,2026-08-04 20:52:24.533665
sp500,E-MINI S&P 500 STOCK INDEX - CHICAGO MERCANTILE EXCHANGE,2014-11-11,2014-11-14,3801031,544312,828701,798127,1326760,540645,215499,752492,2026-08-04 20:52:24.533665
sp500,E-MINI S&P 500 STOCK INDEX - CHICAGO MERCANTILE EXCHANGE,2014-11-18,2014-11-21,3969484,569184,830253,851280,1382954,540186,199690,809505,2026-08-04 20:52:24.533665
sp500,E-MINI S&P 500 STOCK INDEX - CHICAGO MERCANTILE EXCHANGE,2014-11-25,2014-11-28,3798036,578698,843836,673584,1408147,545134,199051,806399,2026-08-04 20:52:24.533665
sp500,E-MINI S&P 500 STOCK INDEX - CHICAGO MERCANTILE EXCHANGE,2014-12-02,2014-12-05,3788594,643529,849383,646374,1386107,542623,196215,832276,2026-08-04 20:52:24.533665
sp500,E-MINI S&P 500 STOCK INDEX - CHICAGO MERCANTILE EXCHANGE,2014-12-09,2014-12-12,3782005,621805,767974,664596,1380307,546489,168713,842982,2026-08-04 20:52:24.533665
sp500,E-MINI S&P 500 STOCK INDEX - CHICAGO MERCANTILE EXCHANGE,2014-12-16,2014-12-19,4155860,659907,694485,852040,1295360,596502,166319,819718,2026-08-04 20:52:24.533665
sp500,E-MINI S&P 500 STOCK INDEX - CHICAGO MERCANTILE EXCHANGE,2014-12-23,2014-12-26,3291481,512995,715450,507644,1374536,483160,189126,832016,2026-08-04 20:52:24.533665
sp500,E-MINI S&P 500 STOCK INDEX - CHICAGO MERCANTILE EXCHANGE,2014-12-30,2015-01-02,3267163,515822,718450,481331,1381466,465130,182641,848274,2026-08-04 20:52:24.533665
sp500,E-MINI S&P 500 STOCK INDEX - CHICAGO MERCANTILE EXCHANGE,2015-01-06,2015-01-09,3245104,553367,667325,460346,1326517,483191,165219,855686,2026-08-04 20:52:24.533665
sp500,E-MINI S&P 500 STOCK INDEX - CHICAGO MERCANTILE EXCHANGE,2015-01-13,2015-01-16,3272512,496732,673746,534008,1341836,486930,163669,797869,2026-08-04 20:52:24.533665
sp500,E-MINI S&P 500 STOCK INDEX - CHICAGO MERCANTILE EXCHANGE,2015-01-20,2015-01-23,3149982,489951,671592,422991,1307435,492330,159643,792241,2026-08-04 20:52:24.533665
sp500,E-MINI S&P 500 STOCK INDEX - CHICAGO MERCANTILE EXCHANGE,2015-01-27,2015-01-30,3146928,470110,659510,433259,1326205,475227,157782,795591,2026-08-04 20:52:24.533665
sp500,E-MINI S&P 500 STOCK INDEX - CHICAGO MERCANTILE EXCHANGE,2015-02-03,2015-02-06,3189609,486291,729773,422488,1309262,516120,150214,749736,2026-08-04 20:52:24.533665
sp500,E-MINI S&P 500 STOCK INDEX - CHICAGO MERCANTILE EXCHANGE,2015-02-10,2015-02-13,3259373,504252,754476,440948,1299989,521128,155413,767606,2026-08-04 20:52:24.533665
sp500,E-MINI S&P 500 STOCK INDEX - CHICAGO MERCANTILE EXCHANGE,2015-02-17,2015-02-20,3327863,489131,747966,481442,1288678,489115,159777,792101,2026-08-04 20:52:24.533665
sp500,E-MINI S&P 500 STOCK INDEX - CHICAGO MERCANTILE EXCHANGE,2015-02-24,2015-02-27,3335355,480605,760811,431928,1314709,494096,181235,808687,2026-08-04 20:52:24.533665
sp500,E-MINI S&P 500 STOCK INDEX - CHICAGO MERCANTILE EXCHANGE,2015-03-03,2015-03-06,3449532,500298,780245,477331,1287218,516560,199205,795029,2026-08-04 20:52:24.533665
sp500,E-MINI S&P 500 STOCK INDEX - CHICAGO MERCANTILE EXCHANGE,2015-03-10,2015-03-13,3719983,519232,867213,502033,1252503,580235,226145,799600,2026-08-04 20:52:24.533665
sp500,E-MINI S&P 500 STOCK INDEX - CHICAGO MERCANTILE EXCHANGE,2015-03-17,2015-03-20,3954330,488446,815112,529854,1256450,598207,223090,815874,2026-08-04 20:52:24.533665
sp500,E-MINI S&P 500 STOCK INDEX - CHICAGO MERCANTILE EXCHANGE,2015-03-24,2015-03-27,3021679,381594,744387,375286,1282323,521631,191310,588401,2026-08-04 20:52:24.533665
sp500,E-MINI S&P 500 STOCK INDEX - CHICAGO MERCANTILE EXCHANGE,2015-03-31,2015-04-03,3101747,404082,750884,416434,1243951,519066,186744,595042,2026-08-04 20:52:24.533665
sp500,E-MINI S&P 500 STOCK INDEX - CHICAGO MERCANTILE EXCHANGE,2015-04-07,2015-04-10,3102632,404081,736129,384023,1239209,517834,176908,612754,2026-08-04 20:52:24.533665
sp500,E-MINI S&P 500 STOCK INDEX - CHICAGO MERCANTILE EXCHANGE,2015-04-14,2015-04-17,3138879,433955,737552,390306,1260951,518352,179336,635733,2026-08-04 20:52:24.533665
sp500,E-MINI S&P 500 STOCK INDEX - CHICAGO MERCANTILE EXCHANGE,2015-04-21,2015-04-24,3135933,464328,722074,376443,1243136,538079,172960,643407,2026-08-04 20:52:24.533665
sp500,E-MINI S&P 500 STOCK INDEX - CHICAGO MERCANTILE EXCHANGE,2015-04-28,2015-05-01,3213264,455773,728527,423205,1266239,538201,177072,642531,2026-08-04 20:52:24.533665
sp500,E-MINI S&P 500 STOCK INDEX - CHICAGO MERCANTILE EXCHANGE,2015-05-05,2015-05-08,3237707,442623,777195,437119,1228423,520381,180492,594755,2026-08-04 20:52:24.533665
sp500,E-MINI S&P 500 STOCK INDEX - CHICAGO MERCANTILE EXCHANGE,2015-05-12,2015-05-15,3275350,449751,735869,459669,1234844,530047,184039,635631,2026-08-04 20:52:24.533665
sp500,E-MINI S&P 500 STOCK INDEX - CHICAGO MERCANTILE EXCHANGE,2015-05-19,2015-05-22,3255995,449794,708780,453392,1258363,512708,187261,647514,2026-08-04 20:52:24.533665
sp500,E-MINI S&P 500 STOCK INDEX - CHICAGO MERCANTILE EXCHANGE,2015-05-26,2015-05-29,3277663,436513,752307,457208,1244705,527176,200607,597515,2026-08-04 20:52:24.533665
sp500,E-MINI S&P 500 STOCK INDEX - CHICAGO MERCANTILE EXCHANGE,2015-06-02,2015-06-05,3352277,461885,736074,458288,1258668,543218,200937,638479,2026-08-04 20:52:24.533665
sp500,E-MINI S&P 500 STOCK INDEX - CHICAGO MERCANTILE EXCHANGE,2015-06-09,2015-06-12,3484127,472622,807506,455459,1210628,568196,212379,597657,2026-08-04 20:52:24.533665
sp500,E-MINI S&P 500 STOCK INDEX - CHICAGO MERCANTILE EXCHANGE,2015-06-16,2015-06-19,3736199,491512,809097,497250,1149740,561914,224373,653849,2026-08-04 20:52:24.533665
sp500,E-MINI S&P 500 STOCK INDEX - CHICAGO MERCANTILE EXCHANGE,2015-06-23,2015-06-26,2997315,357768,813594,346008,1234967,486581,236898,482279,2026-08-04 20:52:24.533665
sp500,E-MINI S&P 500 STOCK INDEX - CHICAGO MERCANTILE EXCHANGE,2015-06-30,2015-07-03,3209171,410927,828777,463984,1178974,520085,240500,476594,2026-08-04 20:52:24.533665
sp500,E-MINI S&P 500 STOCK INDEX - CHICAGO MERCANTILE EXCHANGE,2015-07-07,2015-07-10,3234848,377641,817693,447651,1191244,529739,246871,506387,2026-08-04 20:52:24.533665
sp500,E-MINI S&P 500 STOCK INDEX - CHICAGO MERCANTILE EXCHANGE,2015-07-14,2015-07-17,3204193,381585,775527,447336,1190567,523680,229393,509420,2026-08-04 20:52:24.533665
sp500,E-MINI S&P 500 STOCK INDEX - CHICAGO MERCANTILE EXCHANGE,2015-07-21,2015-07-24,3143902,431277,790438,403606,1202844,507756,223826,540615,2026-08-04 20:52:24.533665
sp500,E-MINI S&P 500 STOCK INDEX - CHICAGO MERCANTILE EXCHANGE,2015-07-28,2015-07-31,3222201,471121,772782,424376,1165316,540797,247470,557475,2026-08-04 20:52:24.533665
sp500,E-MINI S&P 500 STOCK INDEX - CHICAGO MERCANTILE EXCHANGE,2015-08-04,2015-08-07,3219894,454910,784402,412211,1135772,544983,279365,538830,2026-08-04 20:52:24.533665
sp500,E-MINI S&P 500 STOCK INDEX - CHICAGO MERCANTILE EXCHANGE,2015-08-11,2015-08-14,3327909,460512,820436,442842,1153263,557727,296980,556279,2026-08-04 20:52:24.533665
sp500,E-MINI S&P 500 STOCK INDEX - CHICAGO MERCANTILE EXCHANGE,2015-08-18,2015-08-21,3382699,473521,807334,458542,1142022,571441,309614,586191,2026-08-04 20:52:24.533665
sp500,E-MINI S&P 500 STOCK INDEX - CHICAGO MERCANTILE EXCHANGE,2015-08-25,2015-08-28,4395328,499775,794904,973753,1086754,746667,402542,669638,2026-08-04 20:52:24.533665
sp500,E-MINI S&P 500 STOCK INDEX - CHICAGO MERCANTILE EXCHANGE,2015-09-01,2015-09-04,4211053,455570,859760,776015,1003944,786132,545186,572971,2026-08-04 20:52:24.533665
sp500,E-MINI S&P 500 STOCK INDEX - CHICAGO MERCANTILE EXCHANGE,2015-09-08,2015-09-11,4130190,400968,872769,666297,999010,829409,596935,485491,2026-08-04 20:52:24.533665
sp500,E-MINI S&P 500 STOCK INDEX - CHICAGO MERCANTILE EXCHANGE,2015-09-15,2015-09-18,4364534,378814,898914,707759,1026951,842091,635742,493801,2026-08-04 20:52:24.533665
sp500,E-MINI S&P 500 STOCK INDEX - CHICAGO MERCANTILE EXCHANGE,2015-09-22,2015-09-25,3526351,390044,862447,475310,976106,823264,580624,318163,2026-08-04 20:52:24.533665
sp500,E-MINI S&P 500 STOCK INDEX - CHICAGO MERCANTILE EXCHANGE,2015-09-29,2015-10-02,3734451,431908,891961,625270,968369,807258,566277,347754,2026-08-04 20:52:24.533665
sp500,E-MINI S&P 500 STOCK INDEX - CHICAGO MERCANTILE EXCHANGE,2015-10-06,2015-10-09,3572385,351805,945607,483761,1076494,741832,586886,357638,2026-08-04 20:52:24.533665
sp500,E-MINI S&P 500 STOCK INDEX - CHICAGO MERCANTILE EXCHANGE,2015-10-13,2015-10-16,3590395,344640,943895,513203,1151996,716416,536805,363066,2026-08-04 20:52:24.533665
sp500,E-MINI S&P 500 STOCK INDEX - CHICAGO MERCANTILE EXCHANGE,2015-10-20,2015-10-23,3537665,340333,957370,430493,1194570,717526,550707,378675,2026-08-04 20:52:24.533665
sp500,E-MINI S&P 500 STOCK INDEX - CHICAGO MERCANTILE EXCHANGE,2015-10-27,2015-10-30,3464035,347124,877362,468970,1227611,675076,473735,382096,2026-08-04 20:52:24.533665
sp500,E-MINI S&P 500 STOCK INDEX - CHICAGO MERCANTILE EXCHANGE,2015-11-03,2015-11-06,3546291,361250,856103,525286,1255883,661710,489517,382267,2026-08-04 20:52:24.533665
sp500,E-MINI S&P 500 STOCK INDEX - CHICAGO MERCANTILE EXCHANGE,2015-11-10,2015-11-13,3584639,411355,911265,504500,1188342,666719,529314,377979,2026-08-04 20:52:24.533665
sp500,E-MINI S&P 500 STOCK INDEX - CHICAGO MERCANTILE EXCHANGE,2015-11-17,2015-11-20,3585011,376274,846589,558249,1093976,676397,530253,354835,2026-08-04 20:52:24.533665
sp500,E-MINI S&P 500 STOCK INDEX - CHICAGO MERCANTILE EXCHANGE,2015-11-24,2015-11-27,3436366,424296,784633,431498,1092213,675476,510505,377035,2026-08-04 20:52:24.533665
sp500,E-MINI S&P 500 STOCK INDEX - CHICAGO MERCANTILE EXCHANGE,2015-12-01,2015-12-04,3438999,442496,771083,432478,1077551,659282,501280,396587,2026-08-04 20:52:24.533665
sp500,E-MINI S&P 500 STOCK INDEX - CHICAGO MERCANTILE EXCHANGE,2015-12-08,2015-12-11,3507655,446079,735693,505623,1051650,647525,445315,403228,2026-08-04 20:52:24.533665
sp500,E-MINI S&P 500 STOCK INDEX - CHICAGO MERCANTILE EXCHANGE,2015-12-15,2015-12-18,3802327,459369,675176,586798,1029327,692697,389826,390504,2026-08-04 20:52:24.533665
sp500,E-MINI S&P 500 STOCK INDEX - CHICAGO MERCANTILE EXCHANGE,2015-12-22,2015-12-25,3028253,360514,630859,397265,1066357,725193,226078,323041,2026-08-04 20:52:24.533665
sp500,E-MINI S&P 500 STOCK INDEX - CHICAGO MERCANTILE EXCHANGE,2015-12-29,2016-01-01,2981301,327264,610713,399596,1112717,697310,221813,325529,2026-08-04 20:52:24.533665
sp500,E-MINI S&P 500 STOCK INDEX - CHICAGO MERCANTILE EXCHANGE,2016-01-05,2016-01-08,3035892,307510,613034,395010,1050230,758056,239483,313607,2026-08-04 20:52:24.533665
sp500,E-MINI S&P 500 STOCK INDEX - CHICAGO MERCANTILE EXCHANGE,2016-01-12,2016-01-15,3412374,307341,598698,530002,1064347,852835,304427,324487,2026-08-04 20:52:24.533665
sp500,E-MINI S&P 500 STOCK INDEX - CHICAGO MERCANTILE EXCHANGE,2016-01-19,2016-01-22,3519255,314616,726702,496399,1096696,910151,380935,331789,2026-08-04 20:52:24.533665
sp500,E-MINI S&P 500 STOCK INDEX - CHICAGO MERCANTILE EXCHANGE,2016-01-26,2016-01-29,3547471,375515,726226,507211,1118194,952612,386999,353215,2026-08-04 20:52:24.533665
sp500,E-MINI S&P 500 STOCK INDEX - CHICAGO MERCANTILE EXCHANGE,2016-02-02,2016-02-05,3624457,340360,783416,501527,1149061,924450,411879,334592,2026-08-04 20:52:24.533665
sp500,E-MINI S&P 500 STOCK INDEX - CHICAGO MERCANTILE EXCHANGE,2016-02-09,2016-02-12,3829352,353983,752985,556037,1163603,961666,397661,366979,2026-08-04 20:52:24.533665
sp500,E-MINI S&P 500 STOCK INDEX - CHICAGO MERCANTILE EXCHANGE,2016-02-16,2016-02-19,3842637,374865,755628,557324,1143909,949043,394749,386083,2026-08-04 20:52:24.533665
sp500,E-MINI S&P 500 STOCK INDEX - CHICAGO MERCANTILE EXCHANGE,2016-02-23,2016-02-26,3639563,364311,737800,351542,1163488,919480,384041,385530,2026-08-04 20:52:24.533665
sp500,E-MINI S&P 500 STOCK INDEX - CHICAGO MERCANTILE EXCHANGE,2016-03-01,2016-03-04,3729589,366958,735770,398300,1125834,891770,411140,407761,2026-08-04 20:52:24.533665
sp500,E-MINI S&P 500 STOCK INDEX - CHICAGO MERCANTILE EXCHANGE,2016-03-08,2016-03-11,3909935,388602,788419,495383,1127818,949806,444311,393742,2026-08-04 20:52:24.533665
sp500,E-MINI S&P 500 STOCK INDEX - CHICAGO MERCANTILE EXCHANGE,2016-03-15,2016-03-18,4106027,405028,759092,591145,1162303,992766,462492,403158,2026-08-04 20:52:24.533665
sp500,E-MINI S&P 500 STOCK INDEX - CHICAGO MERCANTILE EXCHANGE,2016-03-22,2016-03-25,3372010,359057,689405,436054,1207566,919079,535040,268721,2026-08-04 20:52:24.533665
sp500,E-MINI S&P 500 STOCK INDEX - CHICAGO MERCANTILE EXCHANGE,2016-03-29,2016-04-01,3416045,367728,701759,442197,1189746,942458,552270,265222,2026-08-04 20:52:24.533665
sp500,E-MINI S&P 500 STOCK INDEX - CHICAGO MERCANTILE EXCHANGE,2016-04-05,2016-04-08,3486672,404616,706577,485743,1167288,925885,539078,284328,2026-08-04 20:52:24.533665
sp500,E-MINI S&P 500 STOCK INDEX - CHICAGO MERCANTILE EXCHANGE,2016-04-12,2016-04-15,3527263,377237,670703,545426,1197476,919113,489286,284685,2026-08-04 20:52:24.533665
sp500,E-MINI S&P 500 STOCK INDEX - CHICAGO MERCANTILE EXCHANGE,2016-04-19,2016-04-22,3550616,410135,677906,558870,1273678,859770,441511,324936,2026-08-04 20:52:24.533665
sp500,E-MINI S&P 500 STOCK INDEX - CHICAGO MERCANTILE EXCHANGE,2016-04-26,2016-04-29,3558876,440238,643609,553951,1291809,891721,389346,324593,2026-08-04 20:52:24.533665
sp500,E-MINI S&P 500 STOCK INDEX - CHICAGO MERCANTILE EXCHANGE,2016-05-03,2016-05-06,3466292,424647,634768,513323,1240422,894446,385938,287839,2026-08-04 20:52:24.533665
sp500,E-MINI S&P 500 STOCK INDEX - CHICAGO MERCANTILE EXCHANGE,2016-05-10,2016-05-13,3537761,428155,662933,542059,1249661,863362,381372,301948,2026-08-04 20:52:24.533665
sp500,E-MINI S&P 500 STOCK INDEX - CHICAGO MERCANTILE EXCHANGE,2016-05-17,2016-05-20,3549147,401034,700130,551802,1276442,878873,377538,297010,2026-08-04 20:52:24.533665
sp500,E-MINI S&P 500 STOCK INDEX - CHICAGO MERCANTILE EXCHANGE,2016-05-24,2016-05-27,3600393,481929,776507,513057,1329434,896714,363715,326069,2026-08-04 20:52:24.533665
sp500,E-MINI S&P 500 STOCK INDEX - CHICAGO MERCANTILE EXCHANGE,2016-05-31,2016-06-03,3631309,479104,798366,511208,1316560,887196,407697,329084,2026-08-04 20:52:24.533665
sp500,E-MINI S&P 500 STOCK INDEX - CHICAGO MERCANTILE EXCHANGE,2016-06-07,2016-06-10,3829802,467660,883863,547760,1337845,891876,443278,336050,2026-08-04 20:52:24.533665
sp500,E-MINI S&P 500 STOCK INDEX - CHICAGO MERCANTILE EXCHANGE,2016-06-14,2016-06-17,4128717,480696,763060,664966,1279228,904799,373887,336958,2026-08-04 20:52:24.533665
sp500,E-MINI S&P 500 STOCK INDEX - CHICAGO MERCANTILE EXCHANGE,2016-06-21,2016-06-24,3407993,347827,684993,491385,1318155,1004139,291072,198209,2026-08-04 20:52:24.533665
sp500,E-MINI S&P 500 STOCK INDEX - CHICAGO MERCANTILE EXCHANGE,2016-06-28,2016-07-01,3638117,342812,738096,553188,1238711,1043163,420822,155905,2026-08-04 20:52:24.533665
sp500,E-MINI S&P 500 STOCK INDEX - CHICAGO MERCANTILE EXCHANGE,2016-07-05,2016-07-08,3622563,341133,792620,495228,1312628,1006745,415954,191395,2026-08-04 20:52:24.533665
sp500,E-MINI S&P 500 STOCK INDEX - CHICAGO MERCANTILE EXCHANGE,2016-07-12,2016-07-15,3811270,384026,721315,668350,1326998,986492,332492,235790,2026-08-04 20:52:24.533665
sp500,E-MINI S&P 500 STOCK INDEX - CHICAGO MERCANTILE EXCHANGE,2016-07-19,2016-07-22,3704975,398963,699635,584651,1400562,965477,287026,300343,2026-08-04 20:52:24.533665
sp500,E-MINI S&P 500 STOCK INDEX - CHICAGO MERCANTILE EXCHANGE,2016-07-26,2016-07-29,3721201,416250,715730,589880,1389361,953170,285892,289951,2026-08-04 20:52:24.533665
sp500,E-MINI S&P 500 STOCK INDEX - CHICAGO MERCANTILE EXCHANGE,2016-08-02,2016-08-05,3641330,441689,754688,532879,1338131,929114,299372,261218,2026-08-04 20:52:24.533665
sp500,E-MINI S&P 500 STOCK INDEX - CHICAGO MERCANTILE EXCHANGE,2016-08-09,2016-08-12,3666955,405989,720870,579516,1373924,910681,282162,275712,2026-08-04 20:52:24.533665
sp500,E-MINI S&P 500 STOCK INDEX - CHICAGO MERCANTILE EXCHANGE,2016-08-16,2016-08-19,3727645,425819,698813,599938,1380999,925838,275263,289957,2026-08-04 20:52:24.533665
sp500,E-MINI S&P 500 STOCK INDEX - CHICAGO MERCANTILE EXCHANGE,2016-08-23,2016-08-26,3701944,475223,728320,512918,1388312,897834,275287,314665,2026-08-04 20:52:24.533665
sp500,E-MINI S&P 500 STOCK INDEX - CHICAGO MERCANTILE EXCHANGE,2016-08-30,2016-09-02,3756888,479358,711347,529545,1384962,893360,272875,321549,2026-08-04 20:52:24.533665
sp500,E-MINI S&P 500 STOCK INDEX - CHICAGO MERCANTILE EXCHANGE,2016-09-06,2016-09-09,3842572,471031,727927,564652,1394064,892016,286747,313166,2026-08-04 20:52:24.533665
sp500,E-MINI S&P 500 STOCK INDEX - CHICAGO MERCANTILE EXCHANGE,2016-09-13,2016-09-16,4350603,439266,712370,727429,1323905,940444,294405,316689,2026-08-04 20:52:24.533665
sp500,E-MINI S&P 500 STOCK INDEX - CHICAGO MERCANTILE EXCHANGE,2016-09-20,2016-09-23,3553247,336444,706000,515746,1386748,948196,357502,365173,2026-08-04 20:52:24.533665
sp500,E-MINI S&P 500 STOCK INDEX - CHICAGO MERCANTILE EXCHANGE,2016-09-27,2016-09-30,3515169,331945,743144,496509,1387546,923401,361702,337247,2026-08-04 20:52:24.533665
sp500,E-MINI S&P 500 STOCK INDEX - CHICAGO MERCANTILE EXCHANGE,2016-10-04,2016-10-07,3566103,362972,794835,483599,1334281,920116,376290,324863,2026-08-04 20:52:24.533665
sp500,E-MINI S&P 500 STOCK INDEX - CHICAGO MERCANTILE EXCHANGE,2016-10-11,2016-10-14,3621004,343878,799715,500564,1316595,940398,378360,313422,2026-08-04 20:52:24.533665
sp500,E-MINI S&P 500 STOCK INDEX - CHICAGO MERCANTILE EXCHANGE,2016-10-18,2016-10-21,3611632,345929,733252,509248,1338487,985707,363306,351348,2026-08-04 20:52:24.533665
sp500,E-MINI S&P 500 STOCK INDEX - CHICAGO MERCANTILE EXCHANGE,2016-10-25,2016-10-28,3579834,377127,778355,436704,1360162,994645,398527,344677,2026-08-04 20:52:24.533665
sp500,E-MINI S&P 500 STOCK INDEX - CHICAGO MERCANTILE EXCHANGE,2016-11-01,2016-11-04,3683497,396361,707614,539929,1263724,1000534,368635,357053,2026-08-04 20:52:24.533665
sp500,E-MINI S&P 500 STOCK INDEX - CHICAGO MERCANTILE EXCHANGE,2016-11-08,2016-11-11,3682780,433988,627199,610848,1239745,1009503,315055,352007,2026-08-04 20:52:24.533665
sp500,E-MINI S&P 500 STOCK INDEX - CHICAGO MERCANTILE EXCHANGE,2016-11-15,2016-11-18,3666527,412262,626023,615525,1261047,979472,294512,336761,2026-08-04 20:52:24.533665
sp500,E-MINI S&P 500 STOCK INDEX - CHICAGO MERCANTILE EXCHANGE,2016-11-22,2016-11-25,3745441,434668,672914,557584,1284825,998286,329347,337158,2026-08-04 20:52:24.533665
sp500,E-MINI S&P 500 STOCK INDEX - CHICAGO MERCANTILE EXCHANGE,2016-11-29,2016-12-02,3790228,432174,714616,549120,1335508,1003858,335595,347825,2026-08-04 20:52:24.533665
sp500,E-MINI S&P 500 STOCK INDEX - CHICAGO MERCANTILE EXCHANGE,2016-12-06,2016-12-09,3712794,421879,655576,516269,1248928,1000882,365505,353759,2026-08-04 20:52:24.533665
sp500,E-MINI S&P 500 STOCK INDEX - CHICAGO MERCANTILE EXCHANGE,2016-12-13,2016-12-16,4380448,460437,744984,797928,1295236,974337,389047,375450,2026-08-04 20:52:24.533665
sp500,E-MINI S&P 500 STOCK INDEX - CHICAGO MERCANTILE EXCHANGE,2016-12-20,2016-12-23,3392861,334589,536326,526859,1383110,954976,307331,393057,2026-08-04 20:52:24.533665
sp500,E-MINI S&P 500 STOCK INDEX - CHICAGO MERCANTILE EXCHANGE,2016-12-27,2016-12-30,3343028,362915,513009,490055,1355085,970666,299476,382701,2026-08-04 20:52:24.533665
sp500,E-MINI S&P 500 STOCK INDEX - CHICAGO MERCANTILE EXCHANGE,2017-01-03,2017-01-06,3361532,410165,490788,464693,1369635,965885,255185,434911,2026-08-04 20:52:24.533665
sp500,E-MINI S&P 500 STOCK INDEX - CHICAGO MERCANTILE EXCHANGE,2017-01-10,2017-01-13,3428312,395760,566907,481572,1409243,940140,263928,429440,2026-08-04 20:52:24.533665
sp500,E-MINI S&P 500 STOCK INDEX - CHICAGO MERCANTILE EXCHANGE,2017-01-17,2017-01-20,3423674,361008,607778,490175,1411585,892568,265378,409758,2026-08-04 20:52:24.533665
sp500,E-MINI S&P 500 STOCK INDEX - CHICAGO MERCANTILE EXCHANGE,2017-01-24,2017-01-27,3432172,383384,634777,452621,1399915,851204,273377,467679,2026-08-04 20:52:24.533665
sp500,E-MINI S&P 500 STOCK INDEX - CHICAGO MERCANTILE EXCHANGE,2017-01-31,2017-02-03,3414945,390107,597977,460347,1408914,840999,257246,476615,2026-08-04 20:52:24.533665
sp500,E-MINI S&P 500 STOCK INDEX - CHICAGO MERCANTILE EXCHANGE,2017-02-07,2017-02-10,3482547,391938,619070,474771,1418669,852632,275187,475187,2026-08-04 20:52:24.533665
sp500,E-MINI S&P 500 STOCK INDEX - CHICAGO MERCANTILE EXCHANGE,2017-02-14,2017-02-17,3785772,422629,629681,621857,1432146,837989,278058,512651,2026-08-04 20:52:24.533665
sp500,E-MINI S&P 500 STOCK INDEX - CHICAGO MERCANTILE EXCHANGE,2017-02-21,2017-02-24,3769997,428566,608708,612945,1454926,798538,260839,554428,2026-08-04 20:52:24.533665
sp500,E-MINI S&P 500 STOCK INDEX - CHICAGO MERCANTILE EXCHANGE,2017-02-28,2017-03-03,3824725,452304,647847,607208,1448637,783685,247769,574887,2026-08-04 20:52:24.533665
sp500,E-MINI S&P 500 STOCK INDEX - CHICAGO MERCANTILE EXCHANGE,2017-03-07,2017-03-10,3977066,490427,594422,663234,1413183,780480,234774,622473,2026-08-04 20:52:24.533665
sp500,E-MINI S&P 500 STOCK INDEX - CHICAGO MERCANTILE EXCHANGE,2017-03-14,2017-03-17,4325563,490420,634088,730847,1474022,789573,248968,640230,2026-08-04 20:52:24.533665
sp500,E-MINI S&P 500 STOCK INDEX - CHICAGO MERCANTILE EXCHANGE,2017-03-21,2017-03-24,3477642,361404,632114,504588,1481235,861102,237313,476164,2026-08-04 20:52:24.533665
sp500,E-MINI S&P 500 STOCK INDEX - CHICAGO MERCANTILE EXCHANGE,2017-03-28,2017-03-31,3485864,387774,618315,520636,1485728,841867,227218,504097,2026-08-04 20:52:24.533665
sp500,E-MINI S&P 500 STOCK INDEX - CHICAGO MERCANTILE EXCHANGE,2017-04-04,2017-04-07,3395892,381927,578935,465572,1464626,811166,236463,520003,2026-08-04 20:52:24.533665
sp500,E-MINI S&P 500 STOCK INDEX - CHICAGO MERCANTILE EXCHANGE,2017-04-11,2017-04-14,3504131,412841,599850,523970,1460689,799178,206732,506391,2026-08-04 20:52:24.533665
sp500,E-MINI S&P 500 STOCK INDEX - CHICAGO MERCANTILE EXCHANGE,2017-04-18,2017-04-21,3553981,425099,625804,534339,1446087,790037,205726,533941,2026-08-04 20:52:24.533665
sp500,E-MINI S&P 500 STOCK INDEX - CHICAGO MERCANTILE EXCHANGE,2017-04-25,2017-04-28,3542716,480493,671835,491013,1446600,710486,210225,581612,2026-08-04 20:52:24.533665
sp500,E-MINI S&P 500 STOCK INDEX - CHICAGO MERCANTILE EXCHANGE,2017-05-02,2017-05-05,3518416,447899,650015,477581,1472960,715378,232153,581783,2026-08-04 20:52:24.533665
sp500,E-MINI S&P 500 STOCK INDEX - CHICAGO MERCANTILE EXCHANGE,2017-05-09,2017-05-12,3597643,475356,662998,476909,1398662,757724,245561,555330,2026-08-04 20:52:24.533665
sp500,E-MINI S&P 500 STOCK INDEX - CHICAGO MERCANTILE EXCHANGE,2017-05-16,2017-05-19,3630236,456699,664877,470755,1400691,782021,279714,542311,2026-08-04 20:52:24.533665
sp500,E-MINI S&P 500 STOCK INDEX - CHICAGO MERCANTILE EXCHANGE,2017-05-23,2017-05-26,3628133,497171,686298,455955,1373129,756943,266758,510425,2026-08-04 20:52:24.533665
sp500,E-MINI S&P 500 STOCK INDEX - CHICAGO MERCANTILE EXCHANGE,2017-05-30,2017-06-02,3652854,520324,698304,463940,1393457,765608,258886,511504,2026-08-04 20:52:24.533665
sp500,E-MINI S&P 500 STOCK INDEX - CHICAGO MERCANTILE EXCHANGE,2017-06-06,2017-06-09,3774719,525518,705900,516061,1351562,744431,270292,517788,2026-08-04 20:52:24.533665
sp500,E-MINI S&P 500 STOCK INDEX - CHICAGO MERCANTILE EXCHANGE,2017-06-13,2017-06-16,4109014,518600,694404,546298,1360588,741051,262361,521691,2026-08-04 20:52:24.533665
sp500,E-MINI S&P 500 STOCK INDEX - CHICAGO MERCANTILE EXCHANGE,2017-06-20,2017-06-23,3311900,313325,582199,406398,1483453,759853,179911,531380,2026-08-04 20:52:24.533665
sp500,E-MINI S&P 500 STOCK INDEX - CHICAGO MERCANTILE EXCHANGE,2017-06-27,2017-06-30,3376872,352789,573564,441575,1439401,780155,193402,532689,2026-08-04 20:52:24.533665
sp500,E-MINI S&P 500 STOCK INDEX - CHICAGO MERCANTILE EXCHANGE,2017-07-03,2017-07-06,3324750,354289,479826,428381,1423880,805460,196220,558766,2026-08-04 20:52:24.533665
sp500,E-MINI S&P 500 STOCK INDEX - CHICAGO MERCANTILE EXCHANGE,2017-07-11,2017-07-14,3317966,362923,483049,424174,1444310,759638,172676,585787,2026-08-04 20:52:24.533665
sp500,E-MINI S&P 500 STOCK INDEX - CHICAGO MERCANTILE EXCHANGE,2017-07-18,2017-07-21,3437416,402211,531229,464778,1468509,756603,213773,602519,2026-08-04 20:52:24.533665
sp500,E-MINI S&P 500 STOCK INDEX - CHICAGO MERCANTILE EXCHANGE,2017-07-25,2017-07-28,3496863,408949,563532,454680,1536401,779921,223513,638449,2026-08-04 20:52:24.533665
sp500,E-MINI S&P 500 STOCK INDEX - CHICAGO MERCANTILE EXCHANGE,2017-08-01,2017-08-04,3568026,387785,626829,465952,1576544,781228,252483,595758,2026-08-04 20:52:24.533665
sp500,E-MINI S&P 500 STOCK INDEX - CHICAGO MERCANTILE EXCHANGE,2017-08-08,2017-08-11,3663407,373609,644656,497769,1624321,783959,251105,606885,2026-08-04 20:52:24.533665
sp500,E-MINI S&P 500 STOCK INDEX - CHICAGO MERCANTILE EXCHANGE,2017-08-15,2017-08-18,3770556,420916,579544,563878,1587925,779758,241378,660081,2026-08-04 20:52:24.533665
sp500,E-MINI S&P 500 STOCK INDEX - CHICAGO MERCANTILE EXCHANGE,2017-08-22,2017-08-25,3817503,471230,589063,544327,1555340,780980,226655,698525,2026-08-04 20:52:24.533665
sp500,E-MINI S&P 500 STOCK INDEX - CHICAGO MERCANTILE EXCHANGE,2017-08-29,2017-09-01,3896720,499078,577115,555881,1570931,799234,246416,738884,2026-08-04 20:52:24.533665
sp500,E-MINI S&P 500 STOCK INDEX - CHICAGO MERCANTILE EXCHANGE,2017-09-05,2017-09-08,3922247,462623,591136,546105,1546626,780738,269979,706572,2026-08-04 20:52:24.533665
sp500,E-MINI S&P 500 STOCK INDEX - CHICAGO MERCANTILE EXCHANGE,2017-09-12,2017-09-15,4359634,492412,642366,619630,1616332,780819,249638,686710,2026-08-04 20:52:24.533665
sp500,E-MINI S&P 500 STOCK INDEX - CHICAGO MERCANTILE EXCHANGE,2017-09-19,2017-09-22,3642408,333888,623673,472969,1763845,767114,172689,661114,2026-08-04 20:52:24.533665
sp500,E-MINI S&P 500 STOCK INDEX - CHICAGO MERCANTILE EXCHANGE,2017-09-26,2017-09-29,3607159,335252,628300,459350,1703172,765669,187465,629694,2026-08-04 20:52:24.533665
sp500,E-MINI S&P 500 STOCK INDEX - CHICAGO MERCANTILE EXCHANGE,2017-10-03,2017-10-06,3618882,383166,590874,490987,1606373,767237,195527,613738,2026-08-04 20:52:24.533665
sp500,E-MINI S&P 500 STOCK INDEX - CHICAGO MERCANTILE EXCHANGE,2017-10-10,2017-10-13,3770313,402557,587993,579763,1602621,751994,212398,675961,2026-08-04 20:52:24.533665
sp500,E-MINI S&P 500 STOCK INDEX - CHICAGO MERCANTILE EXCHANGE,2017-10-17,2017-10-20,3811622,391021,577486,595003,1591745,761346,222045,662470,2026-08-04 20:52:24.533665
sp500,E-MINI S&P 500 STOCK INDEX - CHICAGO MERCANTILE EXCHANGE,2017-10-24,2017-10-27,3874093,427717,604427,565211,1583491,750919,253774,728784,2026-08-04 20:52:24.533665
sp500,E-MINI S&P 500 STOCK INDEX - CHICAGO MERCANTILE EXCHANGE,2017-10-31,2017-11-03,3867339,442236,575215,556358,1555930,742227,260974,766800,2026-08-04 20:52:24.533665
sp500,E-MINI S&P 500 STOCK INDEX - CHICAGO MERCANTILE EXCHANGE,2017-11-07,2017-11-10,3995978,489481,658369,604008,1531264,745905,273612,716908,2026-08-04 20:52:24.533665
sp500,E-MINI S&P 500 STOCK INDEX - CHICAGO MERCANTILE EXCHANGE,2017-11-14,2017-11-17,4024978,502293,637970,606763,1514721,726818,252110,738533,2026-08-04 20:52:24.533665
sp500,E-MINI S&P 500 STOCK INDEX - CHICAGO MERCANTILE EXCHANGE,2017-11-21,2017-11-24,4021395,530657,641470,537748,1493830,724724,267560,707241,2026-08-04 20:52:24.533665
sp500,E-MINI S&P 500 STOCK INDEX - CHICAGO MERCANTILE EXCHANGE,2017-11-28,2017-12-01,4174520,551302,666777,618510,1503235,727641,266926,697484,2026-08-04 20:52:24.533665
sp500,E-MINI S&P 500 STOCK INDEX - CHICAGO MERCANTILE EXCHANGE,2017-12-05,2017-12-08,4328213,573404,659324,683486,1435167,707079,295909,737457,2026-08-04 20:52:24.533665
sp500,E-MINI S&P 500 STOCK INDEX - CHICAGO MERCANTILE EXCHANGE,2017-12-12,2017-12-15,4709472,495933,650537,716008,1452269,716715,285395,781931,2026-08-04 20:52:24.533665
sp500,E-MINI S&P 500 STOCK INDEX - CHICAGO MERCANTILE EXCHANGE,2017-12-19,2017-12-22,3708115,390291,558290,547506,1540844,724052,196282,755026,2026-08-04 20:52:24.533665
sp500,E-MINI S&P 500 STOCK INDEX - CHICAGO MERCANTILE EXCHANGE,2017-12-26,2017-12-29,3753674,404331,566097,524784,1538461,734543,228359,822729,2026-08-04 20:52:24.533665
sp500,E-MINI S&P 500 STOCK INDEX - CHICAGO MERCANTILE EXCHANGE,2018-01-02,2018-01-05,3674516,349594,507830,484732,1587051,723917,215628,880592,2026-08-04 20:52:24.533665
sp500,E-MINI S&P 500 STOCK INDEX - CHICAGO MERCANTILE EXCHANGE,2018-01-09,2018-01-12,4104215,363454,627245,648699,1720987,710361,224742,927877,2026-08-04 20:52:24.533665
sp500,E-MINI S&P 500 STOCK INDEX - CHICAGO MERCANTILE EXCHANGE,2018-01-16,2018-01-19,4365042,421825,617568,792743,1736248,710297,214045,969379,2026-08-04 20:52:24.533665
sp500,E-MINI S&P 500 STOCK INDEX - CHICAGO MERCANTILE EXCHANGE,2018-01-23,2018-01-26,4403978,462456,629887,767982,1776843,700466,237185,1022423,2026-08-04 20:52:24.533665
sp500,E-MINI S&P 500 STOCK INDEX - CHICAGO MERCANTILE EXCHANGE,2018-01-30,2018-02-02,4432407,484997,572760,780423,1686790,677088,224820,1092622,2026-08-04 20:52:24.533665
sp500,E-MINI S&P 500 STOCK INDEX - CHICAGO MERCANTILE EXCHANGE,2018-02-06,2018-02-09,4883927,528850,509386,1089780,1595462,710927,276830,1123326,2026-08-04 20:52:24.533665
sp500,E-MINI S&P 500 STOCK INDEX - CHICAGO MERCANTILE EXCHANGE,2018-02-13,2018-02-16,4662612,431477,485964,1054246,1473963,710293,287484,1056242,2026-08-04 20:52:24.533665
sp500,E-MINI S&P 500 STOCK INDEX - CHICAGO MERCANTILE EXCHANGE,2018-02-20,2018-02-23,4290823,381276,550541,766816,1565144,687150,329078,1051597,2026-08-04 20:52:24.533665
sp500,E-MINI S&P 500 STOCK INDEX - CHICAGO MERCANTILE EXCHANGE,2018-02-27,2018-03-02,4220396,383956,568548,698164,1585075,667750,322465,1073596,2026-08-04 20:52:24.533665
sp500,E-MINI S&P 500 STOCK INDEX - CHICAGO MERCANTILE EXCHANGE,2018-03-06,2018-03-09,4179588,418516,529571,698495,1493525,682598,329644,1046443,2026-08-04 20:52:24.533665
sp500,E-MINI S&P 500 STOCK INDEX - CHICAGO MERCANTILE EXCHANGE,2018-03-13,2018-03-16,4669029,453973,589789,764294,1507458,665483,343188,1021462,2026-08-04 20:52:24.533665
sp500,E-MINI S&P 500 STOCK INDEX - CHICAGO MERCANTILE EXCHANGE,2018-03-20,2018-03-23,3465646,321761,454663,554484,1407584,656732,154856,786520,2026-08-04 20:52:24.533665
sp500,E-MINI S&P 500 STOCK INDEX - CHICAGO MERCANTILE EXCHANGE,2018-03-27,2018-03-30,3877065,407436,399034,701271,1255127,679244,181275,878082,2026-08-04 20:52:24.533665
sp500,E-MINI S&P 500 STOCK INDEX - CHICAGO MERCANTILE EXCHANGE,2018-04-03,2018-04-06,3867602,383391,407027,646090,1233235,732182,199916,857784,2026-08-04 20:52:24.533665
sp500,E-MINI S&P 500 STOCK INDEX - CHICAGO MERCANTILE EXCHANGE,2018-04-10,2018-04-13,3864451,369276,423836,661854,1214803,651614,197823,893804,2026-08-04 20:52:24.533665
sp500,E-MINI S&P 500 STOCK INDEX - CHICAGO MERCANTILE EXCHANGE,2018-04-17,2018-04-20,3781909,348650,416094,628548,1303089,668470,173046,931964,2026-08-04 20:52:24.533665
sp500,E-MINI S&P 500 STOCK INDEX - CHICAGO MERCANTILE EXCHANGE,2018-04-24,2018-04-27,3755289,408189,442837,560459,1280238,664561,168558,1006957,2026-08-04 20:52:24.533665
sp500,E-MINI S&P 500 STOCK INDEX - CHICAGO MERCANTILE EXCHANGE,2018-05-01,2018-05-04,3726174,425229,360340,509260,1231459,724717,164507,995817,2026-08-04 20:52:24.533665
sp500,E-MINI S&P 500 STOCK INDEX - CHICAGO MERCANTILE EXCHANGE,2018-05-08,2018-05-11,3711332,371844,393105,507154,1220799,716004,182690,941101,2026-08-04 20:52:24.533665
sp500,E-MINI S&P 500 STOCK INDEX - CHICAGO MERCANTILE EXCHANGE,2018-05-15,2018-05-18,3790075,380140,412195,564180,1231531,734363,182757,921894,2026-08-04 20:52:24.533665
sp500,E-MINI S&P 500 STOCK INDEX - CHICAGO MERCANTILE EXCHANGE,2018-05-22,2018-05-25,3750214,382458,423378,487486,1261433,830156,199618,893723,2026-08-04 20:52:24.533665
sp500,E-MINI S&P 500 STOCK INDEX - CHICAGO MERCANTILE EXCHANGE,2018-05-29,2018-06-01,3894734,390363,475253,498352,1240276,853333,219910,858787,2026-08-04 20:52:24.533665
sp500,E-MINI S&P 500 STOCK INDEX - CHICAGO MERCANTILE EXCHANGE,2018-06-05,2018-06-08,3914528,338298,438727,524814,1267709,853372,208562,860133,2026-08-04 20:52:24.533665
sp500,E-MINI S&P 500 STOCK INDEX - CHICAGO MERCANTILE EXCHANGE,2018-06-12,2018-06-15,4155594,350362,465248,634458,1341246,851350,178847,901655,2026-08-04 20:52:24.533665
sp500,E-MINI S&P 500 STOCK INDEX - CHICAGO MERCANTILE EXCHANGE,2018-06-19,2018-06-22,3265245,296141,405825,429604,1448897,834965,119651,584059,2026-08-04 20:52:24.533665
sp500,E-MINI S&P 500 STOCK INDEX - CHICAGO MERCANTILE EXCHANGE,2018-06-26,2018-06-29,3370906,310152,416639,481604,1365980,866256,131528,531784,2026-08-04 20:52:24.533665
sp500,E-MINI S&P 500 STOCK INDEX - CHICAGO MERCANTILE EXCHANGE,2018-07-03,2018-07-06,3362209,290986,385566,476169,1349673,874301,139791,537162,2026-08-04 20:52:24.533665
sp500,E-MINI S&P 500 STOCK INDEX - CHICAGO MERCANTILE EXCHANGE,2018-07-10,2018-07-13,3463536,295369,412503,519932,1378938,854875,148346,530843,2026-08-04 20:52:24.533665
sp500,E-MINI S&P 500 STOCK INDEX - CHICAGO MERCANTILE EXCHANGE,2018-07-17,2018-07-20,3568618,308026,458953,563183,1379465,856343,182190,520528,2026-08-04 20:52:24.533665
sp500,E-MINI S&P 500 STOCK INDEX - CHICAGO MERCANTILE EXCHANGE,2018-07-24,2018-07-27,3540600,315722,481054,535790,1368172,853166,204125,547880,2026-08-04 20:52:24.533665
sp500,E-MINI S&P 500 STOCK INDEX - CHICAGO MERCANTILE EXCHANGE,2018-07-31,2018-08-03,3500644,320289,425318,519411,1350333,862386,181735,564949,2026-08-04 20:52:24.533665
sp500,E-MINI S&P 500 STOCK INDEX - CHICAGO MERCANTILE EXCHANGE,2018-08-07,2018-08-10,3632777,333332,488467,552086,1373525,860697,204125,559579,2026-08-04 20:52:24.533665
sp500,E-MINI S&P 500 STOCK INDEX - CHICAGO MERCANTILE EXCHANGE,2018-08-14,2018-08-17,3664621,337255,474315,580926,1348745,861652,198899,558725,2026-08-04 20:52:24.533665
sp500,E-MINI S&P 500 STOCK INDEX - CHICAGO MERCANTILE EXCHANGE,2018-08-21,2018-08-24,3687937,329208,518668,573698,1366411,861245,217761,528137,2026-08-04 20:52:24.533665
sp500,E-MINI S&P 500 STOCK INDEX - CHICAGO MERCANTILE EXCHANGE,2018-08-28,2018-08-31,3870483,341527,537520,638623,1411181,815038,203800,593412,2026-08-04 20:52:24.533665
sp500,E-MINI S&P 500 STOCK INDEX - CHICAGO MERCANTILE EXCHANGE,2018-09-04,2018-09-07,3926107,296127,539705,619825,1416483,772891,221933,643633,2026-08-04 20:52:24.533665
sp500,E-MINI S&P 500 STOCK INDEX - CHICAGO MERCANTILE EXCHANGE,2018-09-11,2018-09-14,3958095,293224,531210,634263,1408569,744553,232527,688654,2026-08-04 20:52:24.533665
sp500,E-MINI S&P 500 STOCK INDEX - CHICAGO MERCANTILE EXCHANGE,2018-09-18,2018-09-21,4372096,255189,509763,684858,1483175,749238,232301,715438,2026-08-04 20:52:24.533665
sp500,E-MINI S&P 500 STOCK INDEX - CHICAGO MERCANTILE EXCHANGE,2018-09-25,2018-09-28,3660381,182062,442559,525450,1554076,735059,171377,715111,2026-08-04 20:52:24.533665
sp500,E-MINI S&P 500 STOCK INDEX - CHICAGO MERCANTILE EXCHANGE,2018-10-02,2018-10-05,3703977,202063,423731,527081,1550814,737464,177597,729448,2026-08-04 20:52:24.533665
sp500,E-MINI S&P 500 STOCK INDEX - CHICAGO MERCANTILE EXCHANGE,2018-10-09,2018-10-12,3818908,222043,397206,605625,1461418,736002,211457,739166,2026-08-04 20:52:24.533665
sp500,E-MINI S&P 500 STOCK INDEX - CHICAGO MERCANTILE EXCHANGE,2018-10-16,2018-10-19,4122285,297029,341005,790671,1321285,787897,245618,730704,2026-08-04 20:52:24.533665
sp500,E-MINI S&P 500 STOCK INDEX - CHICAGO MERCANTILE EXCHANGE,2018-10-23,2018-10-26,4160804,326494,409553,780098,1243458,798147,296654,714696,2026-08-04 20:52:24.533665
sp500,E-MINI S&P 500 STOCK INDEX - CHICAGO MERCANTILE EXCHANGE,2018-10-30,2018-11-02,4343161,365262,422313,864320,1175685,805648,301180,705375,2026-08-04 20:52:24.533665
sp500,E-MINI S&P 500 STOCK INDEX - CHICAGO MERCANTILE EXCHANGE,2018-11-06,2018-11-09,4179562,279656,413387,816734,1221749,808987,291837,639833,2026-08-04 20:52:24.533665
sp500,E-MINI S&P 500 STOCK INDEX - CHICAGO MERCANTILE EXCHANGE,2018-11-13,2018-11-16,4242831,267829,426738,843523,1260638,776828,292477,679358,2026-08-04 20:52:24.533665
sp500,E-MINI S&P 500 STOCK INDEX - CHICAGO MERCANTILE EXCHANGE,2018-11-20,2018-11-23,4347484,294124,392318,816512,1233095,788727,310580,765936,2026-08-04 20:52:24.533665
sp500,E-MINI S&P 500 STOCK INDEX - CHICAGO MERCANTILE EXCHANGE,2018-11-27,2018-11-30,4140856,328575,391743,810745,1221900,772758,307940,729533,2026-08-04 20:52:24.533665
sp500,E-MINI S&P 500 STOCK INDEX - CHICAGO MERCANTILE EXCHANGE,2018-12-04,2018-12-07,4175920,312092,429429,839917,1213696,735099,315399,713734,2026-08-04 20:52:24.533665
sp500,E-MINI S&P 500 STOCK INDEX - CHICAGO MERCANTILE EXCHANGE,2018-12-11,2018-12-14,4304406,356550,390338,902108,1171055,786246,329334,743365,2026-08-04 20:52:24.533665
sp500,E-MINI S&P 500 STOCK INDEX - CHICAGO MERCANTILE EXCHANGE,2018-12-18,2018-12-21,4595223,414689,396991,1064381,1170377,782200,304159,828834,2026-08-04 20:52:24.533665
sp500,E-MINI S&P 500 STOCK INDEX - CHICAGO MERCANTILE EXCHANGE,2018-12-24,2018-12-27,4144597,435247,309776,1026995,1272104,740458,186000,948704,2026-08-04 20:52:24.533665
sp500,E-MINI S&P 500 STOCK INDEX - CHICAGO MERCANTILE EXCHANGE,2018-12-31,2019-01-03,3681455,285244,274371,757082,1312160,677962,171025,880199,2026-08-04 20:52:24.533665
sp500,E-MINI S&P 500 STOCK INDEX - CHICAGO MERCANTILE EXCHANGE,2019-01-08,2019-01-11,3658919,224165,283124,797458,1320871,647126,155099,815059,2026-08-04 20:52:24.533665
sp500,E-MINI S&P 500 STOCK INDEX - CHICAGO MERCANTILE EXCHANGE,2019-01-15,2019-01-18,3728416,216170,333127,825271,1314077,647466,193090,748906,2026-08-04 20:52:24.533665
sp500,E-MINI S&P 500 STOCK INDEX - CHICAGO MERCANTILE EXCHANGE,2019-01-22,2019-01-25,3677080,237978,388428,774277,1290851,629042,212662,717732,2026-08-04 20:52:24.533665
sp500,E-MINI S&P 500 STOCK INDEX - CHICAGO MERCANTILE EXCHANGE,2019-01-29,2019-02-01,3635776,284128,389607,693210,1254709,609449,222193,747221,2026-08-04 20:52:24.533665
sp500,E-MINI S&P 500 STOCK INDEX - CHICAGO MERCANTILE EXCHANGE,2019-02-05,2019-02-08,3581798,280936,448614,677937,1228666,626025,236292,600051,2026-08-04 20:52:24.533665
sp500,E-MINI S&P 500 STOCK INDEX - CHICAGO MERCANTILE EXCHANGE,2019-02-12,2019-02-15,3610962,245829,408091,715432,1223764,660810,249679,572285,2026-08-04 20:52:24.533665
sp500,E-MINI S&P 500 STOCK INDEX - CHICAGO MERCANTILE EXCHANGE,2019-02-19,2019-02-22,3540798,251383,440391,647473,1221697,670416,253474,542640,2026-08-04 20:52:24.533665
sp500,E-MINI S&P 500 STOCK INDEX - CHICAGO MERCANTILE EXCHANGE,2019-02-26,2019-03-01,3599137,265626,470037,670265,1270202,626914,232186,582317,2026-08-04 20:52:24.533665
sp500,E-MINI S&P 500 STOCK INDEX - CHICAGO MERCANTILE EXCHANGE,2019-03-05,2019-03-08,3433041,281810,458919,599189,1265704,615781,254231,516601,2026-08-04 20:52:24.533665
sp500,E-MINI S&P 500 STOCK INDEX - CHICAGO MERCANTILE EXCHANGE,2019-03-12,2019-03-15,3719021,262588,418609,692658,1278855,614925,239207,544046,2026-08-04 20:52:24.533665
sp500,E-MINI S&P 500 STOCK INDEX - CHICAGO MERCANTILE EXCHANGE,2019-03-19,2019-03-22,3255450,217242,405608,560496,1379294,633123,230788,587776,2026-08-04 20:52:24.533665
sp500,E-MINI S&P 500 STOCK INDEX - CHICAGO MERCANTILE EXCHANGE,2019-03-26,2019-03-29,3305062,231157,362187,590425,1347741,603012,241314,612655,2026-08-04 20:52:24.533665
sp500,E-MINI S&P 500 STOCK INDEX - CHICAGO MERCANTILE EXCHANGE,2019-04-02,2019-04-05,3316128,244684,410042,563871,1356792,606809,266467,611791,2026-08-04 20:52:24.533665
sp500,E-MINI S&P 500 STOCK INDEX - CHICAGO MERCANTILE EXCHANGE,2019-04-09,2019-04-12,3392732,258157,430710,591120,1354248,586525,290402,640528,2026-08-04 20:52:24.533665
sp500,E-MINI S&P 500 STOCK INDEX - CHICAGO MERCANTILE EXCHANGE,2019-04-16,2019-04-19,3493449,283130,442998,614875,1385212,585948,283919,674599,2026-08-04 20:52:24.533665
sp500,E-MINI S&P 500 STOCK INDEX - CHICAGO MERCANTILE EXCHANGE,2019-04-23,2019-04-26,3531875,326422,449565,586242,1398875,605240,283038,686946,2026-08-04 20:52:24.533665
sp500,E-MINI S&P 500 STOCK INDEX - CHICAGO MERCANTILE EXCHANGE,2019-04-30,2019-05-03,3460879,333738,419250,527002,1402362,613508,263409,692320,2026-08-04 20:52:24.533665
sp500,E-MINI S&P 500 STOCK INDEX - CHICAGO MERCANTILE EXCHANGE,2019-05-07,2019-05-10,3645201,307863,372627,681677,1356984,612114,271550,654900,2026-08-04 20:52:24.533665
sp500,E-MINI S&P 500 STOCK INDEX - CHICAGO MERCANTILE EXCHANGE,2019-05-14,2019-05-17,3733860,272278,387279,756115,1326819,622760,268092,622957,2026-08-04 20:52:24.533665
sp500,E-MINI S&P 500 STOCK INDEX - CHICAGO MERCANTILE EXCHANGE,2019-05-21,2019-05-24,3625101,273298,396157,684655,1323227,633306,259094,577683,2026-08-04 20:52:24.533665
sp500,E-MINI S&P 500 STOCK INDEX - CHICAGO MERCANTILE EXCHANGE,2019-05-28,2019-05-31,3785801,282694,386511,761209,1324630,649937,255009,592662,2026-08-04 20:52:24.533665
sp500,E-MINI S&P 500 STOCK INDEX - CHICAGO MERCANTILE EXCHANGE,2019-06-04,2019-06-07,3780222,297644,376073,786105,1346547,651544,224081,578699,2026-08-04 20:52:24.533665
sp500,E-MINI S&P 500 STOCK INDEX - CHICAGO MERCANTILE EXCHANGE,2019-06-11,2019-06-14,3753783,267277,447932,745679,1414688,635718,232712,570222,2026-08-04 20:52:24.533665
sp500,E-MINI S&P 500 STOCK INDEX - CHICAGO MERCANTILE EXCHANGE,2019-06-18,2019-06-21,4095207,276292,482085,810409,1414617,637944,248842,550290,2026-08-04 20:52:24.533665
sp500,E-MINI S&P 500 STOCK INDEX - CHICAGO MERCANTILE EXCHANGE,2019-06-25,2019-06-28,3354953,151821,408890,640194,1500823,594930,184904,535553,2026-08-04 20:52:24.533665
sp500,E-MINI S&P 500 STOCK INDEX - CHICAGO MERCANTILE EXCHANGE,2019-07-02,2019-07-05,3347722,192048,440894,569660,1493462,604580,204536,543574,2026-08-04 20:52:24.533665
sp500,E-MINI S&P 500 STOCK INDEX - CHICAGO MERCANTILE EXCHANGE,2019-07-09,2019-07-12,3389473,182276,458167,565151,1516096,622086,203257,532212,2026-08-04 20:52:24.533665
sp500,E-MINI S&P 500 STOCK INDEX - CHICAGO MERCANTILE EXCHANGE,2019-07-16,2019-07-19,3497395,189573,461070,601199,1557670,616587,204556,582894,2026-08-04 20:52:24.533665
sp500,E-MINI S&P 500 STOCK INDEX - CHICAGO MERCANTILE EXCHANGE,2019-07-23,2019-07-26,3435130,207044,426227,547818,1523319,627924,211558,597321,2026-08-04 20:52:24.533665
sp500,E-MINI S&P 500 STOCK INDEX - CHICAGO MERCANTILE EXCHANGE,2019-07-30,2019-08-02,3460947,208702,428996,557638,1514432,622970,222096,588579,2026-08-04 20:52:24.533665
sp500,E-MINI S&P 500 STOCK INDEX - CHICAGO MERCANTILE EXCHANGE,2019-08-06,2019-08-09,3781169,179730,357941,859351,1445964,683104,218933,505683,2026-08-04 20:52:24.533665
sp500,E-MINI S&P 500 STOCK INDEX - CHICAGO MERCANTILE EXCHANGE,2019-08-13,2019-08-16,3643344,140521,394048,810834,1411301,676763,231813,464689,2026-08-04 20:52:24.533665
sp500,E-MINI S&P 500 STOCK INDEX - CHICAGO MERCANTILE EXCHANGE,2019-08-20,2019-08-23,3629652,149225,370812,787956,1388511,746760,254512,466771,2026-08-04 20:52:24.533665
sp500,E-MINI S&P 500 STOCK INDEX - CHICAGO MERCANTILE EXCHANGE,2019-08-27,2019-08-30,3709437,147763,397869,830028,1406109,717914,256428,453328,2026-08-04 20:52:24.533665
sp500,E-MINI S&P 500 STOCK INDEX - CHICAGO MERCANTILE EXCHANGE,2019-09-03,2019-09-06,3651107,159915,444111,738545,1392661,702890,243280,421266,2026-08-04 20:52:24.533665
sp500,E-MINI S&P 500 STOCK INDEX - CHICAGO MERCANTILE EXCHANGE,2019-09-10,2019-09-13,3722626,185478,476562,737740,1417421,668096,267370,484175,2026-08-04 20:52:24.533665
sp500,E-MINI S&P 500 STOCK INDEX - CHICAGO MERCANTILE EXCHANGE,2019-09-17,2019-09-20,3989525,217556,460249,861042,1370935,668801,279988,513944,2026-08-04 20:52:24.533665
sp500,E-MINI S&P 500 STOCK INDEX - CHICAGO MERCANTILE EXCHANGE,2019-09-24,2019-09-27,3394241,139561,353299,725006,1458345,644479,203875,534715,2026-08-04 20:52:24.533665
sp500,E-MINI S&P 500 STOCK INDEX - CHICAGO MERCANTILE EXCHANGE,2019-10-01,2019-10-04,3400750,144030,333903,720144,1430035,659972,213827,536671,2026-08-04 20:52:24.533665
sp500,E-MINI S&P 500 STOCK INDEX - CHICAGO MERCANTILE EXCHANGE,2019-10-08,2019-10-11,3540503,145228,308343,856150,1368961,658055,239391,564485,2026-08-04 20:52:24.533665
sp500,E-MINI S&P 500 STOCK INDEX - CHICAGO MERCANTILE EXCHANGE,2019-10-15,2019-10-18,3454391,153211,352498,780403,1394969,640275,246886,565782,2026-08-04 20:52:24.533665
sp500,E-MINI S&P 500 STOCK INDEX - CHICAGO MERCANTILE EXCHANGE,2019-10-22,2019-10-25,3377465,164418,385963,712493,1402768,620300,253006,539001,2026-08-04 20:52:24.533665
sp500,E-MINI S&P 500 STOCK INDEX - CHICAGO MERCANTILE EXCHANGE,2019-10-29,2019-11-01,3472952,177545,408656,725606,1416957,586126,271342,599082,2026-08-04 20:52:24.533665
sp500,E-MINI S&P 500 STOCK INDEX - CHICAGO MERCANTILE EXCHANGE,2019-11-05,2019-11-08,3551423,184592,458736,738123,1414532,560978,272786,610842,2026-08-04 20:52:24.533665
sp500,E-MINI S&P 500 STOCK INDEX - CHICAGO MERCANTILE EXCHANGE,2019-11-12,2019-11-15,3639790,178855,458342,751887,1440521,536070,275703,631869,2026-08-04 20:52:24.533665
sp500,E-MINI S&P 500 STOCK INDEX - CHICAGO MERCANTILE EXCHANGE,2019-11-19,2019-11-22,3640924,186036,477362,714057,1441807,540702,295366,675514,2026-08-04 20:52:24.533665
sp500,E-MINI S&P 500 STOCK INDEX - CHICAGO MERCANTILE EXCHANGE,2019-11-26,2019-11-29,3732303,205840,507435,697789,1445415,547391,315517,719774,2026-08-04 20:52:24.533665
sp500,E-MINI S&P 500 STOCK INDEX - CHICAGO MERCANTILE EXCHANGE,2019-12-03,2019-12-06,3778596,208902,447656,729913,1427036,576640,308269,752836,2026-08-04 20:52:24.533665
sp500,E-MINI S&P 500 STOCK INDEX - CHICAGO MERCANTILE EXCHANGE,2019-12-10,2019-12-13,3860841,221760,464908,737981,1429832,537608,290191,760681,2026-08-04 20:52:24.533665
sp500,E-MINI S&P 500 STOCK INDEX - CHICAGO MERCANTILE EXCHANGE,2019-12-17,2019-12-20,4181566,315502,498724,846068,1394835,529686,258175,808103,2026-08-04 20:52:24.533665
sp500,E-MINI S&P 500 STOCK INDEX - CHICAGO MERCANTILE EXCHANGE,2019-12-24,2019-12-27,3467937,250553,470719,621316,1548813,490207,255325,892387,2026-08-04 20:52:24.533665
sp500,E-MINI S&P 500 STOCK INDEX - CHICAGO MERCANTILE EXCHANGE,2019-12-31,2020-01-03,3413165,287780,492088,567359,1525202,489442,221726,866813,2026-08-04 20:52:24.533665
sp500,E-MINI S&P 500 STOCK INDEX - CHICAGO MERCANTILE EXCHANGE,2020-01-07,2020-01-10,3462397,292866,501362,625242,1527790,484303,216692,837123,2026-08-04 20:52:24.533665
sp500,E-MINI S&P 500 STOCK INDEX - CHICAGO MERCANTILE EXCHANGE,2020-01-14,2020-01-17,3576212,252316,493552,723792,1573369,471086,170763,874732,2026-08-04 20:52:24.533665
sp500,E-MINI S&P 500 STOCK INDEX - CHICAGO MERCANTILE EXCHANGE,2020-01-21,2020-01-24,3609428,263681,528631,703951,1598898,482708,185869,901320,2026-08-04 20:52:24.533665
sp500,E-MINI S&P 500 STOCK INDEX - CHICAGO MERCANTILE EXCHANGE,2020-01-28,2020-01-31,3608568,262575,493261,712586,1553149,489332,188258,941195,2026-08-04 20:52:24.533665
sp500,E-MINI S&P 500 STOCK INDEX - CHICAGO MERCANTILE EXCHANGE,2020-02-04,2020-02-07,3520700,256236,471964,671088,1536417,460654,160878,953811,2026-08-04 20:52:24.533665
sp500,E-MINI S&P 500 STOCK INDEX - CHICAGO MERCANTILE EXCHANGE,2020-02-11,2020-02-14,3679084,260707,547100,728259,1568843,444133,173650,950845,2026-08-04 20:52:24.533665
sp500,E-MINI S&P 500 STOCK INDEX - CHICAGO MERCANTILE EXCHANGE,2020-02-18,2020-02-21,3748026,271471,512580,738588,1585127,440244,176703,966476,2026-08-04 20:52:24.533665
sp500,E-MINI S&P 500 STOCK INDEX - CHICAGO MERCANTILE EXCHANGE,2020-02-25,2020-02-28,4038276,289225,438296,951493,1422576,522873,198628,935018,2026-08-04 20:52:24.533665
sp500,E-MINI S&P 500 STOCK INDEX - CHICAGO MERCANTILE EXCHANGE,2020-03-03,2020-03-06,4480289,322286,480067,1184443,1327664,656965,184282,870441,2026-08-04 20:52:24.533665
sp500,E-MINI S&P 500 STOCK INDEX - CHICAGO MERCANTILE EXCHANGE,2020-03-10,2020-03-13,5200576,269502,506762,1502682,1443105,880626,197853,790052,2026-08-04 20:52:24.533665
sp500,E-MINI S&P 500 STOCK INDEX - CHICAGO MERCANTILE EXCHANGE,2020-03-17,2020-03-20,7037826,322501,464556,2340624,1375381,1022023,173741,947147,2026-08-04 20:52:24.533665
sp500,E-MINI S&P 500 STOCK INDEX - CHICAGO MERCANTILE EXCHANGE,2020-03-24,2020-03-27,5087856,341248,405416,1496501,1446192,1093088,360575,762849,2026-08-04 20:52:24.533665
sp500,E-MINI S&P 500 STOCK INDEX - CHICAGO MERCANTILE EXCHANGE,2020-03-31,2020-04-03,4868810,319790,496457,1205895,1526683,1048291,418006,657942,2026-08-04 20:52:24.533665
sp500,E-MINI S&P 500 STOCK INDEX - CHICAGO MERCANTILE EXCHANGE,2020-04-07,2020-04-10,4818018,305292,522511,1111115,1484227,1034026,402582,699449,2026-08-04 20:52:24.533665
sp500,E-MINI S&P 500 STOCK INDEX - CHICAGO MERCANTILE EXCHANGE,2020-04-14,2020-04-17,4810232,301914,599123,1096352,1503599,926711,435007,710106,2026-08-04 20:52:24.533665
sp500,E-MINI S&P 500 STOCK INDEX - CHICAGO MERCANTILE EXCHANGE,2020-04-21,2020-04-24,4621781,286082,573230,958117,1504644,946940,415709,699927,2026-08-04 20:52:24.533665
sp500,E-MINI S&P 500 STOCK INDEX - CHICAGO MERCANTILE EXCHANGE,2020-04-28,2020-05-01,4425570,243059,617039,873949,1494607,911629,431707,670146,2026-08-04 20:52:24.533665
sp500,E-MINI S&P 500 STOCK INDEX - CHICAGO MERCANTILE EXCHANGE,2020-05-05,2020-05-08,4284224,258710,585698,804523,1397118,912546,455654,600551,2026-08-04 20:52:24.533665
sp500,E-MINI S&P 500 STOCK INDEX - CHICAGO MERCANTILE EXCHANGE,2020-05-12,2020-05-15,4300474,240004,598996,811796,1416232,897900,444703,581920,2026-08-04 20:52:24.533665
sp500,E-MINI S&P 500 STOCK INDEX - CHICAGO MERCANTILE EXCHANGE,2020-05-19,2020-05-22,4134104,224970,591572,715936,1373583,903707,481932,588638,2026-08-04 20:52:24.533665
sp500,E-MINI S&P 500 STOCK INDEX - CHICAGO MERCANTILE EXCHANGE,2020-05-26,2020-05-29,4126645,219470,635534,717480,1367948,837228,476277,594958,2026-08-04 20:52:24.533665
sp500,E-MINI S&P 500 STOCK INDEX - CHICAGO MERCANTILE EXCHANGE,2020-06-02,2020-06-05,4129090,268162,649439,719586,1313252,808520,478436,580294,2026-08-04 20:52:24.533665
sp500,E-MINI S&P 500 STOCK INDEX - CHICAGO MERCANTILE EXCHANGE,2020-06-09,2020-06-12,4353567,281177,692301,830428,1313047,733102,444685,586766,2026-08-04 20:52:24.533665
sp500,E-MINI S&P 500 STOCK INDEX - CHICAGO MERCANTILE EXCHANGE,2020-06-16,2020-06-19,4600995,262998,717091,903304,1298014,786230,435146,561757,2026-08-04 20:52:24.533665
sp500,E-MINI S&P 500 STOCK INDEX - CHICAGO MERCANTILE EXCHANGE,2020-06-23,2020-06-26,3334982,155780,507854,549310,1284049,826667,443878,225298,2026-08-04 20:52:24.533665
sp500,E-MINI S&P 500 STOCK INDEX - CHICAGO MERCANTILE EXCHANGE,2020-06-30,2020-07-03,3295043,213252,491513,487910,1239266,833274,451974,252630,2026-08-04 20:52:24.533665
sp500,E-MINI S&P 500 STOCK INDEX - CHICAGO MERCANTILE EXCHANGE,2020-07-07,2020-07-10,3301570,200941,493599,518047,1234627,792125,453029,249156,2026-08-04 20:52:24.533665
sp500,E-MINI S&P 500 STOCK INDEX - CHICAGO MERCANTILE EXCHANGE,2020-07-14,2020-07-17,3362912,196006,509394,566738,1248270,750778,450462,260168,2026-08-04 20:52:24.533665
sp500,E-MINI S&P 500 STOCK INDEX - CHICAGO MERCANTILE EXCHANGE,2020-07-21,2020-07-24,3314954,208932,531220,512235,1234260,720694,461050,282593,2026-08-04 20:52:24.533665
sp500,E-MINI S&P 500 STOCK INDEX - CHICAGO MERCANTILE EXCHANGE,2020-07-28,2020-07-31,3318010,224481,501376,489683,1279805,723747,445199,344778,2026-08-04 20:52:24.533665
sp500,E-MINI S&P 500 STOCK INDEX - CHICAGO MERCANTILE EXCHANGE,2020-08-04,2020-08-07,3364369,200551,542764,510202,1303725,689211,483551,338180,2026-08-04 20:52:24.533665
sp500,E-MINI S&P 500 STOCK INDEX - CHICAGO MERCANTILE EXCHANGE,2020-08-11,2020-08-14,3433053,216661,580378,534479,1309674,638094,483316,352960,2026-08-04 20:52:24.533665
sp500,E-MINI S&P 500 STOCK INDEX - CHICAGO MERCANTILE EXCHANGE,2020-08-18,2020-08-21,3474521,217339,555075,554829,1313841,635524,483685,380670,2026-08-04 20:52:24.533665
sp500,E-MINI S&P 500 STOCK INDEX - CHICAGO MERCANTILE EXCHANGE,2020-08-25,2020-08-28,3477846,216672,583315,547794,1351364,626982,485246,390269,2026-08-04 20:52:24.533665
sp500,E-MINI S&P 500 STOCK INDEX - CHICAGO MERCANTILE EXCHANGE,2020-09-01,2020-09-04,3576526,254882,581010,601152,1321852,624823,486308,399268,2026-08-04 20:52:24.533665
sp500,E-MINI S&P 500 STOCK INDEX - CHICAGO MERCANTILE EXCHANGE,2020-09-08,2020-09-11,3520800,268139,506746,603037,1252457,634946,444468,399982,2026-08-04 20:52:24.533665
sp500,E-MINI S&P 500 STOCK INDEX - CHICAGO MERCANTILE EXCHANGE,2020-09-15,2020-09-18,3678153,242106,486310,616327,1267948,640382,377746,415920,2026-08-04 20:52:24.533665
sp500,E-MINI S&P 500 STOCK INDEX - CHICAGO MERCANTILE EXCHANGE,2020-09-22,2020-09-25,3080352,175064,335942,458012,1324781,660314,302748,534033,2026-08-04 20:52:24.533665
sp500,E-MINI S&P 500 STOCK INDEX - CHICAGO MERCANTILE EXCHANGE,2020-09-29,2020-10-02,3100163,182652,345980,492325,1271385,672352,300314,517387,2026-08-04 20:52:24.533665
sp500,E-MINI S&P 500 STOCK INDEX - CHICAGO MERCANTILE EXCHANGE,2020-10-06,2020-10-09,3098290,208786,380153,472936,1224191,629668,306843,495575,2026-08-04 20:52:24.533665
sp500,E-MINI S&P 500 STOCK INDEX - CHICAGO MERCANTILE EXCHANGE,2020-10-13,2020-10-16,3167073,181519,427723,530932,1240361,569858,302477,497627,2026-08-04 20:52:24.533665
sp500,E-MINI S&P 500 STOCK INDEX - CHICAGO MERCANTILE EXCHANGE,2020-10-20,2020-10-23,3057543,195119,388077,478099,1229002,590378,282889,502823,2026-08-04 20:52:24.533665
sp500,E-MINI S&P 500 STOCK INDEX - CHICAGO MERCANTILE EXCHANGE,2020-10-27,2020-10-30,3091476,222649,376602,493187,1195649,584110,265832,512594,2026-08-04 20:52:24.533665
sp500,E-MINI S&P 500 STOCK INDEX - CHICAGO MERCANTILE EXCHANGE,2020-11-03,2020-11-06,3111155,209953,377497,520004,1171642,610213,275165,494827,2026-08-04 20:52:24.533665
sp500,E-MINI S&P 500 STOCK INDEX - CHICAGO MERCANTILE EXCHANGE,2020-11-10,2020-11-13,3195606,211633,361140,570900,1192794,551748,269779,515326,2026-08-04 20:52:24.533665
sp500,E-MINI S&P 500 STOCK INDEX - CHICAGO MERCANTILE EXCHANGE,2020-11-17,2020-11-20,3268108,251387,380682,565239,1210574,548132,278783,541308,2026-08-04 20:52:24.533665
sp500,E-MINI S&P 500 STOCK INDEX - CHICAGO MERCANTILE EXCHANGE,2020-11-24,2020-11-27,3226345,261956,420996,535653,1231943,533742,287332,527045,2026-08-04 20:52:24.533665
sp500,E-MINI S&P 500 STOCK INDEX - CHICAGO MERCANTILE EXCHANGE,2020-12-01,2020-12-04,3267728,280268,424358,507227,1244045,531759,308426,579470,2026-08-04 20:52:24.533665
sp500,E-MINI S&P 500 STOCK INDEX - CHICAGO MERCANTILE EXCHANGE,2020-12-08,2020-12-11,3400173,290448,443713,552161,1278578,521736,314256,605880,2026-08-04 20:52:24.533665
sp500,E-MINI S&P 500 STOCK INDEX - CHICAGO MERCANTILE EXCHANGE,2020-12-15,2020-12-18,3727174,294398,412534,615101,1285136,530380,333346,646732,2026-08-04 20:52:24.533665
sp500,E-MINI S&P 500 STOCK INDEX - CHICAGO MERCANTILE EXCHANGE,2020-12-21,2020-12-24,2954463,247007,375470,367927,1290250,534803,247407,676569,2026-08-04 20:52:24.533665
sp500,E-MINI S&P 500 STOCK INDEX - CHICAGO MERCANTILE EXCHANGE,2020-12-29,2021-01-01,2974573,255002,406198,365135,1300008,526437,243919,674582,2026-08-04 20:52:24.533665
sp500,E-MINI S&P 500 STOCK INDEX - CHICAGO MERCANTILE EXCHANGE,2021-01-05,2021-01-08,3012508,250320,418012,354894,1324472,535166,281038,676472,2026-08-04 20:52:24.533665
sp500,E-MINI S&P 500 STOCK INDEX - CHICAGO MERCANTILE EXCHANGE,2021-01-12,2021-01-15,3106913,257975,430046,415313,1314044,499706,293405,710566,2026-08-04 20:52:24.533665
sp500,E-MINI S&P 500 STOCK INDEX - CHICAGO MERCANTILE EXCHANGE,2021-01-19,2021-01-22,3064560,256915,444332,346956,1347197,501545,297251,724307,2026-08-04 20:52:24.533665
sp500,E-MINI S&P 500 STOCK INDEX - CHICAGO MERCANTILE EXCHANGE,2021-01-26,2021-01-29,3140845,265018,480039,395643,1321005,477207,337951,745031,2026-08-04 20:52:24.533665
sp500,E-MINI S&P 500 STOCK INDEX - CHICAGO MERCANTILE EXCHANGE,2021-02-02,2021-02-05,3246218,307197,486785,452588,1264757,494951,351691,750534,2026-08-04 20:52:24.533665
sp500,E-MINI S&P 500 STOCK INDEX - CHICAGO MERCANTILE EXCHANGE,2021-02-09,2021-02-12,3244583,293747,515647,468297,1261129,438495,352149,752033,2026-08-04 20:52:24.533665
sp500,E-MINI S&P 500 STOCK INDEX - CHICAGO MERCANTILE EXCHANGE,2021-02-16,2021-02-19,3254043,291369,546745,471691,1257929,436490,360197,745013,2026-08-04 20:52:24.533665
sp500,E-MINI S&P 500 STOCK INDEX - CHICAGO MERCANTILE EXCHANGE,2021-02-23,2021-02-26,3219988,317107,498948,445784,1256605,451051,336611,778015,2026-08-04 20:52:24.533665
sp500,E-MINI S&P 500 STOCK INDEX - CHICAGO MERCANTILE EXCHANGE,2021-03-02,2021-03-05,3350513,357332,469878,453591,1175022,468930,432642,785631,2026-08-04 20:52:24.533665
sp500,E-MINI S&P 500 STOCK INDEX - CHICAGO MERCANTILE EXCHANGE,2021-03-09,2021-03-12,3398049,367022,438486,501362,1155915,489884,400661,794725,2026-08-04 20:52:24.533665
sp500,E-MINI S&P 500 STOCK INDEX - CHICAGO MERCANTILE EXCHANGE,2021-03-16,2021-03-19,3700947,353494,465911,565472,1138664,474120,418585,782522,2026-08-04 20:52:24.533665
sp500,E-MINI S&P 500 STOCK INDEX - CHICAGO MERCANTILE EXCHANGE,2021-03-23,2021-03-26,3029485,201169,378468,387973,1202099,468176,376339,800087,2026-08-04 20:52:24.533665
sp500,E-MINI S&P 500 STOCK INDEX - CHICAGO MERCANTILE EXCHANGE,2021-03-30,2021-04-02,3028360,229307,406068,371074,1215469,451791,356837,813593,2026-08-04 20:52:24.533665
sp500,E-MINI S&P 500 STOCK INDEX - CHICAGO MERCANTILE EXCHANGE,2021-04-06,2021-04-09,3097762,251343,481124,378777,1241777,450124,356165,802629,2026-08-04 20:52:24.533665
sp500,E-MINI S&P 500 STOCK INDEX - CHICAGO MERCANTILE EXCHANGE,2021-04-13,2021-04-16,3183875,265073,506926,412939,1248236,440126,327350,786752,2026-08-04 20:52:24.533665
sp500,E-MINI S&P 500 STOCK INDEX - CHICAGO MERCANTILE EXCHANGE,2021-04-20,2021-04-23,3196867,269302,510847,404927,1270391,436972,308083,797249,2026-08-04 20:52:24.533665
sp500,E-MINI S&P 500 STOCK INDEX - CHICAGO MERCANTILE EXCHANGE,2021-04-27,2021-04-30,3221312,296003,535807,389396,1272786,432352,298183,791745,2026-08-04 20:52:24.533665
sp500,E-MINI S&P 500 STOCK INDEX - CHICAGO MERCANTILE EXCHANGE,2021-05-04,2021-05-07,3216545,272584,520497,402387,1303899,421686,293247,799176,2026-08-04 20:52:24.533665
sp500,E-MINI S&P 500 STOCK INDEX - CHICAGO MERCANTILE EXCHANGE,2021-05-11,2021-05-14,3235141,264292,484597,460278,1282956,420902,260190,799190,2026-08-04 20:52:24.533665
sp500,E-MINI S&P 500 STOCK INDEX - CHICAGO MERCANTILE EXCHANGE,2021-05-18,2021-05-21,3218243,262511,453254,461093,1257042,426629,224444,797347,2026-08-04 20:52:24.533665
sp500,E-MINI S&P 500 STOCK INDEX - CHICAGO MERCANTILE EXCHANGE,2021-05-25,2021-05-28,3281704,291309,454562,446210,1284779,437431,221651,826860,2026-08-04 20:52:24.533665
sp500,E-MINI S&P 500 STOCK INDEX - CHICAGO MERCANTILE EXCHANGE,2021-06-01,2021-06-04,3258924,275611,467244,419642,1274462,413652,231175,827129,2026-08-04 20:52:24.533665
sp500,E-MINI S&P 500 STOCK INDEX - CHICAGO MERCANTILE EXCHANGE,2021-06-08,2021-06-11,3313571,284202,458096,447038,1297349,423276,228302,840209,2026-08-04 20:52:24.533665
sp500,E-MINI S&P 500 STOCK INDEX - CHICAGO MERCANTILE EXCHANGE,2021-06-15,2021-06-18,3633262,261629,481817,515352,1367010,408118,209274,859610,2026-08-04 20:52:24.533665
sp500,E-MINI S&P 500 STOCK INDEX - CHICAGO MERCANTILE EXCHANGE,2021-06-22,2021-06-25,2999952,176648,329022,385011,1374125,410166,164903,784676,2026-08-04 20:52:24.533665
sp500,E-MINI S&P 500 STOCK INDEX - CHICAGO MERCANTILE EXCHANGE,2021-06-29,2021-07-02,3029655,198351,375395,396811,1348636,386088,169763,777319,2026-08-04 20:52:24.533665
sp500,E-MINI S&P 500 STOCK INDEX - CHICAGO MERCANTILE EXCHANGE,2021-07-06,2021-07-09,3083467,225094,392068,406946,1357949,395468,182797,768470,2026-08-04 20:52:24.533665
sp500,E-MINI S&P 500 STOCK INDEX - CHICAGO MERCANTILE EXCHANGE,2021-07-13,2021-07-16,3164682,220934,407969,443504,1359796,391276,186305,777535,2026-08-04 20:52:24.533665
sp500,E-MINI S&P 500 STOCK INDEX - CHICAGO MERCANTILE EXCHANGE,2021-07-20,2021-07-23,3212015,227894,395538,470421,1352964,414019,195728,797222,2026-08-04 20:52:24.533665
sp500,E-MINI S&P 500 STOCK INDEX - CHICAGO MERCANTILE EXCHANGE,2021-07-27,2021-07-30,3238238,229095,422507,489701,1315549,399980,183709,783888,2026-08-04 20:52:24.533665
sp500,E-MINI S&P 500 STOCK INDEX - CHICAGO MERCANTILE EXCHANGE,2021-08-03,2021-08-06,3250518,249812,445415,483332,1303016,397379,179047,770065,2026-08-04 20:52:24.533665
sp500,E-MINI S&P 500 STOCK INDEX - CHICAGO MERCANTILE EXCHANGE,2021-08-10,2021-08-13,3264876,269730,463979,489988,1297120,376730,177454,767715,2026-08-04 20:52:24.533665
sp500,E-MINI S&P 500 STOCK INDEX - CHICAGO MERCANTILE EXCHANGE,2021-08-17,2021-08-20,3335700,274276,442827,534751,1299856,393530,182386,777133,2026-08-04 20:52:24.533665
sp500,E-MINI S&P 500 STOCK INDEX - CHICAGO MERCANTILE EXCHANGE,2021-08-24,2021-08-27,3359167,301474,466157,525244,1281897,399906,198263,788714,2026-08-04 20:52:24.533665
sp500,E-MINI S&P 500 STOCK INDEX - CHICAGO MERCANTILE EXCHANGE,2021-08-31,2021-09-03,3377908,272560,456519,523677,1290000,380346,204534,820522,2026-08-04 20:52:24.533665
sp500,E-MINI S&P 500 STOCK INDEX - CHICAGO MERCANTILE EXCHANGE,2021-09-07,2021-09-10,3437498,307229,453791,535916,1284927,369458,211679,848149,2026-08-04 20:52:24.533665
sp500,E-MINI S&P 500 STOCK INDEX - CHICAGO MERCANTILE EXCHANGE,2021-09-14,2021-09-17,3700086,303748,421517,652104,1233362,374348,206566,841687,2026-08-04 20:52:24.533665
sp500,E-MINI S&P 500 STOCK INDEX - CHICAGO MERCANTILE EXCHANGE,2021-09-21,2021-09-24,3123243,207636,320603,530475,1232274,384442,179142,740993,2026-08-04 20:52:24.533665
sp500,E-MINI S&P 500 STOCK INDEX - CHICAGO MERCANTILE EXCHANGE,2021-09-28,2021-10-01,3155586,260012,296512,560741,1182145,371457,184937,737666,2026-08-04 20:52:24.533665
sp500,E-MINI S&P 500 STOCK INDEX - CHICAGO MERCANTILE EXCHANGE,2021-10-05,2021-10-08,3097039,268736,297351,520604,1182911,395286,191718,733099,2026-08-04 20:52:24.533665
sp500,E-MINI S&P 500 STOCK INDEX - CHICAGO MERCANTILE EXCHANGE,2021-10-12,2021-10-15,3058929,271895,283603,507752,1134230,406717,190445,719674,2026-08-04 20:52:24.533665
sp500,E-MINI S&P 500 STOCK INDEX - CHICAGO MERCANTILE EXCHANGE,2021-10-19,2021-10-22,3075069,227472,309011,540604,1165138,382452,196444,657851,2026-08-04 20:52:24.533665
sp500,E-MINI S&P 500 STOCK INDEX - CHICAGO MERCANTILE EXCHANGE,2021-10-26,2021-10-29,3136026,238270,304747,575032,1156981,364398,191493,681918,2026-08-04 20:52:24.533665
sp500,E-MINI S&P 500 STOCK INDEX - CHICAGO MERCANTILE EXCHANGE,2021-11-02,2021-11-05,3157722,259812,300440,574335,1140804,378833,176031,662548,2026-08-04 20:52:24.533665
sp500,E-MINI S&P 500 STOCK INDEX - CHICAGO MERCANTILE EXCHANGE,2021-11-09,2021-11-12,3257847,246393,290567,662672,1139455,380427,181811,651431,2026-08-04 20:52:24.533665
sp500,E-MINI S&P 500 STOCK INDEX - CHICAGO MERCANTILE EXCHANGE,2021-11-16,2021-11-19,3298099,231610,287693,667084,1150498,366037,183524,667256,2026-08-04 20:52:24.533665
sp500,E-MINI S&P 500 STOCK INDEX - CHICAGO MERCANTILE EXCHANGE,2021-11-23,2021-11-26,3269905,236082,260356,646746,1153200,367797,173483,666427,2026-08-04 20:52:24.533665
sp500,E-MINI S&P 500 STOCK INDEX - CHICAGO MERCANTILE EXCHANGE,2021-11-30,2021-12-03,3344317,308049,259039,672182,1115184,422585,176576,661602,2026-08-04 20:52:24.533665
sp500,E-MINI S&P 500 STOCK INDEX - CHICAGO MERCANTILE EXCHANGE,2021-12-07,2021-12-10,3377625,278653,268922,711652,1090465,427888,193612,658821,2026-08-04 20:52:24.533665
sp500,E-MINI S&P 500 STOCK INDEX - CHICAGO MERCANTILE EXCHANGE,2021-12-14,2021-12-17,3549688,295107,255118,785657,1057303,460656,200729,661062,2026-08-04 20:52:24.533665
sp500,E-MINI S&P 500 STOCK INDEX - CHICAGO MERCANTILE EXCHANGE,2021-12-21,2021-12-24,2907473,265144,278123,520401,1093695,419982,158960,649885,2026-08-04 20:52:24.533665
sp500,E-MINI S&P 500 STOCK INDEX - CHICAGO MERCANTILE EXCHANGE,2021-12-28,2021-12-31,2959427,241544,338693,573688,1120732,379097,160818,620948,2026-08-04 20:52:24.533665
sp500,E-MINI S&P 500 STOCK INDEX - CHICAGO MERCANTILE EXCHANGE,2022-01-04,2022-01-07,2911443,260732,364857,510110,1118615,381169,154733,610798,2026-08-04 20:52:24.533665
sp500,E-MINI S&P 500 STOCK INDEX - CHICAGO MERCANTILE EXCHANGE,2022-01-11,2022-01-14,2966979,252124,316690,548698,1122565,387308,158130,644772,2026-08-04 20:52:24.533665
sp500,E-MINI S&P 500 STOCK INDEX - CHICAGO MERCANTILE EXCHANGE,2022-01-18,2022-01-21,3047302,277316,301262,581994,1106254,378575,140316,687239,2026-08-04 20:52:24.533665
sp500,E-MINI S&P 500 STOCK INDEX - CHICAGO MERCANTILE EXCHANGE,2022-01-25,2022-01-28,3358060,340611,254538,783841,1093506,439512,129738,745108,2026-08-04 20:52:24.533665
sp500,E-MINI S&P 500 STOCK INDEX - CHICAGO MERCANTILE EXCHANGE,2022-02-01,2022-02-04,3086787,294053,256748,644082,1079813,434106,138972,654330,2026-08-04 20:52:24.533665
vix,VIX FUTURES - CBOE FUTURES EXCHANGE,2010-01-05,2010-01-08,61257,398,12852,3106,1099,3118,33964,26038,2026-08-04 20:52:26.546631
vix,VIX FUTURES - CBOE FUTURES EXCHANGE,2010-01-12,2010-01-15,63142,1318,12844,3169,1126,0,33987,28084,2026-08-04 20:52:26.546631
vix,VIX FUTURES - CBOE FUTURES EXCHANGE,2010-01-19,2010-01-22,63463,2015,15454,4981,1294,0,31458,23901,2026-08-04 20:52:26.546631
vix,VIX FUTURES - CBOE FUTURES EXCHANGE,2010-01-26,2010-01-29,47810,1912,8663,5495,918,108,22839,20120,2026-08-04 20:52:26.546631
vix,VIX FUTURES - CBOE FUTURES EXCHANGE,2010-02-02,2010-02-05,47960,1794,11794,7314,0,0,20196,13672,2026-08-04 20:52:26.546631
vix,VIX FUTURES - CBOE FUTURES EXCHANGE,2010-02-09,2010-02-12,48999,4744,7467,7740,0,0,13336,13213,2026-08-04 20:52:26.546631
vix,VIX FUTURES - CBOE FUTURES EXCHANGE,2010-02-16,2010-02-19,46713,4541,7037,5897,0,0,13753,13359,2026-08-04 20:52:26.546631
vix,VIX FUTURES - CBOE FUTURES EXCHANGE,2010-02-23,2010-02-26,43207,3884,11338,2665,0,0,15891,13820,2026-08-04 20:52:26.546631
vix,VIX FUTURES - CBOE FUTURES EXCHANGE,2010-03-02,2010-03-05,46394,5513,13750,3120,0,0,17455,15777,2026-08-04 20:52:26.546631
vix,VIX FUTURES - CBOE FUTURES EXCHANGE,2010-03-09,2010-03-12,60569,8627,16686,3587,1080,254,17605,17142,2026-08-04 20:52:26.546631
vix,VIX FUTURES - CBOE FUTURES EXCHANGE,2010-03-16,2010-03-19,77309,9624,16999,5562,1820,254,25102,26929,2026-08-04 20:52:26.546631
vix,VIX FUTURES - CBOE FUTURES EXCHANGE,2010-03-23,2010-03-26,57147,2820,19283,3103,1320,254,34521,26787,2026-08-04 20:52:26.546631
vix,VIX FUTURES - CBOE FUTURES EXCHANGE,2010-03-30,2010-04-02,61874,2878,20042,3519,1320,273,33735,23914,2026-08-04 20:52:26.546631
vix,VIX FUTURES - CBOE FUTURES EXCHANGE,2010-04-06,2010-04-09,67613,2866,21679,3045,1320,285,36019,23641,2026-08-04 20:52:26.546631
vix,VIX FUTURES - CBOE FUTURES EXCHANGE,2010-04-13,2010-04-16,69127,4528,22303,3918,1320,290,32780,24449,2026-08-04 20:52:26.546631
vix,VIX FUTURES - CBOE FUTURES EXCHANGE,2010-04-20,2010-04-23,79909,4735,21426,5719,1320,222,34915,23274,2026-08-04 20:52:26.546631
vix,VIX FUTURES - CBOE FUTURES EXCHANGE,2010-04-27,2010-04-30,68834,1015,21508,3614,1100,217,36366,15179,2026-08-04 20:52:26.546631
vix,VIX FUTURES - CBOE FUTURES EXCHANGE,2010-05-04,2010-05-07,75048,4486,24556,4543,700,0,35918,14606,2026-08-04 20:52:26.546631
vix,VIX FUTURES - CBOE FUTURES EXCHANGE,2010-05-11,2010-05-14,87814,12709,20613,5467,419,0,30568,19802,2026-08-04 20:52:26.546631
vix,VIX FUTURES - CBOE FUTURES EXCHANGE,2010-05-18,2010-05-21,96971,14923,22106,6275,455,260,30222,21082,2026-08-04 20:52:26.546631
vix,VIX FUTURES - CBOE FUTURES EXCHANGE,2010-05-25,2010-05-28,77090,8321,17886,6526,273,0,28903,14968,2026-08-04 20:52:26.546631
vix,VIX FUTURES - CBOE FUTURES EXCHANGE,2010-06-01,2010-06-04,82619,6217,17732,10278,0,0,32034,15997,2026-08-04 20:52:26.546631
vix,VIX FUTURES - CBOE FUTURES EXCHANGE,2010-06-08,2010-06-11,86728,4884,18250,11385,0,0,35884,18130,2026-08-04 20:52:26.546631
vix,VIX FUTURES - CBOE FUTURES EXCHANGE,2010-06-15,2010-06-18,90375,3234,20371,8129,0,0,42228,21234,2026-08-04 20:52:26.546631
vix,VIX FUTURES - CBOE FUTURES EXCHANGE,2010-06-22,2010-06-25,70890,259,20307,5466,200,0,48368,24645,2026-08-04 20:52:26.546631
vix,VIX FUTURES - CBOE FUTURES EXCHANGE,2010-06-29,2010-07-02,75447,305,22239,5540,200,0,51379,25153,2026-08-04 20:52:26.546631
vix,VIX FUTURES - CBOE FUTURES EXCHANGE,2010-07-06,2010-07-09,76674,417,22668,5796,200,0,51977,25322,2026-08-04 20:52:26.546631
vix,VIX FUTURES - CBOE FUTURES EXCHANGE,2010-07-13,2010-07-16,86615,2038,27946,2167,200,3050,60239,28176,2026-08-04 20:52:26.546631
vix,VIX FUTURES - CBOE FUTURES EXCHANGE,2010-07-20,2010-07-23,96183,2068,32759,2555,200,1993,65457,29620,2026-08-04 20:52:26.546631
vix,VIX FUTURES - CBOE FUTURES EXCHANGE,2010-07-27,2010-07-30,84826,1185,29088,2697,200,0,56893,28337,2026-08-04 20:52:26.546631
vix,VIX FUTURES - CBOE FUTURES EXCHANGE,2010-08-03,2010-08-06,93493,0,31085,3580,916,0,63018,31238,2026-08-04 20:52:26.546631
vix,VIX FUTURES - CBOE FUTURES EXCHANGE,2010-08-10,2010-08-13,100370,0,33035,4111,1008,0,67678,32743,2026-08-04 20:52:26.546631
vix,VIX FUTURES - CBOE FUTURES EXCHANGE,2010-08-17,2010-08-20,105469,15,34754,5088,1008,0,70238,30672,2026-08-04 20:52:26.546631
vix,VIX FUTURES - CBOE FUTURES EXCHANGE,2010-08-24,2010-08-27,95220,0,33115,4001,1011,5,66950,32575,2026-08-04 20:52:26.546631
vix,VIX FUTURES - CBOE FUTURES EXCHANGE,2010-08-31,2010-09-03,99473,0,31568,8044,1431,74,70656,37679,2026-08-04 20:52:26.546631
vix,VIX FUTURES - CBOE FUTURES EXCHANGE,2010-09-07,2010-09-10,109296,892,34449,7904,641,106,74627,45612,2026-08-04 20:52:26.546631
vix,VIX FUTURES - CBOE FUTURES EXCHANGE,2010-09-14,2010-09-17,125941,1231,39533,8337,764,115,79493,41423,2026-08-04 20:52:26.546631
vix,VIX FUTURES - CBOE FUTURES EXCHANGE,2010-09-21,2010-09-24,112535,478,37733,7667,1075,148,77809,39376,2026-08-04 20:52:26.546631
vix,VIX FUTURES - CBOE FUTURES EXCHANGE,2010-09-28,2010-10-01,114567,536,38570,6848,671,375,82474,38108,2026-08-04 20:52:26.546631
vix,VIX FUTURES - CBOE FUTURES EXCHANGE,2010-10-05,2010-10-08,115035,925,37806,8060,671,190,81675,39525,2026-08-04 20:52:26.546631
vix,VIX FUTURES - CBOE FUTURES EXCHANGE,2010-10-12,2010-10-15,129848,218,43447,11269,671,675,87877,41330,2026-08-04 20:52:26.546631
vix,VIX FUTURES - CBOE FUTURES EXCHANGE,2010-10-19,2010-10-22,134943,2051,40052,14032,671,686,86213,44803,2026-08-04 20:52:26.546631
vix,VIX FUTURES - CBOE FUTURES EXCHANGE,2010-10-26,2010-10-29,128299,1020,31782,13511,480,733,79586,45173,2026-08-04 20:52:26.546631
vix,VIX FUTURES - CBOE FUTURES EXCHANGE,2010-11-02,2010-11-05,144288,1382,32947,19172,2131,440,77068,45933,2026-08-04 20:52:26.546631
vix,VIX FUTURES - CBOE FUTURES EXCHANGE,2010-11-09,2010-11-12,147291,1699,32606,25705,2164,627,70649,39906,2026-08-04 20:52:26.546631
vix,VIX FUTURES - CBOE FUTURES EXCHANGE,2010-11-16,2010-11-19,167743,2572,33598,27385,3537,442,77065,49352,2026-08-04 20:52:26.546631
vix,VIX FUTURES - CBOE FUTURES EXCHANGE,2010-11-23,2010-11-26,149160,1908,41941,17608,1265,863,74435,31225,2026-08-04 20:52:26.546631
vix,VIX FUTURES - CBOE FUTURES EXCHANGE,2010-11-30,2010-12-03,147299,1394,42261,18038,4725,456,65549,25448,2026-08-04 20:52:26.546631
vix,VIX FUTURES - CBOE FUTURES EXCHANGE,2010-12-07,2010-12-10,149232,893,43685,20252,5125,363,65746,25167,2026-08-04 20:52:26.546631
vix,VIX FUTURES - CBOE FUTURES EXCHANGE,2010-12-14,2010-12-17,151504,1807,40155,22565,6859,222,59490,29847,2026-08-04 20:52:26.546631
vix,VIX FUTURES - CBOE FUTURES EXCHANGE,2010-12-21,2010-12-24,156004,3021,40358,22597,4881,261,56506,24427,2026-08-04 20:52:26.546631
vix,VIX FUTURES - CBOE FUTURES EXCHANGE,2010-12-28,2010-12-31,141802,1608,35640,17674,213,480,65368,29366,2026-08-04 20:52:26.546631
vix,VIX FUTURES - CBOE FUTURES EXCHANGE,2011-01-04,2011-01-07,149094,1337,37762,18689,2051,514,71847,35316,2026-08-04 20:52:26.546631
vix,VIX FUTURES - CBOE FUTURES EXCHANGE,2011-01-11,2011-01-14,148916,3373,38687,19694,3223,555,64994,33100,2026-08-04 20:52:26.546631
vix,VIX FUTURES - CBOE FUTURES EXCHANGE,2011-01-18,2011-01-21,174010,6185,43868,23510,3208,1301,69121,34356,2026-08-04 20:52:26.546631
vix,VIX FUTURES - CBOE FUTURES EXCHANGE,2011-01-25,2011-01-28,151220,4317,30968,28081,3208,986,67771,43885,2026-08-04 20:52:26.546631
vix,VIX FUTURES - CBOE FUTURES EXCHANGE,2011-02-01,2011-02-04,167414,6420,31093,35669,1888,1082,67691,47114,2026-08-04 20:52:26.546631
vix,VIX FUTURES - CBOE FUTURES EXCHANGE,2011-02-08,2011-02-11,179964,12279,35390,35320,5918,1963,66769,48665,2026-08-04 20:52:26.546631
vix,VIX FUTURES - CBOE FUTURES EXCHANGE,2011-02-15,2011-02-18,178597,12269,33498,31424,6479,1862,60903,45738,2026-08-04 20:52:26.546631
vix,VIX FUTURES - CBOE FUTURES EXCHANGE,2011-02-22,2011-02-25,162587,6469,25984,22552,5358,2090,58607,39038,2026-08-04 20:52:26.546631
vix,VIX FUTURES - CBOE FUTURES EXCHANGE,2011-03-01,2011-03-04,160407,11275,26824,21174,5376,2358,58727,43164,2026-08-04 20:52:26.546631
vix,VIX FUTURES - CBOE FUTURES EXCHANGE,2011-03-08,2011-03-11,181042,11718,29380,22429,5724,2358,70989,55680,2026-08-04 20:52:26.546631
vix,VIX FUTURES - CBOE FUTURES EXCHANGE,2011-03-15,2011-03-18,194208,10455,28475,25077,6299,4834,69537,55479,2026-08-04 20:52:26.546631
vix,VIX FUTURES - CBOE FUTURES EXCHANGE,2011-03-22,2011-03-25,170224,7705,15449,24425,8087,602,56756,57127,2026-08-04 20:52:26.546631
vix,VIX FUTURES - CBOE FUTURES EXCHANGE,2011-03-29,2011-04-01,184059,13797,23808,25421,8398,1546,64812,66923,2026-08-04 20:52:26.546631
vix,VIX FUTURES - CBOE FUTURES EXCHANGE,2011-04-05,2011-04-08,181288,16356,30657,24599,9692,1947,58234,59259,2026-08-04 20:52:26.546631
vix,VIX FUTURES - CBOE FUTURES EXCHANGE,2011-04-12,2011-04-15,188987,16777,33443,24473,10811,2368,57685,55408,2026-08-04 20:52:26.546631
vix,VIX FUTURES - CBOE FUTURES EXCHANGE,2011-04-19,2011-04-22,214924,19197,37889,26087,11300,2305,73097,69334,2026-08-04 20:52:26.546631
vix,VIX FUTURES - CBOE FUTURES EXCHANGE,2011-04-26,2011-04-29,193109,14862,39927,19634,11044,2609,69819,62874,2026-08-04 20:52:26.546631
vix,VIX FUTURES - CBOE FUTURES EXCHANGE,2011-05-03,2011-05-06,215051,12734,41647,22651,11697,2813,69064,64343,2026-08-04 20:52:26.546631
vix,VIX FUTURES - CBOE FUTURES EXCHANGE,2011-05-10,2011-05-13,228069,11844,38629,22606,14048,2809,71656,71235,2026-08-04 20:52:26.546631
vix,VIX FUTURES - CBOE FUTURES EXCHANGE,2011-05-17,2011-05-20,244181,13376,38557,26333,14688,2600,69307,69389,2026-08-04 20:52:26.546631
vix,VIX FUTURES - CBOE FUTURES EXCHANGE,2011-05-24,2011-05-27,235640,12082,36679,25010,13528,2748,80002,72963,2026-08-04 20:52:26.546631
vix,VIX FUTURES - CBOE FUTURES EXCHANGE,2011-05-31,2011-06-03,242358,10696,39818,27440,17430,3014,79194,71096,2026-08-04 20:52:26.546631
vix,VIX FUTURES - CBOE FUTURES EXCHANGE,2011-06-07,2011-06-10,244663,12025,34627,31104,16417,3160,81680,77914,2026-08-04 20:52:26.546631
vix,VIX FUTURES - CBOE FUTURES EXCHANGE,2011-06-14,2011-06-17,248976,13494,36728,28692,10469,2609,89220,80236,2026-08-04 20:52:26.546631
vix,VIX FUTURES - CBOE FUTURES EXCHANGE,2011-06-21,2011-06-24,215571,8022,25617,25877,9151,2056,74536,74084,2026-08-04 20:52:26.546631
vix,VIX FUTURES - CBOE FUTURES EXCHANGE,2011-06-28,2011-07-01,212227,8166,27534,25836,10111,2042,78176,74548,2026-08-04 20:52:26.546631
vix,VIX FUTURES - CBOE FUTURES EXCHANGE,2011-07-05,2011-07-08,212404,14740,48203,23373,13231,3029,71265,56208,2026-08-04 20:52:26.546631
vix,VIX FUTURES - CBOE FUTURES EXCHANGE,2011-07-12,2011-07-15,230154,10236,49003,27917,8579,3007,81409,56919,2026-08-04 20:52:26.546631
vix,VIX FUTURES - CBOE FUTURES EXCHANGE,2011-07-19,2011-07-22,227572,10643,28737,34083,7260,1622,63342,60990,2026-08-04 20:52:26.546631
vix,VIX FUTURES - CBOE FUTURES EXCHANGE,2011-07-26,2011-07-29,220604,8035,24151,32757,6621,1360,57021,53996,2026-08-04 20:52:26.546631
vix,VIX FUTURES - CBOE FUTURES EXCHANGE,2011-08-02,2011-08-05,213494,12756,24518,31483,7146,1414,39293,51890,2026-08-04 20:52:26.546631
vix,VIX FUTURES - CBOE FUTURES EXCHANGE,2011-08-09,2011-08-12,199055,22487,24068,28479,4636,2638,26415,45601,2026-08-04 20:52:26.546631
vix,VIX FUTURES - CBOE FUTURES EXCHANGE,2011-08-16,2011-08-19,199173,17625,11514,31529,5003,4177,24068,52802,2026-08-04 20:52:26.546631
vix,VIX FUTURES - CBOE FUTURES EXCHANGE,2011-08-23,2011-08-26,166998,23681,17845,18447,4707,1586,35072,58270,2026-08-04 20:52:26.546631
vix,VIX FUTURES - CBOE FUTURES EXCHANGE,2011-08-30,2011-09-02,162292,22888,17783,19533,4932,1086,38633,57251,2026-08-04 20:52:26.546631
vix,VIX FUTURES - CBOE FUTURES EXCHANGE,2011-09-06,2011-09-09,166198,22043,20441,17778,4741,766,39730,53363,2026-08-04 20:52:26.546631
vix,VIX FUTURES - CBOE FUTURES EXCHANGE,2011-09-13,2011-09-16,165892,17531,23062,21023,4367,743,44469,43491,2026-08-04 20:52:26.546631
vix,VIX FUTURES - CBOE FUTURES EXCHANGE,2011-09-20,2011-09-23,178964,20734,17136,24662,4399,638,40525,49312,2026-08-04 20:52:26.546631
vix,VIX FUTURES - CBOE FUTURES EXCHANGE,2011-09-27,2011-09-30,149240,15100,12859,21415,4115,652,30543,40091,2026-08-04 20:52:26.546631
vix,VIX FUTURES - CBOE FUTURES EXCHANGE,2011-10-04,2011-10-07,146895,17948,12286,20627,4507,1806,27505,34589,2026-08-04 20:52:26.546631
vix,VIX FUTURES - CBOE FUTURES EXCHANGE,2011-10-11,2011-10-14,154210,18879,18722,21224,4140,1084,37641,40923,2026-08-04 20:52:26.546631
vix,VIX FUTURES - CBOE FUTURES EXCHANGE,2011-10-18,2011-10-21,148583,18870,20555,20845,4016,834,35976,36634,2026-08-04 20:52:26.546631
vix,VIX FUTURES - CBOE FUTURES EXCHANGE,2011-10-25,2011-10-28,133700,11704,11198,19633,4446,834,35286,41366,2026-08-04 20:52:26.546631
vix,VIX FUTURES - CBOE FUTURES EXCHANGE,2011-11-01,2011-11-04,146654,11060,14204,17558,5856,905,37187,40388,2026-08-04 20:52:26.546631
vix,VIX FUTURES - CBOE FUTURES EXCHANGE,2011-11-08,2011-11-11,138086,10161,10772,17437,8294,520,42406,50647,2026-08-04 20:52:26.546631
vix,VIX FUTURES - CBOE FUTURES EXCHANGE,2011-11-15,2011-11-18,147703,10576,14161,18807,9001,515,38622,45317,2026-08-04 20:52:26.546631
vix,VIX FUTURES - CBOE FUTURES EXCHANGE,2011-11-22,2011-11-25,133931,13363,11745,17032,8611,500,37738,49856,2026-08-04 20:52:26.546631
vix,VIX FUTURES - CBOE FUTURES EXCHANGE,2011-11-29,2011-12-02,138609,13917,10801,18116,7857,500,38062,50681,2026-08-04 20:52:26.546631
vix,VIX FUTURES - CBOE FUTURES EXCHANGE,2011-12-06,2011-12-09,148494,14380,19107,17263,9014,776,38832,47137,2026-08-04 20:52:26.546631
vix,VIX FUTURES - CBOE FUTURES EXCHANGE,2011-12-13,2011-12-16,150430,11258,19073,16207,10426,860,39151,42854,2026-08-04 20:52:26.546631
vix,VIX FUTURES - CBOE FUTURES EXCHANGE,2011-12-20,2011-12-23,156992,15715,24770,16054,9138,1238,38801,37633,2026-08-04 20:52:26.546631
vix,VIX FUTURES - CBOE FUTURES EXCHANGE,2011-12-27,2011-12-30,127438,9521,22442,11958,8428,1419,32402,25648,2026-08-04 20:52:26.546631
vix,VIX FUTURES - CBOE FUTURES EXCHANGE,2012-01-03,2012-01-06,128268,9779,24961,11165,8472,1508,34158,24189,2026-08-04 20:52:26.546631
vix,VIX FUTURES - CBOE FUTURES EXCHANGE,2012-01-10,2012-01-13,144035,11868,33669,11791,9229,1712,49544,36604,2026-08-04 20:52:26.546631
vix,VIX FUTURES - CBOE FUTURES EXCHANGE,2012-01-17,2012-01-20,154301,8660,34586,15493,8643,2128,50658,32503,2026-08-04 20:52:26.546631
vix,VIX FUTURES - CBOE FUTURES EXCHANGE,2012-01-24,2012-01-27,151622,12006,45143,9372,9515,1991,60049,33697,2026-08-04 20:52:26.546631
vix,VIX FUTURES - CBOE FUTURES EXCHANGE,2012-01-31,2012-02-03,171354,8474,49752,12103,11592,2415,61568,27293,2026-08-04 20:52:26.546631
vix,VIX FUTURES - CBOE FUTURES EXCHANGE,2012-02-07,2012-02-10,191134,9803,59142,13810,12994,2844,72794,30731,2026-08-04 20:52:26.546631
vix,VIX FUTURES - CBOE FUTURES EXCHANGE,2012-02-14,2012-02-17,209554,7812,67498,11986,13228,2105,94820,43192,2026-08-04 20:52:26.546631
vix,VIX FUTURES - CBOE FUTURES EXCHANGE,2012-02-21,2012-02-24,204578,11891,71221,3684,16086,1983,105180,51259,2026-08-04 20:52:26.546631
vix,VIX FUTURES - CBOE FUTURES EXCHANGE,2012-02-28,2012-03-02,236528,10482,85847,5321,27283,4724,124908,57423,2026-08-04 20:52:26.546631
vix,VIX FUTURES - CBOE FUTURES EXCHANGE,2012-03-06,2012-03-09,271074,6466,96768,9060,31158,5002,144462,63189,2026-08-04 20:52:26.546631
vix,VIX FUTURES - CBOE FUTURES EXCHANGE,2012-03-13,2012-03-16,308953,9968,104097,16002,39234,5522,147154,64098,2026-08-04 20:52:26.546631
vix,VIX FUTURES - CBOE FUTURES EXCHANGE,2012-03-20,2012-03-23,363883,7325,118684,22696,44295,8322,175665,74767,2026-08-04 20:52:26.546631
vix,VIX FUTURES - CBOE FUTURES EXCHANGE,2012-03-27,2012-03-30,304339,6991,101330,13890,31332,6341,154422,64041,2026-08-04 20:52:26.546631
vix,VIX FUTURES - CBOE FUTURES EXCHANGE,2012-04-03,2012-04-06,310512,6368,96683,18773,35388,5899,143526,61232,2026-08-04 20:52:26.546631
vix,VIX FUTURES - CBOE FUTURES EXCHANGE,2012-04-10,2012-04-13,322529,2569,100848,25567,37677,4521,148479,66984,2026-08-04 20:52:26.546631
vix,VIX FUTURES - CBOE FUTURES EXCHANGE,2012-04-17,2012-04-20,340437,5095,102910,28780,38362,3679,139222,59960,2026-08-04 20:52:26.546631
vix,VIX FUTURES - CBOE FUTURES EXCHANGE,2012-04-24,2012-04-27,300629,7409,106794,18676,35515,3707,141324,57371,2026-08-04 20:52:26.546631
vix,VIX FUTURES - CBOE FUTURES EXCHANGE,2012-05-01,2012-05-04,318793,10149,118469,19067,41226,5244,147405,58775,2026-08-04 20:52:26.546631
vix,VIX FUTURES - CBOE FUTURES EXCHANGE,2012-05-08,2012-05-11,326785,6988,109962,21438,38619,4266,143868,62185,2026-08-04 20:52:26.546631
vix,VIX FUTURES - CBOE FUTURES EXCHANGE,2012-05-15,2012-05-18,326566,6651,106805,28103,36675,3964,137384,58557,2026-08-04 20:52:26.546631
vix,VIX FUTURES - CBOE FUTURES EXCHANGE,2012-05-22,2012-05-25,287635,11239,98019,26670,34151,3796,124558,61977,2026-08-04 20:52:26.546631
vix,VIX FUTURES - CBOE FUTURES EXCHANGE,2012-05-29,2012-06-01,272588,17083,87548,26290,33946,3350,105595,53188,2026-08-04 20:52:26.546631
vix,VIX FUTURES - CBOE FUTURES EXCHANGE,2012-06-05,2012-06-08,277015,18458,82735,28854,25671,4142,114695,54134,2026-08-04 20:52:26.546631
vix,VIX FUTURES - CBOE FUTURES EXCHANGE,2012-06-12,2012-06-15,307504,16834,91473,31365,35998,3918,122767,57416,2026-08-04 20:52:26.546631
vix,VIX FUTURES - CBOE FUTURES EXCHANGE,2012-06-19,2012-06-22,343374,25035,107323,30976,43602,5489,122283,54879,2026-08-04 20:52:26.546631
vix,VIX FUTURES - CBOE FUTURES EXCHANGE,2012-06-26,2012-06-29,309767,23664,104312,25057,40113,6296,132479,56365,2026-08-04 20:52:26.546631
vix,VIX FUTURES - CBOE FUTURES EXCHANGE,2012-07-03,2012-07-06,334634,24404,108283,29526,42930,7644,132525,51606,2026-08-04 20:52:26.546631
vix,VIX FUTURES - CBOE FUTURES EXCHANGE,2012-07-10,2012-07-13,334343,23934,111806,32080,42288,8496,127820,47334,2026-08-04 20:52:26.546631
vix,VIX FUTURES - CBOE FUTURES EXCHANGE,2012-07-17,2012-07-20,350768,29119,117503,35953,39844,8719,124268,37972,2026-08-04 20:52:26.546631
vix,VIX FUTURES - CBOE FUTURES EXCHANGE,2012-07-24,2012-07-27,324056,18789,121314,39471,40138,8376,127515,34917,2026-08-04 20:52:26.546631
vix,VIX FUTURES - CBOE FUTURES EXCHANGE,2012-07-31,2012-08-03,312880,20973,114871,36613,41178,8050,121200,35157,2026-08-04 20:52:26.546631
vix,VIX FUTURES - CBOE FUTURES EXCHANGE,2012-08-07,2012-08-10,335902,34087,118228,39608,41274,8864,115656,32097,2026-08-04 20:52:26.546631
vix,VIX FUTURES - CBOE FUTURES EXCHANGE,2012-08-14,2012-08-17,364829,32358,129574,41771,42168,9860,129946,33637,2026-08-04 20:52:26.546631
vix,VIX FUTURES - CBOE FUTURES EXCHANGE,2012-08-21,2012-08-24,403608,34091,136665,48540,46157,10548,131729,33476,2026-08-04 20:52:26.546631
vix,VIX FUTURES - CBOE FUTURES EXCHANGE,2012-08-28,2012-08-31,359935,21331,140609,42881,44586,11509,141208,28492,2026-08-04 20:52:26.546631
vix,VIX FUTURES - CBOE FUTURES EXCHANGE,2012-09-04,2012-09-07,367377,20619,141433,45446,42529,11377,140237,27766,2026-08-04 20:52:26.546631
vix,VIX FUTURES - CBOE FUTURES EXCHANGE,2012-09-11,2012-09-14,406958,25097,149368,47987,41869,13156,144579,29175,2026-08-04 20:52:26.546631
vix,VIX FUTURES - CBOE FUTURES EXCHANGE,2012-09-18,2012-09-21,431265,31626,152016,50504,33258,13006,139067,22895,2026-08-04 20:52:26.546631
vix,VIX FUTURES - CBOE FUTURES EXCHANGE,2012-09-25,2012-09-28,393602,29518,155653,40611,39038,12181,143289,28004,2026-08-04 20:52:26.546631
vix,VIX FUTURES - CBOE FUTURES EXCHANGE,2012-10-02,2012-10-05,390364,24936,148378,40712,38104,12724,143057,28062,2026-08-04 20:52:26.546631
vix,VIX FUTURES - CBOE FUTURES EXCHANGE,2012-10-09,2012-10-12,404089,27645,141971,46791,38603,15911,134895,28252,2026-08-04 20:52:26.546631
vix,VIX FUTURES - CBOE FUTURES EXCHANGE,2012-10-16,2012-10-19,424977,40388,150302,47259,34131,15482,133058,27391,2026-08-04 20:52:26.546631
vix,VIX FUTURES - CBOE FUTURES EXCHANGE,2012-10-23,2012-10-26,376801,30519,145471,39606,34569,14084,124649,23066,2026-08-04 20:52:26.546631
vix,VIX FUTURES - CBOE FUTURES EXCHANGE,2012-10-30,2012-11-02,361488,29393,130142,43524,31800,13371,117323,25420,2026-08-04 20:52:26.546631
vix,VIX FUTURES - CBOE FUTURES EXCHANGE,2012-11-06,2012-11-09,384223,28378,130573,49845,35598,18730,124336,32065,2026-08-04 20:52:26.546631
vix,VIX FUTURES - CBOE FUTURES EXCHANGE,2012-11-13,2012-11-16,382416,32133,125292,52191,36170,19464,116615,31962,2026-08-04 20:52:26.546631
vix,VIX FUTURES - CBOE FUTURES EXCHANGE,2012-11-20,2012-11-23,418381,49923,132207,48226,36510,21455,114205,32132,2026-08-04 20:52:26.546631
vix,VIX FUTURES - CBOE FUTURES EXCHANGE,2012-11-27,2012-11-30,375098,30126,132397,42708,35817,22199,123871,20010,2026-08-04 20:52:26.546631
vix,VIX FUTURES - CBOE FUTURES EXCHANGE,2012-12-04,2012-12-07,396131,31069,140915,48614,29686,19342,124401,15358,2026-08-04 20:52:26.546631
vix,VIX FUTURES - CBOE FUTURES EXCHANGE,2012-12-11,2012-12-14,409743,38289,145173,47285,29338,18189,119580,20883,2026-08-04 20:52:26.546631
vix,VIX FUTURES - CBOE FUTURES EXCHANGE,2012-12-18,2012-12-21,398243,39757,131453,45887,24954,18482,109702,25563,2026-08-04 20:52:26.546631
vix,VIX FUTURES - CBOE FUTURES EXCHANGE,2012-12-24,2012-12-27,330194,28639,122774,35913,28250,15170,99835,25353,2026-08-04 20:52:26.546631
vix,VIX FUTURES - CBOE FUTURES EXCHANGE,2012-12-31,2013-01-03,326066,29845,115540,34028,22437,9260,95442,29529,2026-08-04 20:52:26.546631
vix,VIX FUTURES - CBOE FUTURES EXCHANGE,2013-01-08,2013-01-11,410526,45141,155752,42912,33371,14552,119869,29334,2026-08-04 20:52:26.546631
vix,VIX FUTURES - CBOE FUTURES EXCHANGE,2013-01-15,2013-01-18,462170,61137,172415,48741,40524,17596,119503,30627,2026-08-04 20:52:26.546631
vix,VIX FUTURES - CBOE FUTURES EXCHANGE,2013-01-22,2013-01-25,425350,67669,176024,35530,43260,17897,106853,18062,2026-08-04 20:52:26.546631
vix,VIX FUTURES - CBOE FUTURES EXCHANGE,2013-01-29,2013-02-01,424170,60416,173412,41319,38659,15895,111562,21008,2026-08-04 20:52:26.546631
vix,VIX FUTURES - CBOE FUTURES EXCHANGE,2013-02-05,2013-02-08,429820,54159,169286,53116,39867,15055,109796,21779,2026-08-04 20:52:26.546631
vix,VIX FUTURES - CBOE FUTURES EXCHANGE,2013-02-12,2013-02-15,445319,59968,167672,52362,41750,16695,105877,21662,2026-08-04 20:52:26.546631
vix,VIX FUTURES - CBOE FUTURES EXCHANGE,2013-02-19,2013-02-22,425770,59780,183514,41014,52905,17809,114354,27832,2026-08-04 20:52:26.546631
vix,VIX FUTURES - CBOE FUTURES EXCHANGE,2013-02-26,2013-03-01,409106,46681,176017,48113,48623,15212,125179,35691,2026-08-04 20:52:26.546631
vix,VIX FUTURES - CBOE FUTURES EXCHANGE,2013-03-05,2013-03-08,413877,58143,175152,39609,52485,14086,124942,45623,2026-08-04 20:52:26.546631
vix,VIX FUTURES - CBOE FUTURES EXCHANGE,2013-03-12,2013-03-15,434750,67395,176551,44995,60570,16145,122108,51245,2026-08-04 20:52:26.546631
vix,VIX FUTURES - CBOE FUTURES EXCHANGE,2013-03-19,2013-03-22,463432,63145,164029,54448,59368,16005,124046,57793,2026-08-04 20:52:26.546631
vix,VIX FUTURES - CBOE FUTURES EXCHANGE,2013-03-26,2013-03-29,409747,61509,163934,39642,67185,15080,105544,41309,2026-08-04 20:52:26.546631
vix,VIX FUTURES - CBOE FUTURES EXCHANGE,2013-04-02,2013-04-05,419124,60682,172207,37749,68783,15261,109497,38912,2026-08-04 20:52:26.546631
vix,VIX FUTURES - CBOE FUTURES EXCHANGE,2013-04-09,2013-04-12,438715,56308,172953,39511,71206,16900,115243,41864,2026-08-04 20:52:26.546631
vix,VIX FUTURES - CBOE FUTURES EXCHANGE,2013-04-16,2013-04-19,455094,51484,161788,39489,58132,17321,123796,43765,2026-08-04 20:52:26.546631
vix,VIX FUTURES - CBOE FUTURES EXCHANGE,2013-04-23,2013-04-26,381591,45518,130320,41676,47647,18020,104082,43832,2026-08-04 20:52:26.546631
vix,VIX FUTURES - CBOE FUTURES EXCHANGE,2013-04-30,2013-05-03,388083,41047,136501,55890,54136,16172,104425,40838,2026-08-04 20:52:26.546631
vix,VIX FUTURES - CBOE FUTURES EXCHANGE,2013-05-07,2013-05-10,405092,45114,147557,63593,64672,15595,100705,40693,2026-08-04 20:52:26.546631
vix,VIX FUTURES - CBOE FUTURES EXCHANGE,2013-05-14,2013-05-17,420043,43478,138589,69400,67023,17177,95085,37650,2026-08-04 20:52:26.546631
vix,VIX FUTURES - CBOE FUTURES EXCHANGE,2013-05-21,2013-05-24,434988,43562,134234,78692,64341,17924,91180,33064,2026-08-04 20:52:26.546631
vix,VIX FUTURES - CBOE FUTURES EXCHANGE,2013-05-28,2013-05-31,389387,36027,127101,70346,63636,17638,81690,23153,2026-08-04 20:52:26.546631
vix,VIX FUTURES - CBOE FUTURES EXCHANGE,2013-06-04,2013-06-07,372793,32109,133768,65546,54584,21066,84725,15794,2026-08-04 20:52:26.546631
vix,VIX FUTURES - CBOE FUTURES EXCHANGE,2013-06-11,2013-06-14,367802,31437,123251,61571,47692,21025,86893,19192,2026-08-04 20:52:26.546631
vix,VIX FUTURES - CBOE FUTURES EXCHANGE,2013-06-18,2013-06-21,367704,36355,100668,60910,42235,17088,71730,27665,2026-08-04 20:52:26.546631
vix,VIX FUTURES - CBOE FUTURES EXCHANGE,2013-06-25,2013-06-28,293710,26795,76599,53956,35624,14284,60716,29810,2026-08-04 20:52:26.546631
vix,VIX FUTURES - CBOE FUTURES EXCHANGE,2013-07-02,2013-07-05,301348,27265,91327,56097,46345,19967,72420,25849,2026-08-04 20:52:26.546631
vix,VIX FUTURES - CBOE FUTURES EXCHANGE,2013-07-09,2013-07-12,335927,36266,111297,43339,53507,21248,82836,25244,2026-08-04 20:52:26.546631
vix,VIX FUTURES - CBOE FUTURES EXCHANGE,2013-07-16,2013-07-19,356401,32365,116007,48306,55635,22555,88952,23255,2026-08-04 20:52:26.546631
vix,VIX FUTURES - CBOE FUTURES EXCHANGE,2013-07-23,2013-07-26,359429,35751,143283,47160,57693,25081,103543,13776,2026-08-04 20:52:26.546631
vix,VIX FUTURES - CBOE FUTURES EXCHANGE,2013-07-30,2013-08-02,362693,42075,156231,49593,53980,22798,111439,14116,2026-08-04 20:52:26.546631
vix,VIX FUTURES - CBOE FUTURES EXCHANGE,2013-08-06,2013-08-09,402545,49965,196866,47424,53310,22938,134649,7093,2026-08-04 20:52:26.546631
vix,VIX FUTURES - CBOE FUTURES EXCHANGE,2013-08-13,2013-08-16,441586,56027,224048,49114,49683,21123,150593,6403,2026-08-04 20:52:26.546631
vix,VIX FUTURES - CBOE FUTURES EXCHANGE,2013-08-20,2013-08-23,444632,48239,214560,49456,51110,24812,150131,6670,2026-08-04 20:52:26.546631
vix,VIX FUTURES - CBOE FUTURES EXCHANGE,2013-08-27,2013-08-30,382955,32262,190330,50613,49103,22549,139338,5901,2026-08-04 20:52:26.546631
vix,VIX FUTURES - CBOE FUTURES EXCHANGE,2013-09-03,2013-09-06,355427,30605,182053,40236,39425,17190,133412,4432,2026-08-04 20:52:26.546631
vix,VIX FUTURES - CBOE FUTURES EXCHANGE,2013-09-10,2013-09-13,384595,32213,181130,40797,46351,18494,139068,11703,2026-08-04 20:52:26.546631
vix,VIX FUTURES - CBOE FUTURES EXCHANGE,2013-09-17,2013-09-20,427065,30885,181538,43827,49320,20728,138374,8593,2026-08-04 20:52:26.546631
vix,VIX FUTURES - CBOE FUTURES EXCHANGE,2013-09-24,2013-09-27,368232,33327,163413,37361,53642,19596,116485,12574,2026-08-04 20:52:26.546631
vix,VIX FUTURES - CBOE FUTURES EXCHANGE,2013-10-01,2013-10-04,356219,28445,149172,46422,44746,20953,111104,10091,2026-08-04 20:52:26.546631
vix,VIX FUTURES - CBOE FUTURES EXCHANGE,2013-10-08,2013-10-11,376488,34474,141110,60592,38555,13615,106414,23624,2026-08-04 20:52:26.546631
vix,VIX FUTURES - CBOE FUTURES EXCHANGE,2013-10-15,2013-10-18,362200,22858,118916,55852,33935,15096,111381,29525,2026-08-04 20:52:26.546631
vix,VIX FUTURES - CBOE FUTURES EXCHANGE,2013-10-22,2013-10-25,350915,41081,107699,48840,42327,17356,93665,35309,2026-08-04 20:52:26.546631
vix,VIX FUTURES - CBOE FUTURES EXCHANGE,2013-10-29,2013-11-01,362490,42189,122266,49839,55452,19589,92614,34627,2026-08-04 20:52:26.546631
vix,VIX FUTURES - CBOE FUTURES EXCHANGE,2013-11-05,2013-11-08,389521,53525,136711,55773,64485,20887,86874,36445,2026-08-04 20:52:26.546631
vix,VIX FUTURES - CBOE FUTURES EXCHANGE,2013-11-12,2013-11-15,407724,53271,134767,62120,66269,22631,86294,34774,2026-08-04 20:52:26.546631
vix,VIX FUTURES - CBOE FUTURES EXCHANGE,2013-11-19,2013-11-22,439641,64458,149716,56154,69310,23686,93011,35668,2026-08-04 20:52:26.546631
vix,VIX FUTURES - CBOE FUTURES EXCHANGE,2013-11-26,2013-11-29,413869,55768,145930,63458,63170,23581,84859,21656,2026-08-04 20:52:26.546631
vix,VIX FUTURES - CBOE FUTURES EXCHANGE,2013-12-03,2013-12-06,381272,41427,133097,62739,59751,25856,84494,20743,2026-08-04 20:52:26.546631
vix,VIX FUTURES - CBOE FUTURES EXCHANGE,2013-12-10,2013-12-13,387342,51254,149711,50762,59269,23772,90019,21904,2026-08-04 20:52:26.546631
vix,VIX FUTURES - CBOE FUTURES EXCHANGE,2013-12-17,2013-12-20,378966,38557,139768,64435,51120,22640,77248,22128,2026-08-04 20:52:26.546631
vix,VIX FUTURES - CBOE FUTURES EXCHANGE,2013-12-24,2013-12-27,354273,55618,130583,46200,47969,23884,71981,31123,2026-08-04 20:52:26.546631
vix,VIX FUTURES - CBOE FUTURES EXCHANGE,2013-12-31,2014-01-03,349696,57256,131803,45065,51525,24528,73819,28233,2026-08-04 20:52:26.546631
vix,VIX FUTURES - CBOE FUTURES EXCHANGE,2014-01-07,2014-01-10,359668,63271,139849,47524,48073,25032,83059,27873,2026-08-04 20:52:26.546631
vix,VIX FUTURES - CBOE FUTURES EXCHANGE,2014-01-14,2014-01-17,397328,65869,157286,47071,52556,26844,95883,27541,2026-08-04 20:52:26.546631
vix,VIX FUTURES - CBOE FUTURES EXCHANGE,2014-01-21,2014-01-24,416956,71082,158866,48479,57531,26800,96529,27625,2026-08-04 20:52:26.546631
vix,VIX FUTURES - CBOE FUTURES EXCHANGE,2014-01-28,2014-01-31,376043,55983,144172,52877,42946,21141,94932,25094,2026-08-04 20:52:26.546631
vix,VIX FUTURES - CBOE FUTURES EXCHANGE,2014-02-04,2014-02-07,384117,49372,128349,58794,36943,14048,86998,63543,2026-08-04 20:52:26.546631
vix,VIX FUTURES - CBOE FUTURES EXCHANGE,2014-02-11,2014-02-14,378851,48477,94340,62372,27679,14077,77858,75587,2026-08-04 20:52:26.546631
vix,VIX FUTURES - CBOE FUTURES EXCHANGE,2014-02-18,2014-02-21,409111,66828,90345,64114,28079,19588,80551,68125,2026-08-04 20:52:26.546631
vix,VIX FUTURES - CBOE FUTURES EXCHANGE,2014-02-25,2014-02-28,367042,70104,91414,56595,33917,18401,64652,54809,2026-08-04 20:52:26.546631
vix,VIX FUTURES - CBOE FUTURES EXCHANGE,2014-03-04,2014-03-07,362996,60384,90203,70459,37495,19589,65633,47201,2026-08-04 20:52:26.546631
vix,VIX FUTURES - CBOE FUTURES EXCHANGE,2014-03-11,2014-03-14,355040,61692,90209,67981,44084,19581,58509,48998,2026-08-04 20:52:26.546631
vix,VIX FUTURES - CBOE FUTURES EXCHANGE,2014-03-18,2014-03-21,336625,54413,72503,58114,42883,16422,49924,48993,2026-08-04 20:52:26.546631
vix,VIX FUTURES - CBOE FUTURES EXCHANGE,2014-03-25,2014-03-28,335826,58466,80183,62909,47887,19254,45565,48625,2026-08-04 20:52:26.546631
vix,VIX FUTURES - CBOE FUTURES EXCHANGE,2014-04-01,2014-04-04,357046,69263,108762,58026,50486,21861,65748,46668,2026-08-04 20:52:26.546631
vix,VIX FUTURES - CBOE FUTURES EXCHANGE,2014-04-08,2014-04-11,359952,61513,106680,61727,49751,23372,66641,39839,2026-08-04 20:52:26.546631
vix,VIX FUTURES - CBOE FUTURES EXCHANGE,2014-04-15,2014-04-18,368887,57855,107995,60796,37821,21898,78719,38447,2026-08-04 20:52:26.546631
vix,VIX FUTURES - CBOE FUTURES EXCHANGE,2014-04-22,2014-04-25,362130,64064,121170,53629,42601,20412,74569,32067,2026-08-04 20:52:26.546631
vix,VIX FUTURES - CBOE FUTURES EXCHANGE,2014-04-29,2014-05-02,365215,60954,136976,46960,47694,21125,84172,31153,2026-08-04 20:52:26.546631
vix,VIX FUTURES - CBOE FUTURES EXCHANGE,2014-05-06,2014-05-09,391848,50214,149845,49868,56855,24792,93857,26762,2026-08-04 20:52:26.546631
vix,VIX FUTURES - CBOE FUTURES EXCHANGE,2014-05-13,2014-05-16,419669,71833,174652,53000,61151,27539,100991,28608,2026-08-04 20:52:26.546631
vix,VIX FUTURES - CBOE FUTURES EXCHANGE,2014-05-20,2014-05-23,425151,86181,174608,43126,60451,29375,88196,27674,2026-08-04 20:52:26.546631
vix,VIX FUTURES - CBOE FUTURES EXCHANGE,2014-05-27,2014-05-30,420366,82267,177679,45071,56748,27160,89325,24706,2026-08-04 20:52:26.546631
vix,VIX FUTURES - CBOE FUTURES EXCHANGE,2014-06-03,2014-06-06,448926,99999,191964,52908,61667,31002,84315,23054,2026-08-04 20:52:26.546631
vix,VIX FUTURES - CBOE FUTURES EXCHANGE,2014-06-10,2014-06-13,457503,102089,192832,52953,55070,35766,87384,20311,2026-08-04 20:52:26.546631
vix,VIX FUTURES - CBOE FUTURES EXCHANGE,2014-06-17,2014-06-20,456312,91664,185492,61955,53359,28189,92784,19906,2026-08-04 20:52:26.546631
vix,VIX FUTURES - CBOE FUTURES EXCHANGE,2014-06-24,2014-06-27,424966,76985,178592,58873,57165,27404,87179,15828,2026-08-04 20:52:26.546631
vix,VIX FUTURES - CBOE FUTURES EXCHANGE,2014-07-01,2014-07-04,449836,85636,187273,66688,50347,28466,101413,20157,2026-08-04 20:52:26.546631
vix,VIX FUTURES - CBOE FUTURES EXCHANGE,2014-07-08,2014-07-11,457197,88100,187222,70134,48533,29528,104640,22021,2026-08-04 20:52:26.546631
vix,VIX FUTURES - CBOE FUTURES EXCHANGE,2014-07-15,2014-07-18,435001,79750,163173,65839,41792,29049,103979,28088,2026-08-04 20:52:26.546631
vix,VIX FUTURES - CBOE FUTURES EXCHANGE,2014-07-22,2014-07-25,414392,80909,151421,70582,43537,30649,91073,28454,2026-08-04 20:52:26.546631
vix,VIX FUTURES - CBOE FUTURES EXCHANGE,2014-07-29,2014-08-01,419946,74143,154811,68556,45403,32393,97843,27924,2026-08-04 20:52:26.546631
vix,VIX FUTURES - CBOE FUTURES EXCHANGE,2014-08-05,2014-08-08,409891,77067,131646,69852,33856,23871,82247,32803,2026-08-04 20:52:26.546631
vix,VIX FUTURES - CBOE FUTURES EXCHANGE,2014-08-12,2014-08-15,390841,75484,83168,69714,23582,23850,71625,57964,2026-08-04 20:52:26.546631
vix,VIX FUTURES - CBOE FUTURES EXCHANGE,2014-08-19,2014-08-22,418454,89697,95750,73342,33742,28986,66487,61609,2026-08-04 20:52:26.546631
vix,VIX FUTURES - CBOE FUTURES EXCHANGE,2014-08-26,2014-08-29,414365,82445,112742,61488,49869,29437,64951,45640,2026-08-04 20:52:26.546631
vix,VIX FUTURES - CBOE FUTURES EXCHANGE,2014-09-02,2014-09-05,409378,76241,111561,62163,54756,30767,61666,42862,2026-08-04 20:52:26.546631
vix,VIX FUTURES - CBOE FUTURES EXCHANGE,2014-09-09,2014-09-12,425310,85662,123437,62582,59555,32936,61706,41467,2026-08-04 20:52:26.546631
vix,VIX FUTURES - CBOE FUTURES EXCHANGE,2014-09-16,2014-09-19,413477,72963,121200,51130,52857,32445,76679,41983,2026-08-04 20:52:26.546631
vix,VIX FUTURES - CBOE FUTURES EXCHANGE,2014-09-23,2014-09-26,389039,69771,126875,54064,56061,24871,80367,38482,2026-08-04 20:52:26.546631
vix,VIX FUTURES - CBOE FUTURES EXCHANGE,2014-09-30,2014-10-03,358837,55488,91934,57353,35662,27787,73712,33017,2026-08-04 20:52:26.546631
vix,VIX FUTURES - CBOE FUTURES EXCHANGE,2014-10-07,2014-10-10,365241,53536,79092,59132,38247,26535,72690,48644,2026-08-04 20:52:26.546631
vix,VIX FUTURES - CBOE FUTURES EXCHANGE,2014-10-14,2014-10-17,407816,76149,78937,54489,33668,19602,82256,93997,2026-08-04 20:52:26.546631
vix,VIX FUTURES - CBOE FUTURES EXCHANGE,2014-10-21,2014-10-24,422049,101216,51686,62956,15333,17692,77177,129967,2026-08-04 20:52:26.546631
vix,VIX FUTURES - CBOE FUTURES EXCHANGE,2014-10-28,2014-10-31,355595,94637,35868,53069,9418,21523,53274,103345,2026-08-04 20:52:26.546631
vix,VIX FUTURES - CBOE FUTURES EXCHANGE,2014-11-04,2014-11-07,354875,80730,44036,55072,27150,20374,48829,86743,2026-08-04 20:52:26.546631
vix,VIX FUTURES - CBOE FUTURES EXCHANGE,2014-11-11,2014-11-14,392934,95096,54694,60614,29851,26936,52612,96002,2026-08-04 20:52:26.546631
vix,VIX FUTURES - CBOE FUTURES EXCHANGE,2014-11-18,2014-11-21,385463,75010,58615,58948,50476,25810,45533,79726,2026-08-04 20:52:26.546631
vix,VIX FUTURES - CBOE FUTURES EXCHANGE,2014-11-25,2014-11-28,369744,72040,71232,47756,46095,29018,56397,72141,2026-08-04 20:52:26.546631
vix,VIX FUTURES - CBOE FUTURES EXCHANGE,2014-12-02,2014-12-05,373854,61941,75639,50352,47919,30900,62515,64916,2026-08-04 20:52:26.546631
vix,VIX FUTURES - CBOE FUTURES EXCHANGE,2014-12-09,2014-12-12,361415,49437,75974,49870,54410,31758,64992,59382,2026-08-04 20:52:26.546631
vix,VIX FUTURES - CBOE FUTURES EXCHANGE,2014-12-16,2014-12-19,324703,50323,84297,52635,35285,22698,58605,38901,2026-08-04 20:52:26.546631
vix,VIX FUTURES - CBOE FUTURES EXCHANGE,2014-12-23,2014-12-26,325276,71175,52674,45263,9626,23022,63255,70451,2026-08-04 20:52:26.546631
vix,VIX FUTURES - CBOE FUTURES EXCHANGE,2014-12-30,2015-01-02,308318,62780,52156,42342,16544,24088,66206,70157,2026-08-04 20:52:26.546631
vix,VIX FUTURES - CBOE FUTURES EXCHANGE,2015-01-06,2015-01-09,285927,57343,59133,40045,25948,22437,52617,57555,2026-08-04 20:52:26.546631
vix,VIX FUTURES - CBOE FUTURES EXCHANGE,2015-01-13,2015-01-16,295473,64803,64820,38968,27100,18488,49267,59223,2026-08-04 20:52:26.546631
vix,VIX FUTURES - CBOE FUTURES EXCHANGE,2015-01-20,2015-01-23,306961,69582,56617,48319,26091,17002,31017,58078,2026-08-04 20:52:26.546631
vix,VIX FUTURES - CBOE FUTURES EXCHANGE,2015-01-27,2015-01-30,275472,66947,37267,39159,25133,16931,26234,69659,2026-08-04 20:52:26.546631
vix,VIX FUTURES - CBOE FUTURES EXCHANGE,2015-02-03,2015-02-06,275773,84352,46161,42543,20930,16416,17575,62874,2026-08-04 20:52:26.546631
vix,VIX FUTURES - CBOE FUTURES EXCHANGE,2015-02-10,2015-02-13,296263,83195,65734,47649,31576,18124,19043,53117,2026-08-04 20:52:26.546631
vix,VIX FUTURES - CBOE FUTURES EXCHANGE,2015-02-17,2015-02-20,329988,78120,65900,53488,44032,22565,17440,52832,2026-08-04 20:52:26.546631
vix,VIX FUTURES - CBOE FUTURES EXCHANGE,2015-02-24,2015-02-27,308036,72670,77895,46077,55038,25511,25552,45894,2026-08-04 20:52:26.546631
vix,VIX FUTURES - CBOE FUTURES EXCHANGE,2015-03-03,2015-03-06,337070,52925,107373,50418,72600,29882,48052,28837,2026-08-04 20:52:26.546631
vix,VIX FUTURES - CBOE FUTURES EXCHANGE,2015-03-10,2015-03-13,355240,39304,124322,54701,88231,32840,58209,19288,2026-08-04 20:52:26.546631
vix,VIX FUTURES - CBOE FUTURES EXCHANGE,2015-03-17,2015-03-20,353684,39753,120388,54473,78358,33565,64900,20034,2026-08-04 20:52:26.546631
vix,VIX FUTURES - CBOE FUTURES EXCHANGE,2015-03-24,2015-03-27,349371,37039,137946,50966,92095,37689,71925,13506,2026-08-04 20:52:26.546631
vix,VIX FUTURES - CBOE FUTURES EXCHANGE,2015-03-31,2015-04-03,354795,31729,134850,61438,88142,37703,84678,17565,2026-08-04 20:52:26.546631
vix,VIX FUTURES - CBOE FUTURES EXCHANGE,2015-04-07,2015-04-10,379421,46942,151630,69993,83311,38122,83530,14882,2026-08-04 20:52:26.546631
vix,VIX FUTURES - CBOE FUTURES EXCHANGE,2015-04-14,2015-04-17,399783,46273,156965,64361,73356,38040,95154,14594,2026-08-04 20:52:26.546631
vix,VIX FUTURES - CBOE FUTURES EXCHANGE,2015-04-21,2015-04-24,368262,43509,158606,55137,81317,40424,103333,21632,2026-08-04 20:52:26.546631
vix,VIX FUTURES - CBOE FUTURES EXCHANGE,2015-04-28,2015-05-01,389284,50809,179817,54453,83139,41296,115061,20544,2026-08-04 20:52:26.546631
vix,VIX FUTURES - CBOE FUTURES EXCHANGE,2015-05-05,2015-05-08,395445,43614,181904,61425,89412,41730,117156,15544,2026-08-04 20:52:26.546631
vix,VIX FUTURES - CBOE FUTURES EXCHANGE,2015-05-12,2015-05-15,386206,38543,174214,63783,87337,40353,114446,14945,2026-08-04 20:52:26.546631
vix,VIX FUTURES - CBOE FUTURES EXCHANGE,2015-05-19,2015-05-22,418584,61278,173809,75133,72714,39608,107126,19638,2026-08-04 20:52:26.546631
vix,VIX FUTURES - CBOE FUTURES EXCHANGE,2015-05-26,2015-05-29,385211,47144,174592,63678,77151,38817,111410,15368,2026-08-04 20:52:26.546631
vix,VIX FUTURES - CBOE FUTURES EXCHANGE,2015-06-02,2015-06-05,379061,43105,176150,63142,74759,38076,116350,13389,2026-08-04 20:52:26.546631
vix,VIX FUTURES - CBOE FUTURES EXCHANGE,2015-06-09,2015-06-12,365614,41385,166978,52404,67843,38515,117736,16192,2026-08-04 20:52:26.546631
vix,VIX FUTURES - CBOE FUTURES EXCHANGE,2015-06-16,2015-06-19,373381,54399,165023,55704,53221,37297,115738,18728,2026-08-04 20:52:26.546631
vix,VIX FUTURES - CBOE FUTURES EXCHANGE,2015-06-23,2015-06-26,366536,51730,160122,49715,81860,40959,94427,15790,2026-08-04 20:52:26.546631
vix,VIX FUTURES - CBOE FUTURES EXCHANGE,2015-06-30,2015-07-03,336956,43069,137116,47543,68963,38135,84342,13143,2026-08-04 20:52:26.546631
vix,VIX FUTURES - CBOE FUTURES EXCHANGE,2015-07-07,2015-07-10,316571,57892,110185,46818,49853,33962,70959,27015,2026-08-04 20:52:26.546631
vix,VIX FUTURES - CBOE FUTURES EXCHANGE,2015-07-14,2015-07-17,329967,56698,96335,54887,49905,33553,75385,43455,2026-08-04 20:52:26.546631
vix,VIX FUTURES - CBOE FUTURES EXCHANGE,2015-07-21,2015-07-24,368795,91507,128015,57288,54693,41158,75303,43781,2026-08-04 20:52:26.546631
vix,VIX FUTURES - CBOE FUTURES EXCHANGE,2015-07-28,2015-07-31,317371,67677,127354,43959,55035,40958,74009,18853,2026-08-04 20:52:26.546631
vix,VIX FUTURES - CBOE FUTURES EXCHANGE,2015-08-04,2015-08-07,332508,71919,132475,50523,58560,42595,74105,17688,2026-08-04 20:52:26.546631
vix,VIX FUTURES - CBOE FUTURES EXCHANGE,2015-08-11,2015-08-14,350640,64921,154993,54668,60084,40978,84950,6612,2026-08-04 20:52:26.546631
vix,VIX FUTURES - CBOE FUTURES EXCHANGE,2015-08-18,2015-08-21,344113,70970,138061,53293,48975,41481,83914,16084,2026-08-04 20:52:26.546631
vix,VIX FUTURES - CBOE FUTURES EXCHANGE,2015-08-25,2015-08-28,318599,77221,109481,46663,39425,25817,65355,47452,2026-08-04 20:52:26.546631
vix,VIX FUTURES - CBOE FUTURES EXCHANGE,2015-09-01,2015-09-04,330119,103926,88193,45219,26577,23726,54205,70064,2026-08-04 20:52:26.546631
vix,VIX FUTURES - CBOE FUTURES EXCHANGE,2015-09-08,2015-09-11,328265,103819,61157,51211,24544,29448,49308,87264,2026-08-04 20:52:26.546631
vix,VIX FUTURES - CBOE FUTURES EXCHANGE,2015-09-15,2015-09-18,358430,107615,43862,67137,20142,30806,48322,104676,2026-08-04 20:52:26.546631
vix,VIX FUTURES - CBOE FUTURES EXCHANGE,2015-09-22,2015-09-25,313001,97871,49436,53323,22852,30006,47154,93017,2026-08-04 20:52:26.546631
vix,VIX FUTURES - CBOE FUTURES EXCHANGE,2015-09-29,2015-10-02,304870,98700,48037,53054,22716,29618,41111,85345,2026-08-04 20:52:26.546631
vix,VIX FUTURES - CBOE FUTURES EXCHANGE,2015-10-06,2015-10-09,323209,97885,36993,58491,21267,29390,44311,101204,2026-08-04 20:52:26.546631
vix,VIX FUTURES - CBOE FUTURES EXCHANGE,2015-10-13,2015-10-16,332413,98430,39084,64381,26973,28577,37074,95809,2026-08-04 20:52:26.546631
vix,VIX FUTURES - CBOE FUTURES EXCHANGE,2015-10-20,2015-10-23,333525,81426,36183,56777,37218,31617,36252,90496,2026-08-04 20:52:26.546631
vix,VIX FUTURES - CBOE FUTURES EXCHANGE,2015-10-27,2015-10-30,312340,71101,44415,46545,40621,33504,43784,81377,2026-08-04 20:52:26.546631
vix,VIX FUTURES - CBOE FUTURES EXCHANGE,2015-11-03,2015-11-06,321131,74002,55436,46773,47637,35865,46692,75319,2026-08-04 20:52:26.546631
vix,VIX FUTURES - CBOE FUTURES EXCHANGE,2015-11-10,2015-11-13,324542,69591,67217,46495,50984,35683,58657,76558,2026-08-04 20:52:26.546631
vix,VIX FUTURES - CBOE FUTURES EXCHANGE,2015-11-17,2015-11-20,297025,48203,69061,45709,51037,32158,60862,66562,2026-08-04 20:52:26.546631
vix,VIX FUTURES - CBOE FUTURES EXCHANGE,2015-11-24,2015-11-27,286132,49773,57405,44043,53702,33635,53114,63998,2026-08-04 20:52:26.546631
vix,VIX FUTURES - CBOE FUTURES EXCHANGE,2015-12-01,2015-12-04,312156,51355,67815,47053,52516,35776,62527,66601,2026-08-04 20:52:26.546631
vix,VIX FUTURES - CBOE FUTURES EXCHANGE,2015-12-08,2015-12-11,295272,40888,77306,38993,60866,34737,62634,56335,2026-08-04 20:52:26.546631
vix,VIX FUTURES - CBOE FUTURES EXCHANGE,2015-12-15,2015-12-18,281186,46836,54247,41672,33521,34243,66587,62667,2026-08-04 20:52:26.546631
vix,VIX FUTURES - CBOE FUTURES EXCHANGE,2015-12-22,2015-12-25,249793,46215,41452,32458,20875,25162,66589,69039,2026-08-04 20:52:26.546631
vix,VIX FUTURES - CBOE FUTURES EXCHANGE,2015-12-29,2016-01-01,265867,38746,55398,31289,49040,26754,64222,68611,2026-08-04 20:52:26.546631
vix,VIX FUTURES - CBOE FUTURES EXCHANGE,2016-01-05,2016-01-08,243307,34570,52477,30207,38856,23528,56991,57456,2026-08-04 20:52:26.546631
vix,VIX FUTURES - CBOE FUTURES EXCHANGE,2016-01-12,2016-01-15,243063,57436,43517,34782,15999,21628,48355,56478,2026-08-04 20:52:26.546631
vix,VIX FUTURES - CBOE FUTURES EXCHANGE,2016-01-19,2016-01-22,277758,71269,63406,36166,25020,6960,41103,62718,2026-08-04 20:52:26.546631
vix,VIX FUTURES - CBOE FUTURES EXCHANGE,2016-01-26,2016-01-29,249347,70217,46783,33438,31360,6734,23182,68996,2026-08-04 20:52:26.546631
vix,VIX FUTURES - CBOE FUTURES EXCHANGE,2016-02-02,2016-02-05,252613,56338,49274,33748,50169,6942,22900,68661,2026-08-04 20:52:26.546631
vix,VIX FUTURES - CBOE FUTURES EXCHANGE,2016-02-09,2016-02-12,261604,63756,60705,36943,44361,7105,21171,67084,2026-08-04 20:52:26.546631
vix,VIX FUTURES - CBOE FUTURES EXCHANGE,2016-02-16,2016-02-19,266868,63239,47796,44521,40364,6819,22084,74147,2026-08-04 20:52:26.546631
vix,VIX FUTURES - CBOE FUTURES EXCHANGE,2016-02-23,2016-02-26,248064,42913,42397,42871,60477,8935,21757,75788,2026-08-04 20:52:26.546631
vix,VIX FUTURES - CBOE FUTURES EXCHANGE,2016-03-01,2016-03-04,273237,49697,52473,39401,67401,11337,23185,75213,2026-08-04 20:52:26.546631
vix,VIX FUTURES - CBOE FUTURES EXCHANGE,2016-03-08,2016-03-11,293296,46803,75417,45751,84414,15287,19215,58817,2026-08-04 20:52:26.546631
vix,VIX FUTURES - CBOE FUTURES EXCHANGE,2016-03-15,2016-03-18,312450,54729,84987,47260,78514,20744,31756,57494,2026-08-04 20:52:26.546631
vix,VIX FUTURES - CBOE FUTURES EXCHANGE,2016-03-22,2016-03-25,322164,40557,124538,48317,95269,33573,44406,23124,2026-08-04 20:52:26.546631
vix,VIX FUTURES - CBOE FUTURES EXCHANGE,2016-03-29,2016-04-01,338446,42445,128209,51190,89933,43209,59872,19800,2026-08-04 20:52:26.546631
vix,VIX FUTURES - CBOE FUTURES EXCHANGE,2016-04-05,2016-04-08,395270,25211,159981,55995,123923,56904,84137,17561,2026-08-04 20:52:26.546631
vix,VIX FUTURES - CBOE FUTURES EXCHANGE,2016-04-12,2016-04-15,408198,27914,158600,62270,114206,55228,96053,17010,2026-08-04 20:52:26.546631
vix,VIX FUTURES - CBOE FUTURES EXCHANGE,2016-04-19,2016-04-22,462357,37275,200807,66676,131227,48264,109406,23151,2026-08-04 20:52:26.546631
vix,VIX FUTURES - CBOE FUTURES EXCHANGE,2016-04-26,2016-04-29,448613,28938,201295,68737,126371,55251,128058,16194,2026-08-04 20:52:26.546631
vix,VIX FUTURES - CBOE FUTURES EXCHANGE,2016-05-03,2016-05-06,451899,24689,191635,76276,116709,57613,129800,11347,2026-08-04 20:52:26.546631
vix,VIX FUTURES - CBOE FUTURES EXCHANGE,2016-05-10,2016-05-13,463497,43743,196160,73959,102582,63226,133502,14867,2026-08-04 20:52:26.546631
vix,VIX FUTURES - CBOE FUTURES EXCHANGE,2016-05-17,2016-05-20,464177,33305,197081,70224,105718,59167,142495,13505,2026-08-04 20:52:26.546631
vix,VIX FUTURES - CBOE FUTURES EXCHANGE,2016-05-24,2016-05-27,438355,33825,195483,63784,111414,61335,137763,11752,2026-08-04 20:52:26.546631
vix,VIX FUTURES - CBOE FUTURES EXCHANGE,2016-05-31,2016-06-03,468183,38493,220720,62435,112125,55949,150489,13674,2026-08-04 20:52:26.546631
vix,VIX FUTURES - CBOE FUTURES EXCHANGE,2016-06-07,2016-06-10,501258,44555,226939,79450,109238,55335,153658,15365,2026-08-04 20:52:26.546631
vix,VIX FUTURES - CBOE FUTURES EXCHANGE,2016-06-14,2016-06-17,436303,21066,179919,69690,98821,48647,135933,15566,2026-08-04 20:52:26.546631
vix,VIX FUTURES - CBOE FUTURES EXCHANGE,2016-06-21,2016-06-24,382528,22300,145890,59068,102729,39983,104741,26098,2026-08-04 20:52:26.546631
vix,VIX FUTURES - CBOE FUTURES EXCHANGE,2016-06-28,2016-07-01,373156,36989,123994,50700,62784,28294,101785,39159,2026-08-04 20:52:26.546631
vix,VIX FUTURES - CBOE FUTURES EXCHANGE,2016-07-05,2016-07-08,412513,37434,159026,59935,101815,14641,98895,54424,2026-08-04 20:52:26.546631
vix,VIX FUTURES - CBOE FUTURES EXCHANGE,2016-07-12,2016-07-15,466233,64430,181722,64682,104780,18279,110745,70643,2026-08-04 20:52:26.546631
vix,VIX FUTURES - CBOE FUTURES EXCHANGE,2016-07-19,2016-07-22,511186,72721,208570,79909,114784,24078,111203,59661,2026-08-04 20:52:26.546631
vix,VIX FUTURES - CBOE FUTURES EXCHANGE,2016-07-26,2016-07-29,491873,56865,221865,75155,114275,31415,135718,43451,2026-08-04 20:52:26.546631
vix,VIX FUTURES - CBOE FUTURES EXCHANGE,2016-08-02,2016-08-05,516359,59135,224973,82601,106272,41218,148432,45588,2026-08-04 20:52:26.546631
vix,VIX FUTURES - CBOE FUTURES EXCHANGE,2016-08-09,2016-08-12,542622,67380,231626,96259,101764,47013,160998,52338,2026-08-04 20:52:26.546631
vix,VIX FUTURES - CBOE FUTURES EXCHANGE,2016-08-16,2016-08-19,541636,83669,240805,90693,98957,41594,146834,44629,2026-08-04 20:52:26.546631
vix,VIX FUTURES - CBOE FUTURES EXCHANGE,2016-08-23,2016-08-26,507877,56404,242916,80840,116958,44292,149334,25153,2026-08-04 20:52:26.546631
vix,VIX FUTURES - CBOE FUTURES EXCHANGE,2016-08-30,2016-09-02,511241,53897,244443,78578,118679,46750,149514,20809,2026-08-04 20:52:26.546631
vix,VIX FUTURES - CBOE FUTURES EXCHANGE,2016-09-06,2016-09-09,547744,56283,251769,98046,113215,50361,157851,21635,2026-08-04 20:52:26.546631
vix,VIX FUTURES - CBOE FUTURES EXCHANGE,2016-09-13,2016-09-16,478117,41228,196415,83948,80121,38422,138645,14407,2026-08-04 20:52:26.546631
vix,VIX FUTURES - CBOE FUTURES EXCHANGE,2016-09-20,2016-09-23,471105,53886,181839,87856,65402,33516,120294,15039,2026-08-04 20:52:26.546631
vix,VIX FUTURES - CBOE FUTURES EXCHANGE,2016-09-27,2016-09-30,473209,32263,194825,87400,100253,38828,127589,19889,2026-08-04 20:52:26.546631
vix,VIX FUTURES - CBOE FUTURES EXCHANGE,2016-10-04,2016-10-07,482610,41030,203244,76456,113358,40059,118571,23805,2026-08-04 20:52:26.546631
vix,VIX FUTURES - CBOE FUTURES EXCHANGE,2016-10-11,2016-10-14,492032,45769,205254,84160,116635,44815,114105,22347,2026-08-04 20:52:26.546631
vix,VIX FUTURES - CBOE FUTURES EXCHANGE,2016-10-18,2016-10-21,473819,61358,185747,89577,86463,43222,109814,24264,2026-08-04 20:52:26.546631
vix,VIX FUTURES - CBOE FUTURES EXCHANGE,2016-10-25,2016-10-28,436770,35905,198730,68401,118431,46564,125270,24022,2026-08-04 20:52:26.546631
vix,VIX FUTURES - CBOE FUTURES EXCHANGE,2016-11-01,2016-11-04,428792,35048,188272,68946,102950,43484,117430,15659,2026-08-04 20:52:26.546631
vix,VIX FUTURES - CBOE FUTURES EXCHANGE,2016-11-08,2016-11-11,411483,56653,166205,66548,73998,34831,95220,24235,2026-08-04 20:52:26.546631
vix,VIX FUTURES - CBOE FUTURES EXCHANGE,2016-11-15,2016-11-18,451231,73142,153604,94417,61976,30641,85803,29051,2026-08-04 20:52:26.546631
vix,VIX FUTURES - CBOE FUTURES EXCHANGE,2016-11-22,2016-11-25,389937,39645,182370,64181,102949,34377,92542,14857,2026-08-04 20:52:26.546631
vix,VIX FUTURES - CBOE FUTURES EXCHANGE,2016-11-29,2016-12-02,408886,44343,195494,69278,110832,37319,94838,16516,2026-08-04 20:52:26.546631
vix,VIX FUTURES - CBOE FUTURES EXCHANGE,2016-12-06,2016-12-09,431627,49848,195423,80928,103511,41994,104909,19603,2026-08-04 20:52:26.546631
vix,VIX FUTURES - CBOE FUTURES EXCHANGE,2016-12-13,2016-12-16,445922,39249,184816,91085,107677,43200,104063,19203,2026-08-04 20:52:26.546631
vix,VIX FUTURES - CBOE FUTURES EXCHANGE,2016-12-20,2016-12-23,462774,77948,192243,85548,68641,41285,106735,21435,2026-08-04 20:52:26.546631
vix,VIX FUTURES - CBOE FUTURES EXCHANGE,2016-12-27,2016-12-30,411321,60768,187847,72072,92319,44376,102475,19954,2026-08-04 20:52:26.546631
vix,VIX FUTURES - CBOE FUTURES EXCHANGE,2017-01-03,2017-01-06,411436,63191,188009,72928,84722,44599,105356,18381,2026-08-04 20:52:26.546631
vix,VIX FUTURES - CBOE FUTURES EXCHANGE,2017-01-10,2017-01-13,479856,73107,207874,105258,85059,46789,119739,22636,2026-08-04 20:52:26.546631
vix,VIX FUTURES - CBOE FUTURES EXCHANGE,2017-01-17,2017-01-20,537656,111610,226944,106878,58686,47144,129618,25827,2026-08-04 20:52:26.546631
vix,VIX FUTURES - CBOE FUTURES EXCHANGE,2017-01-24,2017-01-27,478012,83090,212678,94082,79162,57501,129749,22189,2026-08-04 20:52:26.546631
vix,VIX FUTURES - CBOE FUTURES EXCHANGE,2017-01-31,2017-02-03,480876,83102,208856,99010,61908,53002,130449,14483,2026-08-04 20:52:26.546631
vix,VIX FUTURES - CBOE FUTURES EXCHANGE,2017-02-07,2017-02-10,535393,93147,213138,131639,56968,56730,130232,12503,2026-08-04 20:52:26.546631
vix,VIX FUTURES - CBOE FUTURES EXCHANGE,2017-02-14,2017-02-17,641759,140843,237233,148986,28773,54393,138991,21735,2026-08-04 20:52:26.546631
vix,VIX FUTURES - CBOE FUTURES EXCHANGE,2017-02-21,2017-02-24,551908,94461,223842,113636,76505,47690,128342,27467,2026-08-04 20:52:26.546631
vix,VIX FUTURES - CBOE FUTURES EXCHANGE,2017-02-28,2017-03-03,585686,97821,235295,124969,72188,46656,132632,23364,2026-08-04 20:52:26.546631
vix,VIX FUTURES - CBOE FUTURES EXCHANGE,2017-03-07,2017-03-10,596912,86468,226796,150114,83586,49985,135624,27256,2026-08-04 20:52:26.546631
vix,VIX FUTURES - CBOE FUTURES EXCHANGE,2017-03-14,2017-03-17,598618,81451,217604,168159,82680,49542,130022,26856,2026-08-04 20:52:26.546631
vix,VIX FUTURES - CBOE FUTURES EXCHANGE,2017-03-21,2017-03-24,601319,99037,229069,152844,66139,48578,144061,27776,2026-08-04 20:52:26.546631
vix,VIX FUTURES - CBOE FUTURES EXCHANGE,2017-03-28,2017-03-31,515480,89381,197041,116759,51225,48154,136848,31676,2026-08-04 20:52:26.546631
vix,VIX FUTURES - CBOE FUTURES EXCHANGE,2017-04-04,2017-04-07,518165,81896,183798,127912,55508,50180,131654,35058,2026-08-04 20:52:26.546631
vix,VIX FUTURES - CBOE FUTURES EXCHANGE,2017-04-11,2017-04-14,544927,70921,187551,152533,64579,39857,125321,30243,2026-08-04 20:52:26.546631
vix,VIX FUTURES - CBOE FUTURES EXCHANGE,2017-04-18,2017-04-21,470700,66279,146196,121438,35233,38137,112213,33721,2026-08-04 20:52:26.546631
vix,VIX FUTURES - CBOE FUTURES EXCHANGE,2017-04-25,2017-04-28,492186,84908,171242,95302,53830,37500,112194,44678,2026-08-04 20:52:26.546631
vix,VIX FUTURES - CBOE FUTURES EXCHANGE,2017-05-02,2017-05-05,540301,99476,200707,115527,64615,41580,115402,43305,2026-08-04 20:52:26.546631
vix,VIX FUTURES - CBOE FUTURES EXCHANGE,2017-05-09,2017-05-12,597942,117077,216136,139265,53446,47075,126913,43618,2026-08-04 20:52:26.546631
vix,VIX FUTURES - CBOE FUTURES EXCHANGE,2017-05-16,2017-05-19,620266,141606,248625,117267,52808,50379,139940,45025,2026-08-04 20:52:26.546631
vix,VIX FUTURES - CBOE FUTURES EXCHANGE,2017-05-23,2017-05-26,525156,95411,170553,112517,27735,38638,114270,41274,2026-08-04 20:52:26.546631
vix,VIX FUTURES - CBOE FUTURES EXCHANGE,2017-05-30,2017-06-02,577687,111104,217719,120468,52254,44804,125589,42581,2026-08-04 20:52:26.546631
vix,VIX FUTURES - CBOE FUTURES EXCHANGE,2017-06-06,2017-06-09,614761,101851,232211,138764,64566,44799,132267,42449,2026-08-04 20:52:26.546631
vix,VIX FUTURES - CBOE FUTURES EXCHANGE,2017-06-13,2017-06-16,632465,111153,227926,149245,56238,45561,135965,44405,2026-08-04 20:52:26.546631
vix,VIX FUTURES - CBOE FUTURES EXCHANGE,2017-06-20,2017-06-23,583594,109586,230367,111397,53540,42599,127939,37948,2026-08-04 20:52:26.546631
vix,VIX FUTURES - CBOE FUTURES EXCHANGE,2017-06-27,2017-06-30,562064,113057,226248,104386,64875,41603,109644,40726,2026-08-04 20:52:26.546631
vix,VIX FUTURES - CBOE FUTURES EXCHANGE,2017-07-03,2017-07-06,562691,105458,205611,107609,55379,41629,110716,38663,2026-08-04 20:52:26.546631
vix,VIX FUTURES - CBOE FUTURES EXCHANGE,2017-07-11,2017-07-14,576528,102567,190412,126750,58638,43223,108037,42540,2026-08-04 20:52:26.546631
vix,VIX FUTURES - CBOE FUTURES EXCHANGE,2017-07-18,2017-07-21,617557,141501,247304,98230,74034,45933,123399,51493,2026-08-04 20:52:26.546631
vix,VIX FUTURES - CBOE FUTURES EXCHANGE,2017-07-25,2017-07-28,611661,135139,259023,99663,79247,54657,137468,49518,2026-08-04 20:52:26.546631
vix,VIX FUTURES - CBOE FUTURES EXCHANGE,2017-08-01,2017-08-04,638805,133486,255627,113888,67338,54131,145126,49320,2026-08-04 20:52:26.546631
vix,VIX FUTURES - CBOE FUTURES EXCHANGE,2017-08-08,2017-08-11,671800,139428,269305,116572,74257,54860,144841,47101,2026-08-04 20:52:26.546631
vix,VIX FUTURES - CBOE FUTURES EXCHANGE,2017-08-15,2017-08-18,603600,106037,176519,106287,66223,80250,125371,44546,2026-08-04 20:52:26.546631
vix,VIX FUTURES - CBOE FUTURES EXCHANGE,2017-08-22,2017-08-25,556057,103820,159660,87991,57023,74104,122586,49085,2026-08-04 20:52:26.546631
vix,VIX FUTURES - CBOE FUTURES EXCHANGE,2017-08-29,2017-09-01,578391,110542,180117,90755,58917,70282,124152,47071,2026-08-04 20:52:26.546631
vix,VIX FUTURES - CBOE FUTURES EXCHANGE,2017-09-05,2017-09-08,618725,109945,202149,91057,76128,68373,124785,46117,2026-08-04 20:52:26.546631
vix,VIX FUTURES - CBOE FUTURES EXCHANGE,2017-09-12,2017-09-15,640340,106595,193653,98788,70485,59137,129073,56170,2026-08-04 20:52:26.546631
vix,VIX FUTURES - CBOE FUTURES EXCHANGE,2017-09-19,2017-09-22,704831,136907,233508,87910,79329,70902,141405,60841,2026-08-04 20:52:26.546631
vix,VIX FUTURES - CBOE FUTURES EXCHANGE,2017-09-26,2017-09-29,640509,115824,228023,78573,66471,70901,137665,36499,2026-08-04 20:52:26.546631
vix,VIX FUTURES - CBOE FUTURES EXCHANGE,2017-10-03,2017-10-06,669232,110381,247785,98726,82992,66899,148263,42416,2026-08-04 20:52:26.546631
vix,VIX FUTURES - CBOE FUTURES EXCHANGE,2017-10-10,2017-10-13,677160,108611,248682,101178,82392,62987,157543,45306,2026-08-04 20:52:26.546631
vix,VIX FUTURES - CBOE FUTURES EXCHANGE,2017-10-17,2017-10-20,701927,130359,256662,103032,70140,60754,154733,51030,2026-08-04 20:52:26.546631
vix,VIX FUTURES - CBOE FUTURES EXCHANGE,2017-10-24,2017-10-27,617178,99691,220500,81616,82796,62320,137842,52570,2026-08-04 20:52:26.546631
vix,VIX FUTURES - CBOE FUTURES EXCHANGE,2017-10-31,2017-11-03,628156,90572,211855,88507,87941,64556,139388,57469,2026-08-04 20:52:26.546631
vix,VIX FUTURES - CBOE FUTURES EXCHANGE,2017-11-07,2017-11-10,659250,102150,232179,94793,105891,66042,138445,57736,2026-08-04 20:52:26.546631
vix,VIX FUTURES - CBOE FUTURES EXCHANGE,2017-11-14,2017-11-17,657946,98238,208594,88645,116285,86425,122929,48188,2026-08-04 20:52:26.546631
vix,VIX FUTURES - CBOE FUTURES EXCHANGE,2017-11-21,2017-11-24,628899,94788,171265,95560,103454,91324,110380,53406,2026-08-04 20:52:26.546631
vix,VIX FUTURES - CBOE FUTURES EXCHANGE,2017-11-28,2017-12-01,632116,102695,178341,97571,108711,91757,114380,56799,2026-08-04 20:52:26.546631
vix,VIX FUTURES - CBOE FUTURES EXCHANGE,2017-12-05,2017-12-08,622772,85522,175683,100387,111808,79650,115184,55235,2026-08-04 20:52:26.546631
vix,VIX FUTURES - CBOE FUTURES EXCHANGE,2017-12-12,2017-12-15,651180,100090,177140,109965,91488,87114,128722,53800,2026-08-04 20:52:26.546631
vix,VIX FUTURES - CBOE FUTURES EXCHANGE,2017-12-19,2017-12-22,646026,136742,197048,89278,70911,88419,130701,54515,2026-08-04 20:52:26.546631
vix,VIX FUTURES - CBOE FUTURES EXCHANGE,2017-12-26,2017-12-29,551395,119553,165492,68960,79831,89405,106232,52412,2026-08-04 20:52:26.546631
vix,VIX FUTURES - CBOE FUTURES EXCHANGE,2018-01-02,2018-01-05,562302,116366,163800,75500,80167,94832,103362,50529,2026-08-04 20:52:26.546631
vix,VIX FUTURES - CBOE FUTURES EXCHANGE,2018-01-09,2018-01-12,602198,124530,183217,82089,105293,103892,107419,55189,2026-08-04 20:52:26.546631
vix,VIX FUTURES - CBOE FUTURES EXCHANGE,2018-01-16,2018-01-19,653697,140175,178850,92001,108985,127325,109776,56916,2026-08-04 20:52:26.546631
vix,VIX FUTURES - CBOE FUTURES EXCHANGE,2018-01-23,2018-01-26,630599,130311,180275,80229,130194,133530,104998,54735,2026-08-04 20:52:26.546631
vix,VIX FUTURES - CBOE FUTURES EXCHANGE,2018-01-30,2018-02-02,629529,118311,147210,100571,123981,130441,77921,55566,2026-08-04 20:52:26.546631
vix,VIX FUTURES - CBOE FUTURES EXCHANGE,2018-02-06,2018-02-09,614435,145577,149928,108416,120943,57591,50347,80575,2026-08-04 20:52:26.546631
vix,VIX FUTURES - CBOE FUTURES EXCHANGE,2018-02-13,2018-02-16,509458,110419,125548,105692,72796,40320,62260,81758,2026-08-04 20:52:26.546631
vix,VIX FUTURES - CBOE FUTURES EXCHANGE,2018-02-20,2018-02-23,425271,93848,98301,89709,70204,51581,49593,66316,2026-08-04 20:52:26.546631
vix,VIX FUTURES - CBOE FUTURES EXCHANGE,2018-02-27,2018-03-02,407846,83164,101696,84557,71272,48083,48927,68425,2026-08-04 20:52:26.546631
vix,VIX FUTURES - CBOE FUTURES EXCHANGE,2018-03-06,2018-03-09,398050,93942,90345,80454,67982,40177,44961,76748,2026-08-04 20:52:26.546631
vix,VIX FUTURES - CBOE FUTURES EXCHANGE,2018-03-13,2018-03-16,400736,71701,83559,91460,54452,28614,49309,77167,2026-08-04 20:52:26.546631
vix,VIX FUTURES - CBOE FUTURES EXCHANGE,2018-03-20,2018-03-23,417393,80272,86523,98495,63550,26674,49600,88310,2026-08-04 20:52:26.546631
vix,VIX FUTURES - CBOE FUTURES EXCHANGE,2018-03-27,2018-03-30,394826,101201,86649,80217,76373,22040,30442,107059,2026-08-04 20:52:26.546631
vix,VIX FUTURES - CBOE FUTURES EXCHANGE,2018-04-03,2018-04-06,377503,90584,71740,68797,75814,24290,29997,102929,2026-08-04 20:52:26.546631
vix,VIX FUTURES - CBOE FUTURES EXCHANGE,2018-04-10,2018-04-13,380021,88167,74485,62463,76903,26766,31266,102923,2026-08-04 20:52:26.546631
vix,VIX FUTURES - CBOE FUTURES EXCHANGE,2018-04-17,2018-04-20,395804,90652,71218,86271,62280,19576,38835,106894,2026-08-04 20:52:26.546631
vix,VIX FUTURES - CBOE FUTURES EXCHANGE,2018-04-24,2018-04-27,357037,78379,87121,63452,73237,24480,33299,79179,2026-08-04 20:52:26.546631
vix,VIX FUTURES - CBOE FUTURES EXCHANGE,2018-05-01,2018-05-04,372034,70859,89954,71668,80255,31391,38403,72180,2026-08-04 20:52:26.546631
vix,VIX FUTURES - CBOE FUTURES EXCHANGE,2018-05-08,2018-05-11,392086,67523,100395,72358,84274,42219,32258,49329,2026-08-04 20:52:26.546631
vix,VIX FUTURES - CBOE FUTURES EXCHANGE,2018-05-15,2018-05-18,427283,61178,105352,90220,94604,54670,41641,47011,2026-08-04 20:52:26.546631
vix,VIX FUTURES - CBOE FUTURES EXCHANGE,2018-05-22,2018-05-25,406822,69065,102086,84411,82299,63400,40875,35505,2026-08-04 20:52:26.546631
vix,VIX FUTURES - CBOE FUTURES EXCHANGE,2018-05-29,2018-06-01,424483,69192,114097,82106,97152,71096,43178,36092,2026-08-04 20:52:26.546631
vix,VIX FUTURES - CBOE FUTURES EXCHANGE,2018-06-05,2018-06-08,427468,64394,118819,85856,95541,67429,47450,29737,2026-08-04 20:52:26.546631
vix,VIX FUTURES - CBOE FUTURES EXCHANGE,2018-06-12,2018-06-15,444998,83769,125087,87092,95438,81565,46692,28128,2026-08-04 20:52:26.546631
vix,VIX FUTURES - CBOE FUTURES EXCHANGE,2018-06-19,2018-06-22,445208,70113,114524,101647,88797,82643,55143,23642,2026-08-04 20:52:26.546631
vix,VIX FUTURES - CBOE FUTURES EXCHANGE,2018-06-26,2018-06-29,397443,63006,112806,82768,99412,68835,47310,30123,2026-08-04 20:52:26.546631
vix,VIX FUTURES - CBOE FUTURES EXCHANGE,2018-07-03,2018-07-06,391215,61771,103707,90577,104289,59746,30367,33921,2026-08-04 20:52:26.546631
vix,VIX FUTURES - CBOE FUTURES EXCHANGE,2018-07-10,2018-07-13,381228,57565,130006,84753,97397,46356,32163,10632,2026-08-04 20:52:26.546631
vix,VIX FUTURES - CBOE FUTURES EXCHANGE,2018-07-17,2018-07-20,425383,86691,156376,93943,96678,53267,33991,12435,2026-08-04 20:52:26.546631
vix,VIX FUTURES - CBOE FUTURES EXCHANGE,2018-07-24,2018-07-27,408573,65436,160798,86308,108773,60640,49582,8376,2026-08-04 20:52:26.546631
vix,VIX FUTURES - CBOE FUTURES EXCHANGE,2018-07-31,2018-08-03,415465,60073,168123,83741,117920,63411,53702,6950,2026-08-04 20:52:26.546631
vix,VIX FUTURES - CBOE FUTURES EXCHANGE,2018-08-07,2018-08-10,476020,71447,182355,107738,123616,71112,58341,9591,2026-08-04 20:52:26.546631
vix,VIX FUTURES - CBOE FUTURES EXCHANGE,2018-08-14,2018-08-17,492921,55868,183242,120960,123958,65287,69209,8738,2026-08-04 20:52:26.546631
vix,VIX FUTURES - CBOE FUTURES EXCHANGE,2018-08-21,2018-08-24,507815,63837,177450,141849,108684,61640,65248,5305,2026-08-04 20:52:26.546631
vix,VIX FUTURES - CBOE FUTURES EXCHANGE,2018-08-28,2018-08-31,497131,63554,183718,131474,118838,66992,64167,4054,2026-08-04 20:52:26.546631
vix,VIX FUTURES - CBOE FUTURES EXCHANGE,2018-09-04,2018-09-07,500107,54119,187179,138635,122996,64435,70247,6056,2026-08-04 20:52:26.546631
vix,VIX FUTURES - CBOE FUTURES EXCHANGE,2018-09-11,2018-09-14,521260,55333,189185,148333,126305,63038,70638,6324,2026-08-04 20:52:26.546631
vix,VIX FUTURES - CBOE FUTURES EXCHANGE,2018-09-18,2018-09-21,540110,67723,182855,141386,123185,75713,76236,11412,2026-08-04 20:52:26.546631
vix,VIX FUTURES - CBOE FUTURES EXCHANGE,2018-09-25,2018-09-28,527409,66086,188998,121131,118853,92540,94213,2468,2026-08-04 20:52:26.546631
vix,VIX FUTURES - CBOE FUTURES EXCHANGE,2018-10-02,2018-10-05,535724,74941,196017,114248,118557,90265,94487,3897,2026-08-04 20:52:26.546631
vix,VIX FUTURES - CBOE FUTURES EXCHANGE,2018-10-09,2018-10-12,534909,61045,183513,143569,117492,75301,87606,8225,2026-08-04 20:52:26.546631
vix,VIX FUTURES - CBOE FUTURES EXCHANGE,2018-10-16,2018-10-19,536159,65804,162056,184257,99310,34298,55050,17394,2026-08-04 20:52:26.546631
vix,VIX FUTURES - CBOE FUTURES EXCHANGE,2018-10-23,2018-10-26,493126,75701,167854,145057,104630,31146,45992,23387,2026-08-04 20:52:26.546631
vix,VIX FUTURES - CBOE FUTURES EXCHANGE,2018-10-30,2018-11-02,504037,74220,167488,150877,112189,25713,41841,34247,2026-08-04 20:52:26.546631
vix,VIX FUTURES - CBOE FUTURES EXCHANGE,2018-11-06,2018-11-09,479813,63860,149567,141434,112637,26145,33423,36177,2026-08-04 20:52:26.546631
vix,VIX FUTURES - CBOE FUTURES EXCHANGE,2018-11-13,2018-11-16,473340,62359,137183,142974,110052,26815,48264,55122,2026-08-04 20:52:26.546631
vix,VIX FUTURES - CBOE FUTURES EXCHANGE,2018-11-20,2018-11-23,479672,73401,128367,150442,102549,24650,42492,60667,2026-08-04 20:52:26.546631
vix,VIX FUTURES - CBOE FUTURES EXCHANGE,2018-11-27,2018-11-30,428661,57615,100670,142625,91490,25610,36457,56502,2026-08-04 20:52:26.546631
vix,VIX FUTURES - CBOE FUTURES EXCHANGE,2018-12-04,2018-12-07,404672,65359,110346,119921,87902,25637,37615,54775,2026-08-04 20:52:26.546631
vix,VIX FUTURES - CBOE FUTURES EXCHANGE,2018-12-11,2018-12-14,420319,70652,109227,123141,90657,23237,37781,71905,2026-08-04 20:52:26.546631
vix,VIX FUTURES - CBOE FUTURES EXCHANGE,2018-12-18,2018-12-21,438322,83586,104643,128964,88311,25982,22977,73266,2026-08-04 20:52:26.546631
vix,VIX FUTURES - CBOE FUTURES EXCHANGE,2018-12-24,2018-12-27,388238,74787,97586,113510,85489,23690,22997,65451,2026-08-04 20:52:26.546631
vix,VIX FUTURES - CBOE FUTURES EXCHANGE,2018-12-31,2019-01-03,369483,81869,97911,92923,89094,22511,14538,73967,2026-08-04 20:52:26.546631
vix,VIX FUTURES - CBOE FUTURES EXCHANGE,2019-01-08,2019-01-11,372059,74028,96721,98035,94376,25210,21201,73919,2026-08-04 20:52:26.546631
vix,VIX FUTURES - CBOE FUTURES EXCHANGE,2019-01-15,2019-01-18,388029,80890,93449,123167,64826,22237,30105,64617,2026-08-04 20:52:26.546631
vix,VIX FUTURES - CBOE FUTURES EXCHANGE,2019-01-22,2019-01-25,345967,53398,91836,97983,79417,21047,29052,46636,2026-08-04 20:52:26.546631
vix,VIX FUTURES - CBOE FUTURES EXCHANGE,2019-01-29,2019-02-01,337530,49173,93233,89487,83104,19186,29341,48420,2026-08-04 20:52:26.546631
vix,VIX FUTURES - CBOE FUTURES EXCHANGE,2019-02-05,2019-02-08,343502,57627,94445,94826,69567,31881,30105,26767,2026-08-04 20:52:26.546631
vix,VIX FUTURES - CBOE FUTURES EXCHANGE,2019-02-12,2019-02-15,364851,58978,78689,101137,67723,68078,45372,22136,2026-08-04 20:52:26.546631
vix,VIX FUTURES - CBOE FUTURES EXCHANGE,2019-02-19,2019-02-22,362919,53885,97208,97383,85470,70745,45991,17663,2026-08-04 20:52:26.546631
vix,VIX FUTURES - CBOE FUTURES EXCHANGE,2019-02-26,2019-03-01,378766,55790,104314,91267,95039,81419,50722,18225,2026-08-04 20:52:26.546631
vix,VIX FUTURES - CBOE FUTURES EXCHANGE,2019-03-05,2019-03-08,341448,53752,103178,49867,94122,84256,52638,16224,2026-08-04 20:52:26.546631
vix,VIX FUTURES - CBOE FUTURES EXCHANGE,2019-03-12,2019-03-15,356766,48371,102748,60344,100804,83209,54911,21998,2026-08-04 20:52:26.546631
vix,VIX FUTURES - CBOE FUTURES EXCHANGE,2019-03-19,2019-03-22,401402,46827,119403,61239,119393,108757,61711,20470,2026-08-04 20:52:26.546631
vix,VIX FUTURES - CBOE FUTURES EXCHANGE,2019-03-26,2019-03-29,336816,38867,108813,44121,114945,85575,53236,13593,2026-08-04 20:52:26.546631
vix,VIX FUTURES - CBOE FUTURES EXCHANGE,2019-04-02,2019-04-05,377403,40836,129001,48167,123597,100173,69269,7034,2026-08-04 20:52:26.546631
vix,VIX FUTURES - CBOE FUTURES EXCHANGE,2019-04-09,2019-04-12,403033,35629,141635,45255,139785,106368,79982,8736,2026-08-04 20:52:26.546631
vix,VIX FUTURES - CBOE FUTURES EXCHANGE,2019-04-16,2019-04-19,463491,52589,157553,65380,136991,122708,91940,9800,2026-08-04 20:52:26.546631
vix,VIX FUTURES - CBOE FUTURES EXCHANGE,2019-04-23,2019-04-26,456136,45405,152473,65844,151065,133865,86979,7186,2026-08-04 20:52:26.546631
vix,VIX FUTURES - CBOE FUTURES EXCHANGE,2019-04-30,2019-05-03,448838,39232,148417,68597,149057,126068,85488,8929,2026-08-04 20:52:26.546631
vix,VIX FUTURES - CBOE FUTURES EXCHANGE,2019-05-07,2019-05-10,425097,40363,150920,67541,143452,97389,79715,18796,2026-08-04 20:52:26.546631
vix,VIX FUTURES - CBOE FUTURES EXCHANGE,2019-05-14,2019-05-17,382565,37450,139879,66106,140978,59926,50369,30655,2026-08-04 20:52:26.546631
vix,VIX FUTURES - CBOE FUTURES EXCHANGE,2019-05-21,2019-05-24,369983,35431,119096,64643,126060,73888,49821,20140,2026-08-04 20:52:26.546631
vix,VIX FUTURES - CBOE FUTURES EXCHANGE,2019-05-28,2019-05-31,366195,25849,124101,61754,138902,78339,50689,17654,2026-08-04 20:52:26.546631
vix,VIX FUTURES - CBOE FUTURES EXCHANGE,2019-06-04,2019-06-07,385854,30098,129372,67314,150330,73475,42142,24755,2026-08-04 20:52:26.546631
vix,VIX FUTURES - CBOE FUTURES EXCHANGE,2019-06-11,2019-06-14,380320,31284,112788,70035,142327,80885,45883,26786,2026-08-04 20:52:26.546631
vix,VIX FUTURES - CBOE FUTURES EXCHANGE,2019-06-18,2019-06-21,407218,41615,105479,87773,127497,90516,53872,28040,2026-08-04 20:52:26.546631
vix,VIX FUTURES - CBOE FUTURES EXCHANGE,2019-06-25,2019-06-28,379918,32179,117621,71429,125534,95700,73181,16478,2026-08-04 20:52:26.546631
vix,VIX FUTURES - CBOE FUTURES EXCHANGE,2019-07-02,2019-07-05,416468,46314,129398,68379,131491,103386,83570,26307,2026-08-04 20:52:26.546631
vix,VIX FUTURES - CBOE FUTURES EXCHANGE,2019-07-09,2019-07-12,419342,39221,132772,70010,127348,107473,95868,21643,2026-08-04 20:52:26.546631
vix,VIX FUTURES - CBOE FUTURES EXCHANGE,2019-07-16,2019-07-19,452201,61832,137044,78639,120957,125324,100190,21204,2026-08-04 20:52:26.546631
vix,VIX FUTURES - CBOE FUTURES EXCHANGE,2019-07-23,2019-07-26,440189,50276,149113,73199,130085,122740,104925,10154,2026-08-04 20:52:26.546631
vix,VIX FUTURES - CBOE FUTURES EXCHANGE,2019-07-30,2019-08-02,456757,49290,159336,76868,129463,121466,109051,12652,2026-08-04 20:52:26.546631
vix,VIX FUTURES - CBOE FUTURES EXCHANGE,2019-08-06,2019-08-09,430300,44314,165298,69504,132484,76521,96803,29471,2026-08-04 20:52:26.546631
vix,VIX FUTURES - CBOE FUTURES EXCHANGE,2019-08-13,2019-08-16,404190,32570,157992,65501,138071,67096,80825,24180,2026-08-04 20:52:26.546631
vix,VIX FUTURES - CBOE FUTURES EXCHANGE,2019-08-20,2019-08-23,399983,34070,140377,71497,128666,67845,76912,30717,2026-08-04 20:52:26.546631
vix,VIX FUTURES - CBOE FUTURES EXCHANGE,2019-08-27,2019-08-30,371498,35710,136716,54537,131924,62324,66977,29128,2026-08-04 20:52:26.546631
vix,VIX FUTURES - CBOE FUTURES EXCHANGE,2019-09-03,2019-09-06,355249,39457,129125,40556,127007,67154,62567,30827,2026-08-04 20:52:26.546631
vix,VIX FUTURES - CBOE FUTURES EXCHANGE,2019-09-10,2019-09-13,360284,44178,124750,51829,118452,83278,67067,17202,2026-08-04 20:52:26.546631
vix,VIX FUTURES - CBOE FUTURES EXCHANGE,2019-09-17,2019-09-20,402718,47225,125952,71697,113218,103375,84322,13833,2026-08-04 20:52:26.546631
vix,VIX FUTURES - CBOE FUTURES EXCHANGE,2019-09-24,2019-09-27,405328,38723,129648,55933,130620,123899,100878,14183,2026-08-04 20:52:26.546631
vix,VIX FUTURES - CBOE FUTURES EXCHANGE,2019-10-01,2019-10-04,429251,32578,149391,68268,146692,107340,102386,20279,2026-08-04 20:52:26.546631
vix,VIX FUTURES - CBOE FUTURES EXCHANGE,2019-10-08,2019-10-11,401077,29435,136070,66692,136687,90379,88844,27642,2026-08-04 20:52:26.546631
vix,VIX FUTURES - CBOE FUTURES EXCHANGE,2019-10-15,2019-10-18,445199,51205,130367,81164,127612,113854,91005,21580,2026-08-04 20:52:26.546631
vix,VIX FUTURES - CBOE FUTURES EXCHANGE,2019-10-22,2019-10-25,437316,48336,143411,70501,137517,126395,102330,16136,2026-08-04 20:52:26.546631
vix,VIX FUTURES - CBOE FUTURES EXCHANGE,2019-10-29,2019-11-01,453332,53838,141618,72484,138853,134849,107829,18564,2026-08-04 20:52:26.546631
vix,VIX FUTURES - CBOE FUTURES EXCHANGE,2019-11-05,2019-11-08,491051,55128,160386,77842,146978,138820,120551,22728,2026-08-04 20:52:26.546631
vix,VIX FUTURES - CBOE FUTURES EXCHANGE,2019-11-12,2019-11-15,518975,58681,173737,89786,140792,135038,131913,23721,2026-08-04 20:52:26.546631
vix,VIX FUTURES - CBOE FUTURES EXCHANGE,2019-11-19,2019-11-22,549306,59693,175432,112016,138879,145856,140854,23856,2026-08-04 20:52:26.546631
vix,VIX FUTURES - CBOE FUTURES EXCHANGE,2019-11-26,2019-11-29,504704,51175,151851,93861,138473,144542,126910,21442,2026-08-04 20:52:26.546631
vix,VIX FUTURES - CBOE FUTURES EXCHANGE,2019-12-03,2019-12-06,483774,44163,156641,89641,132547,119949,123904,26421,2026-08-04 20:52:26.546631
vix,VIX FUTURES - CBOE FUTURES EXCHANGE,2019-12-10,2019-12-13,465375,43247,146895,102892,125326,100091,109057,26346,2026-08-04 20:52:26.546631
vix,VIX FUTURES - CBOE FUTURES EXCHANGE,2019-12-17,2019-12-20,460843,47763,123345,95116,113998,119563,99583,18549,2026-08-04 20:52:26.546631
vix,VIX FUTURES - CBOE FUTURES EXCHANGE,2019-12-24,2019-12-27,411894,42998,108261,86253,110682,121572,86161,6080,2026-08-04 20:52:26.546631
vix,VIX FUTURES - CBOE FUTURES EXCHANGE,2019-12-31,2020-01-03,421662,36293,117752,94140,115356,103502,83859,9229,2026-08-04 20:52:26.546631
vix,VIX FUTURES - CBOE FUTURES EXCHANGE,2020-01-07,2020-01-10,429698,41795,122722,94289,120829,108480,80793,10069,2026-08-04 20:52:26.546631
vix,VIX FUTURES - CBOE FUTURES EXCHANGE,2020-01-14,2020-01-17,469840,63976,129761,96322,118185,129267,84580,13876,2026-08-04 20:52:26.546631
vix,VIX FUTURES - CBOE FUTURES EXCHANGE,2020-01-21,2020-01-24,478868,68270,122731,98883,115668,136885,87569,19065,2026-08-04 20:52:26.546631
vix,VIX FUTURES - CBOE FUTURES EXCHANGE,2020-01-28,2020-01-31,433719,46171,117326,81004,116439,122213,93726,21635,2026-08-04 20:52:26.546631
vix,VIX FUTURES - CBOE FUTURES EXCHANGE,2020-02-04,2020-02-07,428263,43199,125826,78134,114832,96519,84912,21520,2026-08-04 20:52:26.546631
vix,VIX FUTURES - CBOE FUTURES EXCHANGE,2020-02-11,2020-02-14,424215,49182,116749,79730,107933,107700,84585,20203,2026-08-04 20:52:26.546631
vix,VIX FUTURES - CBOE FUTURES EXCHANGE,2020-02-18,2020-02-21,424777,54875,119796,67062,106806,108770,86320,25156,2026-08-04 20:52:26.546631
vix,VIX FUTURES - CBOE FUTURES EXCHANGE,2020-02-25,2020-02-28,431241,43937,152458,76721,123557,63287,81197,39105,2026-08-04 20:52:26.546631
vix,VIX FUTURES - CBOE FUTURES EXCHANGE,2020-03-03,2020-03-06,451311,90557,169024,60447,122652,29194,62075,72491,2026-08-04 20:52:26.546631
vix,VIX FUTURES - CBOE FUTURES EXCHANGE,2020-03-10,2020-03-13,450812,100212,155396,55043,108682,30793,79204,102061,2026-08-04 20:52:26.546631
vix,VIX FUTURES - CBOE FUTURES EXCHANGE,2020-03-17,2020-03-20,434583,90178,133027,63961,88267,10277,89045,127301,2026-08-04 20:52:26.546631
vix,VIX FUTURES - CBOE FUTURES EXCHANGE,2020-03-24,2020-03-27,268255,57687,86418,29236,63990,28498,39990,48455,2026-08-04 20:52:26.546631
vix,VIX FUTURES - CBOE FUTURES EXCHANGE,2020-03-31,2020-04-03,235004,36700,85808,29032,54785,17708,39629,31540,2026-08-04 20:52:26.546631
vix,VIX FUTURES - CBOE FUTURES EXCHANGE,2020-04-07,2020-04-10,250688,28105,96463,35694,63373,11450,43690,27555,2026-08-04 20:52:26.546631
vix,VIX FUTURES - CBOE FUTURES EXCHANGE,2020-04-14,2020-04-17,253220,27167,92474,38965,56140,10960,45306,27223,2026-08-04 20:52:26.546631
vix,VIX FUTURES - CBOE FUTURES EXCHANGE,2020-04-21,2020-04-24,211930,21895,92686,19497,55705,9588,47872,28422,2026-08-04 20:52:26.546631
vix,VIX FUTURES - CBOE FUTURES EXCHANGE,2020-04-28,2020-05-01,210666,17142,79430,20354,51816,7976,50348,29673,2026-08-04 20:52:26.546631
vix,VIX FUTURES - CBOE FUTURES EXCHANGE,2020-05-05,2020-05-08,220455,13504,82344,23231,57249,10810,54623,31495,2026-08-04 20:52:26.546631
vix,VIX FUTURES - CBOE FUTURES EXCHANGE,2020-05-12,2020-05-15,230744,16047,75350,30320,53807,23958,60261,30814,2026-08-04 20:52:26.546631
vix,VIX FUTURES - CBOE FUTURES EXCHANGE,2020-05-19,2020-05-22,241702,15202,84419,29043,56535,22881,65418,27605,2026-08-04 20:52:26.546631
vix,VIX FUTURES - CBOE FUTURES EXCHANGE,2020-05-26,2020-05-29,208494,13401,69076,26102,50363,26874,55516,21673,2026-08-04 20:52:26.546631
vix,VIX FUTURES - CBOE FUTURES EXCHANGE,2020-06-02,2020-06-05,237479,18164,81546,25953,64031,33956,58883,23669,2026-08-04 20:52:26.546631
vix,VIX FUTURES - CBOE FUTURES EXCHANGE,2020-06-09,2020-06-12,257947,15988,84067,37655,75529,39956,55684,22877,2026-08-04 20:52:26.546631
vix,VIX FUTURES - CBOE FUTURES EXCHANGE,2020-06-16,2020-06-19,265946,14758,93236,41145,73111,17535,56007,31026,2026-08-04 20:52:26.546631
vix,VIX FUTURES - CBOE FUTURES EXCHANGE,2020-06-23,2020-06-26,248684,6939,87137,42224,84110,23515,50587,28244,2026-08-04 20:52:26.546631
vix,VIX FUTURES - CBOE FUTURES EXCHANGE,2020-06-30,2020-07-03,256691,6386,94441,39400,97343,23216,46356,32988,2026-08-04 20:52:26.546631
vix,VIX FUTURES - CBOE FUTURES EXCHANGE,2020-07-07,2020-07-10,271999,20536,92421,38985,105895,31041,41205,39169,2026-08-04 20:52:26.546631
vix,VIX FUTURES - CBOE FUTURES EXCHANGE,2020-07-14,2020-07-17,278407,24266,102878,35919,113055,34101,37649,34120,2026-08-04 20:52:26.546631
vix,VIX FUTURES - CBOE FUTURES EXCHANGE,2020-07-21,2020-07-24,296013,36705,107958,36212,112472,43970,34660,28492,2026-08-04 20:52:26.546631
vix,VIX FUTURES - CBOE FUTURES EXCHANGE,2020-07-28,2020-07-31,268574,30553,100779,32173,120671,46069,19027,19221,2026-08-04 20:52:26.546631
vix,VIX FUTURES - CBOE FUTURES EXCHANGE,2020-08-04,2020-08-07,277065,29394,101928,34323,122953,53555,18700,16299,2026-08-04 20:52:26.546631
vix,VIX FUTURES - CBOE FUTURES EXCHANGE,2020-08-11,2020-08-14,291763,36071,100576,40592,121046,60734,18651,14249,2026-08-04 20:52:26.546631
vix,VIX FUTURES - CBOE FUTURES EXCHANGE,2020-08-18,2020-08-21,308695,42625,101697,47363,116796,64577,17497,8610,2026-08-04 20:52:26.546631
vix,VIX FUTURES - CBOE FUTURES EXCHANGE,2020-08-25,2020-08-28,303485,43654,104428,38902,120505,67323,18434,9234,2026-08-04 20:52:26.546631
vix,VIX FUTURES - CBOE FUTURES EXCHANGE,2020-09-01,2020-09-04,300778,42613,103049,35408,118808,63108,19752,15245,2026-08-04 20:52:26.546631
vix,VIX FUTURES - CBOE FUTURES EXCHANGE,2020-09-08,2020-09-11,267609,35604,88543,31051,103180,54404,27133,22603,2026-08-04 20:52:26.546631
vix,VIX FUTURES - CBOE FUTURES EXCHANGE,2020-09-15,2020-09-18,263642,39978,81567,34745,93055,65274,26820,15959,2026-08-04 20:52:26.546631
vix,VIX FUTURES - CBOE FUTURES EXCHANGE,2020-09-22,2020-09-25,255490,36102,83832,34702,96195,65711,27422,12592,2026-08-04 20:52:26.546631
vix,VIX FUTURES - CBOE FUTURES EXCHANGE,2020-09-29,2020-10-02,261734,39030,85428,39087,93579,65969,26390,13863,2026-08-04 20:52:26.546631
vix,VIX FUTURES - CBOE FUTURES EXCHANGE,2020-10-06,2020-10-09,267685,38124,88321,42092,98962,61841,26459,17965,2026-08-04 20:52:26.546631
vix,VIX FUTURES - CBOE FUTURES EXCHANGE,2020-10-13,2020-10-16,280383,35532,94110,39585,106403,66585,34871,19570,2026-08-04 20:52:26.546631
vix,VIX FUTURES - CBOE FUTURES EXCHANGE,2020-10-20,2020-10-23,279755,38326,99008,31533,110850,65633,35153,26038,2026-08-04 20:52:26.546631
vix,VIX FUTURES - CBOE FUTURES EXCHANGE,2020-10-27,2020-10-30,263583,26636,109462,26821,117393,49851,39484,29093,2026-08-04 20:52:26.546631
vix,VIX FUTURES - CBOE FUTURES EXCHANGE,2020-11-03,2020-11-06,283355,21377,127523,36330,125713,26963,36917,35498,2026-08-04 20:52:26.546631
vix,VIX FUTURES - CBOE FUTURES EXCHANGE,2020-11-10,2020-11-13,269026,30673,117764,27236,114443,37800,30881,25209,2026-08-04 20:52:26.546631
vix,VIX FUTURES - CBOE FUTURES EXCHANGE,2020-11-17,2020-11-20,282811,35271,111752,36219,114485,46707,28599,22208,2026-08-04 20:52:26.546631
vix,VIX FUTURES - CBOE FUTURES EXCHANGE,2020-11-24,2020-11-27,265349,23404,104137,28442,123853,56638,32218,20133,2026-08-04 20:52:26.546631
vix,VIX FUTURES - CBOE FUTURES EXCHANGE,2020-12-01,2020-12-04,280441,27376,108857,25802,124206,64339,35267,18480,2026-08-04 20:52:26.546631
vix,VIX FUTURES - CBOE FUTURES EXCHANGE,2020-12-08,2020-12-11,297789,34109,115875,29924,123217,69370,39908,14154,2026-08-04 20:52:26.546631
vix,VIX FUTURES - CBOE FUTURES EXCHANGE,2020-12-15,2020-12-18,303478,31624,120514,31845,124690,62176,41323,15404,2026-08-04 20:52:26.546631
vix,VIX FUTURES - CBOE FUTURES EXCHANGE,2020-12-21,2020-12-24,289233,24578,112917,31845,123981,63023,41843,15795,2026-08-04 20:52:26.546631
vix,VIX FUTURES - CBOE FUTURES EXCHANGE,2020-12-29,2021-01-01,283879,24876,112069,29953,128734,67072,37900,15938,2026-08-04 20:52:26.546631
vix,VIX FUTURES - CBOE FUTURES EXCHANGE,2021-01-05,2021-01-08,296826,29336,130323,30583,135209,56859,39321,19900,2026-08-04 20:52:26.546631
vix,VIX FUTURES - CBOE FUTURES EXCHANGE,2021-01-12,2021-01-15,325153,33631,133000,40404,137751,64915,40257,17263,2026-08-04 20:52:26.546631
vix,VIX FUTURES - CBOE FUTURES EXCHANGE,2021-01-19,2021-01-22,349134,34706,135813,46684,148310,65939,41208,24700,2026-08-04 20:52:26.546631
vix,VIX FUTURES - CBOE FUTURES EXCHANGE,2021-01-26,2021-01-29,342508,35067,144238,42624,152727,72348,47093,22929,2026-08-04 20:52:26.546631
vix,VIX FUTURES - CBOE FUTURES EXCHANGE,2021-02-02,2021-02-05,318219,30528,135869,42708,135183,47392,45129,23366,2026-08-04 20:52:26.546631
vix,VIX FUTURES - CBOE FUTURES EXCHANGE,2021-02-09,2021-02-12,371861,43201,142515,48824,161474,79323,48269,28057,2026-08-04 20:52:26.546631
vix,VIX FUTURES - CBOE FUTURES EXCHANGE,2021-02-16,2021-02-19,423940,44307,160078,60785,184601,90358,57296,31799,2026-08-04 20:52:26.546631
vix,VIX FUTURES - CBOE FUTURES EXCHANGE,2021-02-23,2021-02-26,392604,29643,160579,52534,181148,81881,61341,25210,2026-08-04 20:52:26.546631
vix,VIX FUTURES - CBOE FUTURES EXCHANGE,2021-03-02,2021-03-05,386381,23952,156398,74678,160697,61061,63456,24687,2026-08-04 20:52:26.546631
vix,VIX FUTURES - CBOE FUTURES EXCHANGE,2021-03-09,2021-03-12,395630,28419,154828,89224,150033,57169,62882,21842,2026-08-04 20:52:26.546631
vix,VIX FUTURES - CBOE FUTURES EXCHANGE,2021-03-16,2021-03-19,412533,37399,145203,89844,144201,65680,59579,25370,2026-08-04 20:52:26.546631
vix,VIX FUTURES - CBOE FUTURES EXCHANGE,2021-03-23,2021-03-26,384390,32122,138329,70866,145302,70691,60099,23513,2026-08-04 20:52:26.546631
vix,VIX FUTURES - CBOE FUTURES EXCHANGE,2021-03-30,2021-04-02,358072,27262,127330,64391,140680,72632,58225,20794,2026-08-04 20:52:26.546631
vix,VIX FUTURES - CBOE FUTURES EXCHANGE,2021-04-06,2021-04-09,364274,31125,122012,62790,134013,80641,64803,18937,2026-08-04 20:52:26.546631
vix,VIX FUTURES - CBOE FUTURES EXCHANGE,2021-04-13,2021-04-16,377165,39498,127142,65665,121998,84523,69583,16152,2026-08-04 20:52:26.546631
vix,VIX FUTURES - CBOE FUTURES EXCHANGE,2021-04-20,2021-04-23,384254,50784,128555,61739,111188,83628,73212,18315,2026-08-04 20:52:26.546631
vix,VIX FUTURES - CBOE FUTURES EXCHANGE,2021-04-27,2021-04-30,353947,34629,118786,54527,116714,81277,70505,19193,2026-08-04 20:52:26.546631
vix,VIX FUTURES - CBOE FUTURES EXCHANGE,2021-05-04,2021-05-07,360117,31006,121427,55274,125343,86571,74224,13519,2026-08-04 20:52:26.546631
vix,VIX FUTURES - CBOE FUTURES EXCHANGE,2021-05-11,2021-05-14,363554,26200,127323,65493,122889,67517,69434,16549,2026-08-04 20:52:26.546631
vix,VIX FUTURES - CBOE FUTURES EXCHANGE,2021-05-18,2021-05-21,349109,27796,111293,69488,112133,60290,56820,17685,2026-08-04 20:52:26.546631
vix,VIX FUTURES - CBOE FUTURES EXCHANGE,2021-05-25,2021-05-28,337190,29476,110216,53449,118988,68357,56415,20540,2026-08-04 20:52:26.546631
vix,VIX FUTURES - CBOE FUTURES EXCHANGE,2021-06-01,2021-06-04,334983,32830,100361,57336,112024,82855,59146,18458,2026-08-04 20:52:26.546631
vix,VIX FUTURES - CBOE FUTURES EXCHANGE,2021-06-08,2021-06-11,352516,43812,96561,66560,103964,88883,57972,15845,2026-08-04 20:52:26.546631
vix,VIX FUTURES - CBOE FUTURES EXCHANGE,2021-06-15,2021-06-18,356803,40672,95114,62304,108952,89354,56870,22024,2026-08-04 20:52:26.546631
vix,VIX FUTURES - CBOE FUTURES EXCHANGE,2021-06-22,2021-06-25,317297,31151,86342,53257,101259,82086,52570,17176,2026-08-04 20:52:26.546631
vix,VIX FUTURES - CBOE FUTURES EXCHANGE,2021-06-29,2021-07-02,327935,36072,97036,52022,108751,82461,53205,18578,2026-08-04 20:52:26.546631
vix,VIX FUTURES - CBOE FUTURES EXCHANGE,2021-07-06,2021-07-09,341157,38847,100735,53601,111073,86583,57409,19115,2026-08-04 20:52:26.546631
vix,VIX FUTURES - CBOE FUTURES EXCHANGE,2021-07-13,2021-07-16,322134,35441,96497,56879,103259,70306,53431,19916,2026-08-04 20:52:26.546631
vix,VIX FUTURES - CBOE FUTURES EXCHANGE,2021-07-20,2021-07-23,324704,26995,99728,56577,104649,58688,54334,22008,2026-08-04 20:52:26.546631
vix,VIX FUTURES - CBOE FUTURES EXCHANGE,2021-07-27,2021-07-30,302318,23282,90285,54579,107839,70511,54749,18828,2026-08-04 20:52:26.546631
vix,VIX FUTURES - CBOE FUTURES EXCHANGE,2021-08-03,2021-08-06,312851,26005,95212,57047,109992,68411,51544,19349,2026-08-04 20:52:26.546631
vix,VIX FUTURES - CBOE FUTURES EXCHANGE,2021-08-10,2021-08-13,313197,32159,88159,46783,106618,82556,53441,19605,2026-08-04 20:52:26.546631
vix,VIX FUTURES - CBOE FUTURES EXCHANGE,2021-08-17,2021-08-20,319321,38639,82404,45903,108571,98183,55967,18453,2026-08-04 20:52:26.546631
vix,VIX FUTURES - CBOE FUTURES EXCHANGE,2021-08-24,2021-08-27,290283,28007,79704,37391,103696,84729,49743,14749,2026-08-04 20:52:26.546631
vix,VIX FUTURES - CBOE FUTURES EXCHANGE,2021-08-31,2021-09-03,311908,40440,93244,30580,108051,96441,59535,13320,2026-08-04 20:52:26.546631
vix,VIX FUTURES - CBOE FUTURES EXCHANGE,2021-09-07,2021-09-10,323430,37683,95384,37966,114247,96717,59213,14218,2026-08-04 20:52:26.546631
vix,VIX FUTURES - CBOE FUTURES EXCHANGE,2021-09-14,2021-09-17,325683,30287,93095,47438,113899,80671,55998,17783,2026-08-04 20:52:26.546631
vix,VIX FUTURES - CBOE FUTURES EXCHANGE,2021-09-21,2021-09-24,323316,25534,100536,53718,117472,61172,53203,25639,2026-08-04 20:52:26.546631
vix,VIX FUTURES - CBOE FUTURES EXCHANGE,2021-09-28,2021-10-01,311415,28937,90130,51504,101139,58803,54707,25306,2026-08-04 20:52:26.546631
vix,VIX FUTURES - CBOE FUTURES EXCHANGE,2021-10-05,2021-10-08,307664,27123,90016,48008,95952,58134,53785,22165,2026-08-04 20:52:26.546631
vix,VIX FUTURES - CBOE FUTURES EXCHANGE,2021-10-12,2021-10-15,329905,37393,80298,56893,97899,81128,54416,23440,2026-08-04 20:52:26.546631
vix,VIX FUTURES - CBOE FUTURES EXCHANGE,2021-10-19,2021-10-22,361391,49695,87110,61981,103193,103282,62107,20397,2026-08-04 20:52:26.546631
vix,VIX FUTURES - CBOE FUTURES EXCHANGE,2021-10-26,2021-10-29,337252,46657,86430,40146,113207,116452,66767,17666,2026-08-04 20:52:26.546631
vix,VIX FUTURES - CBOE FUTURES EXCHANGE,2021-11-02,2021-11-05,353549,51928,87507,38900,112246,125770,66673,17623,2026-08-04 20:52:26.546631
vix,VIX FUTURES - CBOE FUTURES EXCHANGE,2021-11-09,2021-11-12,348553,42920,94792,41270,118280,101630,64277,21159,2026-08-04 20:52:26.546631
vix,VIX FUTURES - CBOE FUTURES EXCHANGE,2021-11-16,2021-11-19,329850,33283,90547,48921,105974,79947,61154,20244,2026-08-04 20:52:26.546631
vix,VIX FUTURES - CBOE FUTURES EXCHANGE,2021-11-23,2021-11-26,311412,20905,92767,40139,108464,69914,62520,20085,2026-08-04 20:52:26.546631
vix,VIX FUTURES - CBOE FUTURES EXCHANGE,2021-11-30,2021-12-03,325869,23610,108704,55276,109019,46948,60531,27720,2026-08-04 20:52:26.546631
vix,VIX FUTURES - CBOE FUTURES EXCHANGE,2021-12-07,2021-12-10,300082,24021,100116,49526,103079,39726,45680,22249,2026-08-04 20:52:26.546631
vix,VIX FUTURES - CBOE FUTURES EXCHANGE,2021-12-14,2021-12-17,296559,26078,83850,59574,95494,48705,44657,19707,2026-08-04 20:52:26.546631
vix,VIX FUTURES - CBOE FUTURES EXCHANGE,2021-12-21,2021-12-24,289170,31701,85950,53354,89744,50166,36517,17296,2026-08-04 20:52:26.546631
vix,VIX FUTURES - CBOE FUTURES EXCHANGE,2021-12-28,2021-12-31,277502,28734,76503,45873,92416,62155,37863,18161,2026-08-04 20:52:26.546631
vix,VIX FUTURES - CBOE FUTURES EXCHANGE,2022-01-04,2022-01-07,301754,33535,81621,40607,93619,75451,44952,13699,2026-08-04 20:52:26.546631
vix,VIX FUTURES - CBOE FUTURES EXCHANGE,2022-01-11,2022-01-14,308888,39824,80859,46371,87027,75644,46441,15613,2026-08-04 20:52:26.546631
vix,VIX FUTURES - CBOE FUTURES EXCHANGE,2022-01-18,2022-01-21,307106,31671,76316,51501,85870,67068,45748,18587,2026-08-04 20:52:26.546631
vix,VIX FUTURES - CBOE FUTURES EXCHANGE,2022-01-25,2022-01-28,304889,33598,92625,67353,76770,39288,47497,21477,2026-08-04 20:52:26.546631
vix,VIX FUTURES - CBOE FUTURES EXCHANGE,2022-02-01,2022-02-04,300194,30955,86706,62633,78368,37323,34169,17919,2026-08-04 20:52:26.546631
vix,VIX FUTURES - CBOE FUTURES EXCHANGE,2022-02-08,2022-02-11,293604,34483,79699,57865,74783,47968,34438,13325,2026-08-04 20:52:26.546631
vix,VIX FUTURES - CBOE FUTURES EXCHANGE,2022-02-15,2022-02-18,287622,25932,81690,53177,79874,35854,35754,15716,2026-08-04 20:52:26.546631
vix,VIX FUTURES - CBOE FUTURES EXCHANGE,2022-02-22,2022-02-25,271157,24520,83634,37260,87797,30503,37895,24310,2026-08-04 20:52:26.546631
vix,VIX FUTURES - CBOE FUTURES EXCHANGE,2022-03-01,2022-03-04,291214,39402,107406,42265,83561,20926,36270,21439,2026-08-04 20:52:26.546631
vix,VIX FUTURES - CBOE FUTURES EXCHANGE,2022-03-08,2022-03-11,289220,38323,99763,45329,81388,28156,33750,19907,2026-08-04 20:52:26.546631
vix,VIX FUTURES - CBOE FUTURES EXCHANGE,2022-03-15,2022-03-18,278993,33761,76759,44981,83641,38671,27970,16772,2026-08-04 20:52:26.546631
vix,VIX FUTURES - CBOE FUTURES EXCHANGE,2022-03-22,2022-03-25,259761,39732,80881,37531,77818,45397,27114,13776,2026-08-04 20:52:26.546631
vix,VIX FUTURES - CBOE FUTURES EXCHANGE,2022-03-29,2022-04-01,287434,43267,80885,42297,89888,57968,32399,12165,2026-08-04 20:52:26.546631
vix,VIX FUTURES - CBOE FUTURES EXCHANGE,2022-04-05,2022-04-08,306405,40390,85965,46375,102396,72443,29984,12086,2026-08-04 20:52:26.546631
vix,VIX FUTURES - CBOE FUTURES EXCHANGE,2022-04-12,2022-04-15,307234,38955,90286,52405,101056,64103,29138,12912,2026-08-04 20:52:26.546631
vix,VIX FUTURES - CBOE FUTURES EXCHANGE,2022-04-19,2022-04-22,320340,35752,85091,53068,100496,71076,31718,11590,2026-08-04 20:52:26.546631
vix,VIX FUTURES - CBOE FUTURES EXCHANGE,2022-04-26,2022-04-29,305776,36534,93841,54274,90456,51290,36637,17855,2026-08-04 20:52:26.546631
vix,VIX FUTURES - CBOE FUTURES EXCHANGE,2022-05-03,2022-05-06,320512,34249,99745,65217,90526,36829,35759,23323,2026-08-04 20:52:26.546631
vix,VIX FUTURES - CBOE FUTURES EXCHANGE,2022-05-10,2022-05-13,318283,39869,101669,60550,84320,27390,39605,29010,2026-08-04 20:52:26.546631
vix,VIX FUTURES - CBOE FUTURES EXCHANGE,2022-05-17,2022-05-20,311293,29436,73955,74808,64056,30582,38175,27155,2026-08-04 20:52:26.546631
vix,VIX FUTURES - CBOE FUTURES EXCHANGE,2022-05-24,2022-05-27,275032,32868,83367,46740,66223,27101,32921,19847,2026-08-04 20:52:26.546631
vix,VIX FUTURES - CBOE FUTURES EXCHANGE,2022-05-31,2022-06-03,278850,31398,76844,55380,73999,31180,28497,21358,2026-08-04 20:52:26.546631
vix,VIX FUTURES - CBOE FUTURES EXCHANGE,2022-06-07,2022-06-10,288366,28045,77216,58276,83729,41752,26744,17383,2026-08-04 20:52:26.546631
vix,VIX FUTURES - CBOE FUTURES EXCHANGE,2022-06-14,2022-06-17,296042,26004,94356,47599,91942,32727,33425,18843,2026-08-04 20:52:26.546631
vix,VIX FUTURES - CBOE FUTURES EXCHANGE,2022-06-21,2022-06-24,257930,22297,95140,30028,91387,23663,25145,17413,2026-08-04 20:52:26.546631
vix,VIX FUTURES - CBOE FUTURES EXCHANGE,2022-06-28,2022-07-01,257123,18982,94511,33038,96624,25369,22418,14084,2026-08-04 20:52:26.546631
vix,VIX FUTURES - CBOE FUTURES EXCHANGE,2022-07-05,2022-07-08,266933,21926,93821,37946,88570,31644,25330,10435,2026-08-04 20:52:26.546631
vix,VIX FUTURES - CBOE FUTURES EXCHANGE,2022-07-12,2022-07-15,281586,26249,89920,42774,98172,45212,27281,15412,2026-08-04 20:52:26.546631
vix,VIX FUTURES - CBOE FUTURES EXCHANGE,2022-07-19,2022-07-22,308124,30006,92161,47592,99928,54581,27324,13402,2026-08-04 20:52:26.546631
vix,VIX FUTURES - CBOE FUTURES EXCHANGE,2022-07-26,2022-07-29,300870,26519,94073,36723,120771,66768,24484,10956,2026-08-04 20:52:26.546631
vix,VIX FUTURES - CBOE FUTURES EXCHANGE,2022-08-02,2022-08-05,322604,35409,94154,41362,125645,79051,24796,13557,2026-08-04 20:52:26.546631
vix,VIX FUTURES - CBOE FUTURES EXCHANGE,2022-08-09,2022-08-12,341699,35080,95667,54072,127936,80673,27151,14753,2026-08-04 20:52:26.546631
vix,VIX FUTURES - CBOE FUTURES EXCHANGE,2022-08-16,2022-08-19,366823,45254,107801,56027,131090,85340,29149,16463,2026-08-04 20:52:26.546631
vix,VIX FUTURES - CBOE FUTURES EXCHANGE,2022-08-23,2022-08-26,349447,37115,104644,50562,134562,85621,31261,16677,2026-08-04 20:52:26.546631
vix,VIX FUTURES - CBOE FUTURES EXCHANGE,2022-08-30,2022-09-02,338590,39897,109286,46324,124290,69037,31901,19149,2026-08-04 20:52:26.546631
vix,VIX FUTURES - CBOE FUTURES EXCHANGE,2022-09-06,2022-09-09,326476,39701,97506,50655,110851,69605,33142,18450,2026-08-04 20:52:26.546631
vix,VIX FUTURES - CBOE FUTURES EXCHANGE,2022-09-13,2022-09-16,348672,33564,100740,61939,116654,64581,33304,18860,2026-08-04 20:52:26.546631
vix,VIX FUTURES - CBOE FUTURES EXCHANGE,2022-09-20,2022-09-23,345341,34691,93068,67654,107658,66540,35161,17438,2026-08-04 20:52:26.546631
vix,VIX FUTURES - CBOE FUTURES EXCHANGE,2022-09-27,2022-09-30,331042,38037,106554,48127,102649,60762,40862,10400,2026-08-04 20:52:26.546631
vix,VIX FUTURES - CBOE FUTURES EXCHANGE,2022-10-04,2022-10-07,322187,35521,99200,56920,92252,48945,33147,11029,2026-08-04 20:52:26.546631
vix,VIX FUTURES - CBOE FUTURES EXCHANGE,2022-10-11,2022-10-14,340635,43031,105095,71662,94417,49864,36547,14834,2026-08-04 20:52:26.546631
vix,VIX FUTURES - CBOE FUTURES EXCHANGE,2022-10-18,2022-10-21,333118,43484,100703,66572,84021,43857,29561,13139,2026-08-04 20:52:26.546631
vix,VIX FUTURES - CBOE FUTURES EXCHANGE,2022-10-25,2022-10-28,317892,50249,99088,65606,76689,40268,27861,11243,2026-08-04 20:52:26.546631
vix,VIX FUTURES - CBOE FUTURES EXCHANGE,2022-11-01,2022-11-04,326527,54707,82598,75530,67940,55218,30601,10936,2026-08-04 20:52:26.546631
vix,VIX FUTURES - CBOE FUTURES EXCHANGE,2022-11-08,2022-11-11,333031,45528,86283,74441,78792,56108,34564,13473,2026-08-04 20:52:26.546631
vix,VIX FUTURES - CBOE FUTURES EXCHANGE,2022-11-15,2022-11-18,323631,47699,96774,62280,81690,49636,35322,15020,2026-08-04 20:52:26.546631
vix,VIX FUTURES - CBOE FUTURES EXCHANGE,2022-11-22,2022-11-25,313877,52423,87701,54478,82511,63681,31791,13356,2026-08-04 20:52:26.546631
vix,VIX FUTURES - CBOE FUTURES EXCHANGE,2022-11-29,2022-12-02,323336,48157,90289,55200,100711,69519,32233,14865,2026-08-04 20:52:26.546631
vix,VIX FUTURES - CBOE FUTURES EXCHANGE,2022-12-06,2022-12-09,334630,51013,84480,61584,91562,72245,38374,18790,2026-08-04 20:52:26.546631
vix,VIX FUTURES - CBOE FUTURES EXCHANGE,2022-12-13,2022-12-16,347723,55982,80647,67974,93026,78968,36510,18301,2026-08-04 20:52:26.546631
vix,VIX FUTURES - CBOE FUTURES EXCHANGE,2022-12-20,2022-12-23,331232,52657,62628,57166,87360,85240,41080,14892,2026-08-04 20:52:26.546631
vix,VIX FUTURES - CBOE FUTURES EXCHANGE,2022-12-27,2022-12-30,289519,39336,57223,46426,83984,86856,38179,11605,2026-08-04 20:52:26.546631
vix,VIX FUTURES - CBOE FUTURES EXCHANGE,2023-01-03,2023-01-06,297329,47577,56755,43885,83430,95813,38026,13383,2026-08-04 20:52:26.546631
vix,VIX FUTURES - CBOE FUTURES EXCHANGE,2023-01-10,2023-01-13,301215,47645,78611,37188,84891,75381,42118,16598,2026-08-04 20:52:26.546631
vix,VIX FUTURES - CBOE FUTURES EXCHANGE,2023-01-17,2023-01-20,326900,53399,76729,42751,83278,76592,40781,20257,2026-08-04 20:52:26.546631
vix,VIX FUTURES - CBOE FUTURES EXCHANGE,2023-01-24,2023-01-27,295825,49613,71191,32672,85160,83498,39135,15969,2026-08-04 20:52:26.546631
vix,VIX FUTURES - CBOE FUTURES EXCHANGE,2023-01-31,2023-02-03,310475,54134,73511,33095,90892,92714,37928,15723,2026-08-04 20:52:26.546631
vix,VIX FUTURES - CBOE FUTURES EXCHANGE,2023-02-07,2023-02-10,317316,53838,85250,36341,91188,83596,42235,13803,2026-08-04 20:52:26.546631
vix,VIX FUTURES - CBOE FUTURES EXCHANGE,2023-02-14,2023-02-17,341602,52084,82232,50741,88685,80330,45218,18434,2026-08-04 20:52:26.546631
vix,VIX FUTURES - CBOE FUTURES EXCHANGE,2023-02-21,2023-02-24,333082,48262,83512,52055,91903,68108,38069,15431,2026-08-04 20:52:26.546631
vix,VIX FUTURES - CBOE FUTURES EXCHANGE,2023-02-28,2023-03-03,336321,54540,88719,48210,90348,73585,35717,13785,2026-08-04 20:52:26.546631
vix,VIX FUTURES - CBOE FUTURES EXCHANGE,2023-03-07,2023-03-10,356442,60081,83665,45704,97147,94233,40447,16672,2026-08-04 20:52:26.546631
vix,VIX FUTURES - CBOE FUTURES EXCHANGE,2023-03-14,2023-03-17,336746,55843,88280,47983,76328,71267,46842,14956,2026-08-04 20:52:26.546631
vix,VIX FUTURES - CBOE FUTURES EXCHANGE,2023-03-21,2023-03-24,330622,51304,79553,60412,69208,67060,38387,13455,2026-08-04 20:52:26.546631
vix,VIX FUTURES - CBOE FUTURES EXCHANGE,2023-03-28,2023-03-31,315941,57895,73407,51939,73811,72494,30576,16552,2026-08-04 20:52:26.546631
vix,VIX FUTURES - CBOE FUTURES EXCHANGE,2023-04-04,2023-04-07,355008,71664,80709,55033,87397,97215,33016,18353,2026-08-04 20:52:26.546631
vix,VIX FUTURES - CBOE FUTURES EXCHANGE,2023-04-11,2023-04-14,360853,69560,76540,57775,90752,97929,35201,22155,2026-08-04 20:52:26.546631
vix,VIX FUTURES - CBOE FUTURES EXCHANGE,2023-04-18,2023-04-21,391654,78446,97643,54431,106049,101211,39325,24400,2026-08-04 20:52:26.546631
vix,VIX FUTURES - CBOE FUTURES EXCHANGE,2023-04-25,2023-04-28,370163,61468,103842,50243,122887,104274,40360,15997,2026-08-04 20:52:26.546631
vix,VIX FUTURES - CBOE FUTURES EXCHANGE,2023-05-02,2023-05-05,385804,65628,113817,44212,126384,105820,46636,18352,2026-08-04 20:52:26.546631
vix,VIX FUTURES - CBOE FUTURES EXCHANGE,2023-05-09,2023-05-12,391773,73907,109149,53519,117118,96416,41823,20996,2026-08-04 20:52:26.546631
vix,VIX FUTURES - CBOE FUTURES EXCHANGE,2023-05-16,2023-05-19,403023,72942,105387,62894,115953,88285,41356,30655,2026-08-04 20:52:26.546631
vix,VIX FUTURES - CBOE FUTURES EXCHANGE,2023-05-23,2023-05-26,388769,62819,100888,53995,121275,97704,42251,20159,2026-08-04 20:52:26.546631
vix,VIX FUTURES - CBOE FUTURES EXCHANGE,2023-05-30,2023-06-02,379707,63505,104895,52588,114421,84849,38021,23532,2026-08-04 20:52:26.546631
vix,VIX FUTURES - CBOE FUTURES EXCHANGE,2023-06-06,2023-06-09,417626,71959,103910,68261,107968,95198,47764,28409,2026-08-04 20:52:26.546631
vix,VIX FUTURES - CBOE FUTURES EXCHANGE,2023-06-13,2023-06-16,453169,82895,122468,72404,112889,101428,53059,29872,2026-08-04 20:52:26.546631
vix,VIX FUTURES - CBOE FUTURES EXCHANGE,2023-06-20,2023-06-23,455331,86050,118377,63521,109226,105942,56064,28609,2026-08-04 20:52:26.546631
vix,VIX FUTURES - CBOE FUTURES EXCHANGE,2023-06-27,2023-06-30,396124,75060,107906,50808,95592,100770,58754,21832,2026-08-04 20:52:26.546631
vix,VIX FUTURES - CBOE FUTURES EXCHANGE,2023-07-03,2023-07-06,406805,76255,112921,53308,95840,93045,60384,28353,2026-08-04 20:52:26.546631
vix,VIX FUTURES - CBOE FUTURES EXCHANGE,2023-07-11,2023-07-14,403072,65524,116043,57527,101272,80544,62806,31056,2026-08-04 20:52:26.546631
vix,VIX FUTURES - CBOE FUTURES EXCHANGE,2023-07-18,2023-07-21,438936,88990,125605,57957,94399,87197,69668,36732,2026-08-04 20:52:26.546631
vix,VIX FUTURES - CBOE FUTURES EXCHANGE,2023-07-25,2023-07-28,397695,75609,115037,53421,94527,79145,52161,23354,2026-08-04 20:52:26.546631
vix,VIX FUTURES - CBOE FUTURES EXCHANGE,2023-08-01,2023-08-04,400082,75270,120239,53177,100841,79031,51813,26010,2026-08-04 20:52:26.546631
vix,VIX FUTURES - CBOE FUTURES EXCHANGE,2023-08-08,2023-08-11,376604,70741,111691,57795,90309,68123,47389,22849,2026-08-04 20:52:26.546631
vix,VIX FUTURES - CBOE FUTURES EXCHANGE,2023-08-15,2023-08-18,395240,75730,100429,67373,89282,73537,45262,28789,2026-08-04 20:52:26.546631
vix,VIX FUTURES - CBOE FUTURES EXCHANGE,2023-08-22,2023-08-25,353676,65966,98985,51758,90196,66920,37096,22346,2026-08-04 20:52:26.546631
vix,VIX FUTURES - CBOE FUTURES EXCHANGE,2023-08-29,2023-09-01,384844,71036,108836,55917,96689,72970,43903,33194,2026-08-04 20:52:26.546631
vix,VIX FUTURES - CBOE FUTURES EXCHANGE,2023-09-05,2023-09-08,402061,80127,109347,55288,93156,82737,54687,32575,2026-08-04 20:52:26.546631
vix,VIX FUTURES - CBOE FUTURES EXCHANGE,2023-09-12,2023-09-15,418072,79688,111804,63810,95127,82905,59317,35509,2026-08-04 20:52:26.546631
vix,VIX FUTURES - CBOE FUTURES EXCHANGE,2023-09-19,2023-09-22,440059,81269,109882,73283,93851,86035,67422,40342,2026-08-04 20:52:26.546631
vix,VIX FUTURES - CBOE FUTURES EXCHANGE,2023-09-26,2023-09-29,384930,55756,101177,70095,88983,74398,60567,24188,2026-08-04 20:52:26.546631
vix,VIX FUTURES - CBOE FUTURES EXCHANGE,2023-10-03,2023-10-06,381162,63018,105593,64767,87946,65248,54830,29697,2026-08-04 20:52:26.546631
vix,VIX FUTURES - CBOE FUTURES EXCHANGE,2023-10-10,2023-10-13,360969,63747,79619,63628,74664,62810,37378,32678,2026-08-04 20:52:26.546631
vix,VIX FUTURES - CBOE FUTURES EXCHANGE,2023-10-17,2023-10-20,376083,70720,78962,66317,75369,68467,41539,38852,2026-08-04 20:52:26.546631
vix,VIX FUTURES - CBOE FUTURES EXCHANGE,2023-10-24,2023-10-27,344318,53244,84006,54820,83952,66221,38731,25040,2026-08-04 20:52:26.546631
vix,VIX FUTURES - CBOE FUTURES EXCHANGE,2023-10-31,2023-11-03,353533,54503,82174,54088,88266,64800,34271,30670,2026-08-04 20:52:26.546631
vix,VIX FUTURES - CBOE FUTURES EXCHANGE,2023-11-07,2023-11-10,374777,69586,83597,54929,84499,74422,47184,46165,2026-08-04 20:52:26.546631
vix,VIX FUTURES - CBOE FUTURES EXCHANGE,2023-11-14,2023-11-17,415124,78686,85757,70681,86804,79175,60117,57588,2026-08-04 20:52:26.546631
vix,VIX FUTURES - CBOE FUTURES EXCHANGE,2023-11-21,2023-11-24,391357,61193,94315,63621,92614,83113,44695,23994,2026-08-04 20:52:26.546631
vix,VIX FUTURES - CBOE FUTURES EXCHANGE,2023-11-28,2023-12-01,390752,62301,90601,59980,86644,86180,51515,26601,2026-08-04 20:52:26.546631
vix,VIX FUTURES - CBOE FUTURES EXCHANGE,2023-12-05,2023-12-08,406711,71129,90004,59885,81538,94226,58319,33306,2026-08-04 20:52:26.546631
vix,VIX FUTURES - CBOE FUTURES EXCHANGE,2023-12-12,2023-12-15,427229,79591,87503,67374,77119,90978,60501,48266,2026-08-04 20:52:26.546631
vix,VIX FUTURES - CBOE FUTURES EXCHANGE,2023-12-19,2023-12-22,424172,88052,92503,67101,73976,82559,62008,55640,2026-08-04 20:52:26.546631
vix,VIX FUTURES - CBOE FUTURES EXCHANGE,2023-12-26,2023-12-29,345802,51844,78736,51859,64754,74479,61103,33393,2026-08-04 20:52:26.546631
vix,VIX FUTURES - CBOE FUTURES EXCHANGE,2024-01-02,2024-01-05,335960,65384,75478,44072,63553,75096,52902,35967,2026-08-04 20:52:26.546631
vix,VIX FUTURES - CBOE FUTURES EXCHANGE,2024-01-09,2024-01-12,355172,61143,79025,56048,69188,68180,52532,36163,2026-08-04 20:52:26.546631
vix,VIX FUTURES - CBOE FUTURES EXCHANGE,2024-01-16,2024-01-19,359265,64818,79404,52639,67134,68438,57019,39102,2026-08-04 20:52:26.546631
vix,VIX FUTURES - CBOE FUTURES EXCHANGE,2024-01-23,2024-01-26,340313,61396,71155,48930,59957,72380,47861,22719,2026-08-04 20:52:26.546631
vix,VIX FUTURES - CBOE FUTURES EXCHANGE,2024-01-30,2024-02-02,347797,61867,80436,56323,64137,70297,48726,26529,2026-08-04 20:52:26.546631
vix,VIX FUTURES - CBOE FUTURES EXCHANGE,2024-02-06,2024-02-09,361732,75922,85791,59340,59482,70208,52701,33438,2026-08-04 20:52:26.546631
vix,VIX FUTURES - CBOE FUTURES EXCHANGE,2024-02-13,2024-02-16,362470,66147,87932,65989,58205,63744,58696,23381,2026-08-04 20:52:26.546631
vix,VIX FUTURES - CBOE FUTURES EXCHANGE,2024-02-20,2024-02-23,341280,57283,76081,64467,61157,64304,47498,20339,2026-08-04 20:52:26.546631
vix,VIX FUTURES - CBOE FUTURES EXCHANGE,2024-02-27,2024-03-01,361331,59542,80271,65375,57380,66153,54237,23498,2026-08-04 20:52:26.546631
vix,VIX FUTURES - CBOE FUTURES EXCHANGE,2024-03-05,2024-03-08,364498,63691,81909,68534,59037,66476,51260,22441,2026-08-04 20:52:26.546631
vix,VIX FUTURES - CBOE FUTURES EXCHANGE,2024-03-12,2024-03-15,375710,64336,83164,71220,54405,69610,57694,26030,2026-08-04 20:52:26.546631
vix,VIX FUTURES - CBOE FUTURES EXCHANGE,2024-03-19,2024-03-22,377364,69890,77814,66632,53489,71599,56689,29333,2026-08-04 20:52:26.546631
vix,VIX FUTURES - CBOE FUTURES EXCHANGE,2024-03-26,2024-03-29,370601,75623,77704,65573,58887,76492,40387,27033,2026-08-04 20:52:26.546631
vix,VIX FUTURES - CBOE FUTURES EXCHANGE,2024-04-02,2024-04-05,367340,63415,73639,67848,63901,74565,43568,23053,2026-08-04 20:52:26.546631
vix,VIX FUTURES - CBOE FUTURES EXCHANGE,2024-04-09,2024-04-12,368247,57303,76801,69905,64604,67564,45828,22711,2026-08-04 20:52:26.546631
vix,VIX FUTURES - CBOE FUTURES EXCHANGE,2024-04-16,2024-04-19,389392,76351,96226,63525,51002,62637,53188,27931,2026-08-04 20:52:26.546631
vix,VIX FUTURES - CBOE FUTURES EXCHANGE,2024-04-23,2024-04-26,364239,64789,80056,65271,54964,60321,42331,32280,2026-08-04 20:52:26.546631
vix,VIX FUTURES - CBOE FUTURES EXCHANGE,2024-04-30,2024-05-03,373201,65280,85510,63254,69239,63944,45054,35300,2026-08-04 20:52:26.546631
vix,VIX FUTURES - CBOE FUTURES EXCHANGE,2024-05-07,2024-05-10,403483,81900,89791,63756,58634,81493,54007,35332,2026-08-04 20:52:26.546631
vix,VIX FUTURES - CBOE FUTURES EXCHANGE,2024-05-14,2024-05-17,436067,95321,91922,77707,52986,88718,54671,30072,2026-08-04 20:52:26.546631
vix,VIX FUTURES - CBOE FUTURES EXCHANGE,2024-05-21,2024-05-24,535063,104456,95788,81966,59965,96796,55243,27807,2026-08-04 20:52:26.546631
vix,VIX FUTURES - CBOE FUTURES EXCHANGE,2024-05-28,2024-05-31,405069,81405,76703,73224,56815,92230,49624,22806,2026-08-04 20:52:26.546631
vix,VIX FUTURES - CBOE FUTURES EXCHANGE,2024-06-04,2024-06-07,420389,94649,88708,72305,59410,92731,46666,25788,2026-08-04 20:52:26.546631
vix,VIX FUTURES - CBOE FUTURES EXCHANGE,2024-06-11,2024-06-14,430432,93246,92186,74790,58363,95556,54048,26189,2026-08-04 20:52:26.546631
vix,VIX FUTURES - CBOE FUTURES EXCHANGE,2024-06-18,2024-06-21,458222,92721,99732,79571,60538,96613,63617,28130,2026-08-04 20:52:26.546631
vix,VIX FUTURES - CBOE FUTURES EXCHANGE,2024-06-25,2024-06-28,414291,79576,85680,66391,49845,97991,73544,22288,2026-08-04 20:52:26.546631
vix,VIX FUTURES - CBOE FUTURES EXCHANGE,2024-07-02,2024-07-05,450316,96396,86169,76843,44769,108905,78501,24578,2026-08-04 20:52:26.546631
vix,VIX FUTURES - CBOE FUTURES EXCHANGE,2024-07-09,2024-07-12,467930,94417,90991,86660,50175,109580,76556,23432,2026-08-04 20:52:26.546631
vix,VIX FUTURES - CBOE FUTURES EXCHANGE,2024-07-16,2024-07-19,479858,87380,93024,96724,56222,105941,80103,26624,2026-08-04 20:52:26.546631
vix,VIX FUTURES - CBOE FUTURES EXCHANGE,2024-07-23,2024-07-26,430737,58845,94017,85153,53090,83282,82541,21957,2026-08-04 20:52:26.546631
vix,VIX FUTURES - CBOE FUTURES EXCHANGE,2024-07-30,2024-08-02,429259,59214,107732,82521,54583,73886,86613,27168,2026-08-04 20:52:26.546631
vix,VIX FUTURES - CBOE FUTURES EXCHANGE,2024-08-06,2024-08-09,453022,66894,137437,82630,48231,46293,116832,49207,2026-08-04 20:52:26.546631
vix,VIX FUTURES - CBOE FUTURES EXCHANGE,2024-08-13,2024-08-16,400969,60528,100271,78407,35050,58627,76870,36191,2026-08-04 20:52:26.546631
vix,VIX FUTURES - CBOE FUTURES EXCHANGE,2024-08-20,2024-08-23,411580,63984,88786,90133,34139,55690,56486,27035,2026-08-04 20:52:26.546631
vix,VIX FUTURES - CBOE FUTURES EXCHANGE,2024-08-27,2024-08-30,390505,51539,78438,84733,39891,63699,56259,22018,2026-08-04 20:52:26.546631
vix,VIX FUTURES - CBOE FUTURES EXCHANGE,2024-09-03,2024-09-06,380203,54726,98556,78379,44854,49605,57896,21483,2026-08-04 20:52:26.546631
vix,VIX FUTURES - CBOE FUTURES EXCHANGE,2024-09-10,2024-09-13,372978,44671,89116,87156,55742,52300,58595,25161,2026-08-04 20:52:26.546631
vix,VIX FUTURES - CBOE FUTURES EXCHANGE,2024-09-17,2024-09-20,356068,55590,82809,88615,52638,43724,43572,22279,2026-08-04 20:52:26.546631
vix,VIX FUTURES - CBOE FUTURES EXCHANGE,2024-09-24,2024-09-27,317480,69545,74734,62447,45587,41309,25056,25320,2026-08-04 20:52:26.546631
vix,VIX FUTURES - CBOE FUTURES EXCHANGE,2024-10-01,2024-10-04,319104,70297,77800,62424,45766,51325,29304,22655,2026-08-04 20:52:26.546631
vix,VIX FUTURES - CBOE FUTURES EXCHANGE,2024-10-08,2024-10-11,340586,62300,85306,67312,52813,57084,46391,23557,2026-08-04 20:52:26.546631
vix,VIX FUTURES - CBOE FUTURES EXCHANGE,2024-10-15,2024-10-18,331454,66732,88540,59181,58020,50733,37661,28481,2026-08-04 20:52:26.546631
vix,VIX FUTURES - CBOE FUTURES EXCHANGE,2024-10-22,2024-10-25,320121,62430,84203,53103,62970,49123,35096,34780,2026-08-04 20:52:26.546631
vix,VIX FUTURES - CBOE FUTURES EXCHANGE,2024-10-29,2024-11-01,324190,51519,92136,57570,69195,44985,40480,33256,2026-08-04 20:52:26.546631
vix,VIX FUTURES - CBOE FUTURES EXCHANGE,2024-11-05,2024-11-08,344363,38248,95996,69034,72603,36518,47064,33406,2026-08-04 20:52:26.546631
vix,VIX FUTURES - CBOE FUTURES EXCHANGE,2024-11-12,2024-11-15,352127,59952,65661,79215,48557,41309,34870,42403,2026-08-04 20:52:26.546631
vix,VIX FUTURES - CBOE FUTURES EXCHANGE,2024-11-19,2024-11-22,353766,50826,61304,81887,53907,49347,44343,39418,2026-08-04 20:52:26.546631
vix,VIX FUTURES - CBOE FUTURES EXCHANGE,2024-11-26,2024-11-29,311326,49950,56255,62288,48573,55829,28456,23178,2026-08-04 20:52:26.546631
vix,VIX FUTURES - CBOE FUTURES EXCHANGE,2024-12-03,2024-12-06,343822,63008,58007,55709,51903,70017,32736,28872,2026-08-04 20:52:26.546631
vix,VIX FUTURES - CBOE FUTURES EXCHANGE,2024-12-10,2024-12-13,353746,61541,61397,64831,55895,70799,47163,38614,2026-08-04 20:52:26.546631
vix,VIX FUTURES - CBOE FUTURES EXCHANGE,2024-12-17,2024-12-20,341202,48047,71341,63607,60838,65338,57174,34026,2026-08-04 20:52:26.546631
vix,VIX FUTURES - CBOE FUTURES EXCHANGE,2024-12-24,2024-12-27,264712,47375,42684,48481,34614,47876,33517,30550,2026-08-04 20:52:26.546631
vix,VIX FUTURES - CBOE FUTURES EXCHANGE,2024-12-31,2025-01-03,275406,37006,52064,53054,43141,44832,36333,22225,2026-08-04 20:52:26.546631
vix,VIX FUTURES - CBOE FUTURES EXCHANGE,2025-01-07,2025-01-10,292616,38196,60243,64660,43118,43108,45450,26681,2026-08-04 20:52:26.546631
vix,VIX FUTURES - CBOE FUTURES EXCHANGE,2025-01-14,2025-01-17,308324,33915,62412,64932,46618,44519,41093,21805,2026-08-04 20:52:26.546631
vix,VIX FUTURES - CBOE FUTURES EXCHANGE,2025-01-21,2025-01-24,364919,45649,80950,60979,55755,49658,49629,29009,2026-08-04 20:52:26.546631
vix,VIX FUTURES - CBOE FUTURES EXCHANGE,2025-01-28,2025-01-31,330825,39002,81019,56106,62263,57027,56649,12046,2026-08-04 20:52:26.546631
vix,VIX FUTURES - CBOE FUTURES EXCHANGE,2025-02-04,2025-02-07,325598,46226,82002,60774,49317,60420,55506,12342,2026-08-04 20:52:26.546631
vix,VIX FUTURES - CBOE FUTURES EXCHANGE,2025-02-11,2025-02-14,360231,56089,98103,59374,58655,66627,59569,17674,2026-08-04 20:52:26.546631
vix,VIX FUTURES - CBOE FUTURES EXCHANGE,2025-02-18,2025-02-21,399296,61395,102277,65604,72619,69907,75090,37555,2026-08-04 20:52:26.546631
vix,VIX FUTURES - CBOE FUTURES EXCHANGE,2025-02-25,2025-02-28,389570,67482,104958,59481,70938,69150,67497,20785,2026-08-04 20:52:26.546631
vix,VIX FUTURES - CBOE FUTURES EXCHANGE,2025-03-04,2025-03-07,391063,63872,104162,67957,59064,53730,56541,27540,2026-08-04 20:52:26.546631
vix,VIX FUTURES - CBOE FUTURES EXCHANGE,2025-03-11,2025-03-14,385067,59610,102963,73721,53143,34793,53321,39646,2026-08-04 20:52:26.546631
vix,VIX FUTURES - CBOE FUTURES EXCHANGE,2025-03-18,2025-03-21,348639,56479,85100,61914,56514,30820,28487,36603,2026-08-04 20:52:26.546631
vix,VIX FUTURES - CBOE FUTURES EXCHANGE,2025-03-25,2025-03-28,307285,56245,78296,51910,63708,39016,13337,25660,2026-08-04 20:52:26.546631
vix,VIX FUTURES - CBOE FUTURES EXCHANGE,2025-04-01,2025-04-04,323071,53583,82197,50374,67030,55814,31393,22429,2026-08-04 20:52:26.546631
vix,VIX FUTURES - CBOE FUTURES EXCHANGE,2025-04-08,2025-04-11,377164,74059,111592,58549,46199,37323,60759,48242,2026-08-04 20:52:26.546631
vix,VIX FUTURES - CBOE FUTURES EXCHANGE,2025-04-15,2025-04-18,332537,66918,93815,43264,38108,20846,53466,53533,2026-08-04 20:52:26.546631
vix,VIX FUTURES - CBOE FUTURES EXCHANGE,2025-04-22,2025-04-25,273102,47729,83528,39311,39788,18303,33117,30494,2026-08-04 20:52:26.546631
vix,VIX FUTURES - CBOE FUTURES EXCHANGE,2025-04-29,2025-05-02,279034,50416,59562,49901,38574,18044,20627,41943,2026-08-04 20:52:26.546631
vix,VIX FUTURES - CBOE FUTURES EXCHANGE,2025-05-06,2025-05-09,279111,49651,63456,45753,43852,23615,22730,36581,2026-08-04 20:52:26.546631
vix,VIX FUTURES - CBOE FUTURES EXCHANGE,2025-05-13,2025-05-16,276576,52184,44415,44177,43541,31765,17676,45358,2026-08-04 20:52:26.546631
vix,VIX FUTURES - CBOE FUTURES EXCHANGE,2025-05-20,2025-05-23,299854,52730,59114,44607,55789,46102,35490,42083,2026-08-04 20:52:26.546631
vix,VIX FUTURES - CBOE FUTURES EXCHANGE,2025-05-27,2025-05-30,259528,38402,53010,39815,51749,44610,28992,27654,2026-08-04 20:52:26.546631
vix,VIX FUTURES - CBOE FUTURES EXCHANGE,2025-06-03,2025-06-06,284671,39555,63858,44848,54900,45020,45842,34233,2026-08-04 20:52:26.546631
vix,VIX FUTURES - CBOE FUTURES EXCHANGE,2025-06-10,2025-06-13,319010,41443,74593,51532,63472,49487,63834,44538,2026-08-04 20:52:26.546631
vix,VIX FUTURES - CBOE FUTURES EXCHANGE,2025-06-17,2025-06-20,327476,46153,87582,41580,69420,55073,69033,40609,2026-08-04 20:52:26.546631
vix,VIX FUTURES - CBOE FUTURES EXCHANGE,2025-06-24,2025-06-27,314455,43453,84675,43646,66024,54920,60605,30521,2026-08-04 20:52:26.546631
vix,VIX FUTURES - CBOE FUTURES EXCHANGE,2025-07-01,2025-07-04,361208,52152,110630,49033,81703,57980,75770,40919,2026-08-04 20:52:26.546631
vix,VIX FUTURES - CBOE FUTURES EXCHANGE,2025-07-08,2025-07-11,382752,46109,119287,58196,92549,60184,84328,40146,2026-08-04 20:52:26.546631
vix,VIX FUTURES - CBOE FUTURES EXCHANGE,2025-07-15,2025-07-18,411679,58090,120732,59626,83354,62007,94247,48853,2026-08-04 20:52:26.546631
vix,VIX FUTURES - CBOE FUTURES EXCHANGE,2025-07-22,2025-07-25,398475,47609,129735,56548,83968,61168,104683,40850,2026-08-04 20:52:26.546631
vix,VIX FUTURES - CBOE FUTURES EXCHANGE,2025-07-29,2025-08-01,443035,65732,141035,61797,87956,64574,107879,52809,2026-08-04 20:52:26.546631
vix,VIX FUTURES - CBOE FUTURES EXCHANGE,2025-08-05,2025-08-08,451496,67433,147013,65496,83886,61917,107959,45883,2026-08-04 20:52:26.546631
vix,VIX FUTURES - CBOE FUTURES EXCHANGE,2025-08-12,2025-08-15,492600,79438,160417,72132,88238,62884,114816,56754,2026-08-04 20:52:26.546631
vix,VIX FUTURES - CBOE FUTURES EXCHANGE,2025-08-19,2025-08-22,507116,81385,170436,57478,94423,57393,121333,60149,2026-08-04 20:52:26.546631
vix,VIX FUTURES - CBOE FUTURES EXCHANGE,2025-08-26,2025-08-29,469082,51927,157747,59373,89740,59904,124169,45218,2026-08-04 20:52:26.546631
vix,VIX FUTURES - CBOE FUTURES EXCHANGE,2025-09-02,2025-09-05,479768,53857,157916,67278,85252,63997,127340,41951,2026-08-04 20:52:26.546631
vix,VIX FUTURES - CBOE FUTURES EXCHANGE,2025-09-09,2025-09-12,509421,80478,165670,66846,77908,75077,130214,47950,2026-08-04 20:52:26.546631
vix,VIX FUTURES - CBOE FUTURES EXCHANGE,2025-09-16,2025-09-19,522292,70068,160698,67156,82788,77782,135324,50332,2026-08-04 20:52:26.546631
vix,VIX FUTURES - CBOE FUTURES EXCHANGE,2025-09-23,2025-09-26,472651,56324,149218,67855,85456,77869,129662,42526,2026-08-04 20:52:26.546631
vix,VIX FUTURES - CBOE FUTURES EXCHANGE,2025-09-30,2025-10-03,483778,59800,141005,74172,81640,83051,129850,47358,2026-08-04 20:52:26.546631
vix,VIX FUTURES - CBOE FUTURES EXCHANGE,2025-10-07,2025-10-10,504910,64138,158864,78496,80396,91162,140355,49660,2026-08-04 20:52:26.546631
vix,VIX FUTURES - CBOE FUTURES EXCHANGE,2025-10-14,2025-10-17,491884,60556,135773,79108,81063,85095,130385,46240,2026-08-04 20:52:26.546631
vix,VIX FUTURES - CBOE FUTURES EXCHANGE,2025-10-21,2025-10-24,495129,55759,130377,77031,88646,71145,125065,61517,2026-08-04 20:52:26.546631
vix,VIX FUTURES - CBOE FUTURES EXCHANGE,2025-10-28,2025-10-31,440354,57843,125781,73379,78787,74419,114952,49695,2026-08-04 20:52:26.546631
vix,VIX FUTURES - CBOE FUTURES EXCHANGE,2025-11-04,2025-11-07,458726,56972,135098,78770,77001,72867,124208,45326,2026-08-04 20:52:26.546631
vix,VIX FUTURES - CBOE FUTURES EXCHANGE,2025-11-10,2025-11-13,435790,55670,123742,77524,73864,64736,109859,48579,2026-08-04 20:52:26.546631
vix,VIX FUTURES - CBOE FUTURES EXCHANGE,2025-11-18,2025-11-21,476746,46093,133390,102020,78613,58658,116397,42232,2026-08-04 20:52:26.546631
vix,VIX FUTURES - CBOE FUTURES EXCHANGE,2025-11-25,2025-11-28,415618,55175,110285,69448,79847,57917,80284,43044,2026-08-04 20:52:26.546631
vix,VIX FUTURES - CBOE FUTURES EXCHANGE,2025-12-02,2025-12-05,423353,61347,107307,73006,66556,61683,93416,48535,2026-08-04 20:52:26.546631
vix,VIX FUTURES - CBOE FUTURES EXCHANGE,2025-12-09,2025-12-12,408764,62306,105826,74352,64210,64454,94012,51141,2026-08-04 20:52:26.546631
vix,VIX FUTURES - CBOE FUTURES EXCHANGE,2025-12-16,2025-12-19,407214,59115,84711,78608,54677,64001,87921,52108,2026-08-04 20:52:26.546631
vix,VIX FUTURES - CBOE FUTURES EXCHANGE,2025-12-23,2025-12-26,378149,54273,79302,78416,48367,77079,89630,36132,2026-08-04 20:52:26.546631
vix,VIX FUTURES - CBOE FUTURES EXCHANGE,2025-12-30,2026-01-02,401924,56684,83676,88425,47109,83700,95654,34615,2026-08-04 20:52:26.546631
vix,VIX FUTURES - CBOE FUTURES EXCHANGE,2026-01-06,2026-01-09,408274,65134,89577,85218,48776,90206,96360,35254,2026-08-04 20:52:26.546631
vix,VIX FUTURES - CBOE FUTURES EXCHANGE,2026-01-13,2026-01-16,404065,66312,89969,75954,48382,98565,101522,33134,2026-08-04 20:52:26.546631
vix,VIX FUTURES - CBOE FUTURES EXCHANGE,2026-01-20,2026-01-23,397540,49673,86899,77225,52031,94679,109507,31233,2026-08-04 20:52:26.546631
vix,VIX FUTURES - CBOE FUTURES EXCHANGE,2026-01-27,2026-01-30,362436,57816,76594,61912,50800,94984,94841,36259,2026-08-04 20:52:26.546631
vix,VIX FUTURES - CBOE FUTURES EXCHANGE,2026-02-03,2026-02-06,364610,61447,81148,66057,50997,91767,92918,32865,2026-08-04 20:52:26.546631
vix,VIX FUTURES - CBOE FUTURES EXCHANGE,2026-02-10,2026-02-13,371926,58053,80526,66984,53779,83402,95754,39680,2026-08-04 20:52:26.546631
vix,VIX FUTURES - CBOE FUTURES EXCHANGE,2026-02-17,2026-02-20,373970,48861,76025,75267,52188,78005,97896,40851,2026-08-04 20:52:26.546631
vix,VIX FUTURES - CBOE FUTURES EXCHANGE,2026-02-24,2026-02-27,359403,57593,86973,63633,55602,72982,92690,37253,2026-08-04 20:52:26.546631
vix,VIX FUTURES - CBOE FUTURES EXCHANGE,2026-03-03,2026-03-06,390327,76336,107548,59340,52954,77427,99313,36247,2026-08-04 20:52:26.546631
vix,VIX FUTURES - CBOE FUTURES EXCHANGE,2026-03-10,2026-03-13,388154,64308,129111,56254,67894,57733,98803,39852,2026-08-04 20:52:26.546631
vix,VIX FUTURES - CBOE FUTURES EXCHANGE,2026-03-17,2026-03-20,390617,53142,117767,68018,61562,43154,83279,36467,2026-08-04 20:52:26.546631
vix,VIX FUTURES - CBOE FUTURES EXCHANGE,2026-03-24,2026-03-27,342736,61060,101520,49467,52306,48395,69001,32679,2026-08-04 20:52:26.546631
vix,VIX FUTURES - CBOE FUTURES EXCHANGE,2026-03-31,2026-04-03,348841,58211,100457,54177,49667,38281,67930,32645,2026-08-04 20:52:26.546631
vix,VIX FUTURES - CBOE FUTURES EXCHANGE,2026-04-07,2026-04-10,346636,55648,100607,49748,51483,35913,68838,36037,2026-08-04 20:52:26.546631
vix,VIX FUTURES - CBOE FUTURES EXCHANGE,2026-04-14,2026-04-17,365189,65256,95078,48646,48923,47654,77943,51710,2026-08-04 20:52:26.546631
vix,VIX FUTURES - CBOE FUTURES EXCHANGE,2026-04-21,2026-04-24,338407,49672,92055,46136,56605,57803,82615,39623,2026-08-04 20:52:26.546631
vix,VIX FUTURES - CBOE FUTURES EXCHANGE,2026-04-28,2026-05-01,362354,60287,100608,55966,57703,63482,88618,42449,2026-08-04 20:52:26.546631
vix,VIX FUTURES - CBOE FUTURES EXCHANGE,2026-05-05,2026-05-08,387097,77895,116698,48011,57825,67874,97972,47797,2026-08-04 20:52:26.546631
vix,VIX FUTURES - CBOE FUTURES EXCHANGE,2026-05-12,2026-05-15,403210,71913,119492,50114,65802,67684,101757,51668,2026-08-04 20:52:26.546631
vix,VIX FUTURES - CBOE FUTURES EXCHANGE,2026-05-19,2026-05-22,440175,76102,128006,62343,67076,68963,109466,58669,2026-08-04 20:52:26.546631
vix,VIX FUTURES - CBOE FUTURES EXCHANGE,2026-05-26,2026-05-29,384569,65926,115262,50121,67044,66677,94566,42916,2026-08-04 20:52:26.546631
vix,VIX FUTURES - CBOE FUTURES EXCHANGE,2026-06-02,2026-06-05,410627,80763,113796,59106,64339,76855,93958,44621,2026-08-04 20:52:26.546631
vix,VIX FUTURES - CBOE FUTURES EXCHANGE,2026-06-09,2026-06-12,410412,67684,102974,75915,57458,83852,98659,39646,2026-08-04 20:52:26.546631
vix,VIX FUTURES - CBOE FUTURES EXCHANGE,2026-06-16,2026-06-19,408315,86619,99914,62011,43380,73687,88443,44611,2026-08-04 20:52:26.546631
vix,VIX FUTURES - CBOE FUTURES EXCHANGE,2026-06-23,2026-06-26,353256,71314,90177,58414,45448,70067,81181,35494,2026-08-04 20:52:26.546631
vix,VIX FUTURES - CBOE FUTURES EXCHANGE,2026-06-30,2026-07-03,354502,73565,75582,65528,40440,73098,74221,37072,2026-08-04 20:52:26.546631
vix,VIX FUTURES - CBOE FUTURES EXCHANGE,2026-07-07,2026-07-10,372868,85768,80656,60820,42096,80934,75152,38373,2026-08-04 20:52:26.546631
vix,VIX FUTURES - CBOE FUTURES EXCHANGE,2026-07-14,2026-07-17,389109,100776,90587,55731,44022,87351,75704,41369,2026-08-04 20:52:26.546631
vix,VIX FUTURES - CBOE FUTURES EXCHANGE,2026-07-21,2026-07-24,396499,96868,93770,53457,45770,87309,80571,43931,2026-08-04 20:52:26.546631
vix,VIX FUTURES - CBOE FUTURES EXCHANGE,2026-07-28,2026-07-31,343211,79888,92177,44405,48684,79998,75824,29442,2026-08-04 20:52:26.546631
ust10,UST 10Y NOTE - CHICAGO BOARD OF TRADE,2022-02-08,2022-02-11,5115166,881547,531351,701908,1622571,1449548,84574,184616,2026-08-04 20:52:28.470189
ust10,UST 10Y NOTE - CHICAGO BOARD OF TRADE,2022-02-15,2022-02-18,5405612,815338,514234,907666,1561141,1365752,116402,173954,2026-08-04 20:52:28.470189
ust10,UST 10Y NOTE - CHICAGO BOARD OF TRADE,2022-02-22,2022-02-25,4698106,828799,502748,625071,1527326,1367659,95493,127107,2026-08-04 20:52:28.470189
ust10,UST 10Y NOTE - CHICAGO BOARD OF TRADE,2022-03-01,2022-03-04,4587131,702858,400005,559937,1481627,1484925,222563,151920,2026-08-04 20:52:28.470189
ust10,UST 10Y NOTE - CHICAGO BOARD OF TRADE,2022-03-08,2022-03-11,4557336,582878,360338,607203,1529776,1398464,140412,141828,2026-08-04 20:52:28.470189
ust10,UST 10Y NOTE - CHICAGO BOARD OF TRADE,2022-03-15,2022-03-18,4742456,562781,315997,698620,1501394,1436018,124024,142166,2026-08-04 20:52:28.470189
ust10,UST 10Y NOTE - CHICAGO BOARD OF TRADE,2022-03-22,2022-03-25,5202704,643379,301513,864060,1491115,1483439,153533,138392,2026-08-04 20:52:28.470189
ust10,UST 10Y NOTE - CHICAGO BOARD OF TRADE,2022-03-29,2022-04-01,4581951,602918,336983,636030,1542038,1461739,140066,126643,2026-08-04 20:52:28.470189
ust10,UST 10Y NOTE - CHICAGO BOARD OF TRADE,2022-04-05,2022-04-08,4770250,673738,354432,700369,1560757,1481287,144035,130547,2026-08-04 20:52:28.470189
ust10,UST 10Y NOTE - CHICAGO BOARD OF TRADE,2022-04-12,2022-04-15,4757903,696634,368413,695959,1547117,1369152,86395,176472,2026-08-04 20:52:28.470189
ust10,UST 10Y NOTE - CHICAGO BOARD OF TRADE,2022-04-19,2022-04-22,4788941,616163,369493,747646,1532338,1311585,84618,174863,2026-08-04 20:52:28.470189
ust10,UST 10Y NOTE - CHICAGO BOARD OF TRADE,2022-04-26,2022-04-29,4356521,635188,330036,496016,1547520,1304239,86428,215565,2026-08-04 20:52:28.470189
ust10,UST 10Y NOTE - CHICAGO BOARD OF TRADE,2022-05-03,2022-05-06,4499491,580901,327861,558769,1651631,1286243,61409,245558,2026-08-04 20:52:28.470189
ust10,UST 10Y NOTE - CHICAGO BOARD OF TRADE,2022-05-10,2022-05-13,4588758,606786,298099,667744,1602640,1275848,73894,267732,2026-08-04 20:52:28.470189
ust10,UST 10Y NOTE - CHICAGO BOARD OF TRADE,2022-05-17,2022-05-20,4588616,453369,318449,747601,1639098,1187200,67135,209367,2026-08-04 20:52:28.470189
ust10,UST 10Y NOTE - CHICAGO BOARD OF TRADE,2022-05-24,2022-05-27,4166899,433497,341677,479228,1645591,1082865,65802,262519,2026-08-04 20:52:28.470189
ust10,UST 10Y NOTE - CHICAGO BOARD OF TRADE,2022-05-31,2022-06-03,4034662,357476,353213,453019,1697196,1042467,66924,260280,2026-08-04 20:52:28.470189
ust10,UST 10Y NOTE - CHICAGO BOARD OF TRADE,2022-06-07,2022-06-10,4057388,350974,352573,458215,1729421,1052334,51205,260443,2026-08-04 20:52:28.470189
ust10,UST 10Y NOTE - CHICAGO BOARD OF TRADE,2022-06-14,2022-06-17,4470896,392098,336422,681897,1691236,1046958,61292,272886,2026-08-04 20:52:28.470189
ust10,UST 10Y NOTE - CHICAGO BOARD OF TRADE,2022-06-21,2022-06-24,4326230,356204,281873,626353,1654255,1091396,61207,239988,2026-08-04 20:52:28.470189
ust10,UST 10Y NOTE - CHICAGO BOARD OF TRADE,2022-06-28,2022-07-01,4028201,418961,293595,429393,1673515,1083300,51566,260355,2026-08-04 20:52:28.470189
ust10,UST 10Y NOTE - CHICAGO BOARD OF TRADE,2022-07-05,2022-07-08,4290019,378168,313864,545410,1750061,1077727,47605,305830,2026-08-04 20:52:28.470189
ust10,UST 10Y NOTE - CHICAGO BOARD OF TRADE,2022-07-12,2022-07-15,4308116,351314,339359,535318,1782333,1076585,42379,309118,2026-08-04 20:52:28.470189
ust10,UST 10Y NOTE - CHICAGO BOARD OF TRADE,2022-07-19,2022-07-22,4210058,287498,348079,499785,1791510,1044870,56956,320169,2026-08-04 20:52:28.470189
ust10,UST 10Y NOTE - CHICAGO BOARD OF TRADE,2022-07-26,2022-07-29,4166409,297359,397877,430183,1833175,1016414,65959,346847,2026-08-04 20:52:28.470189
ust10,UST 10Y NOTE - CHICAGO BOARD OF TRADE,2022-08-02,2022-08-05,4336139,250464,479754,547637,1784542,941279,98777,292667,2026-08-04 20:52:28.470189
ust10,UST 10Y NOTE - CHICAGO BOARD OF TRADE,2022-08-09,2022-08-12,4336286,240162,509103,572029,1762152,900937,71522,293036,2026-08-04 20:52:28.470189
ust10,UST 10Y NOTE - CHICAGO BOARD OF TRADE,2022-08-16,2022-08-19,4270040,230204,516101,559446,1774870,909755,82875,297341,2026-08-04 20:52:28.470189
ust10,UST 10Y NOTE - CHICAGO BOARD OF TRADE,2022-08-23,2022-08-26,4553134,187888,534865,767551,1790948,887819,63034,284741,2026-08-04 20:52:28.470189
ust10,UST 10Y NOTE - CHICAGO BOARD OF TRADE,2022-08-30,2022-09-02,4127090,201078,611069,533883,1801197,917342,89929,264157,2026-08-04 20:52:28.470189
ust10,UST 10Y NOTE - CHICAGO BOARD OF TRADE,2022-09-06,2022-09-09,4273190,235755,608619,590886,1815993,933332,94318,299373,2026-08-04 20:52:28.470189
ust10,UST 10Y NOTE - CHICAGO BOARD OF TRADE,2022-09-13,2022-09-16,4454563,212899,604143,629038,1849743,1014061,125487,299853,2026-08-04 20:52:28.470189
ust10,UST 10Y NOTE - CHICAGO BOARD OF TRADE,2022-09-20,2022-09-23,4618998,268702,614054,674359,1829030,1091596,120315,300350,2026-08-04 20:52:28.470189
ust10,UST 10Y NOTE - CHICAGO BOARD OF TRADE,2022-09-27,2022-09-30,4564928,237706,675744,592939,1860082,1051593,110991,356658,2026-08-04 20:52:28.470189
ust10,UST 10Y NOTE - CHICAGO BOARD OF TRADE,2022-10-04,2022-10-07,4709624,276028,774953,634850,1880885,1010652,126740,343799,2026-08-04 20:52:28.470189
ust10,UST 10Y NOTE - CHICAGO BOARD OF TRADE,2022-10-11,2022-10-14,4752956,236060,782452,682325,1906242,950667,97754,384248,2026-08-04 20:52:28.470189
ust10,UST 10Y NOTE - CHICAGO BOARD OF TRADE,2022-10-18,2022-10-21,4727983,206572,800636,669589,1980116,938580,78111,361541,2026-08-04 20:52:28.470189
ust10,UST 10Y NOTE - CHICAGO BOARD OF TRADE,2022-10-25,2022-10-28,4598103,228451,822836,522099,2045573,965328,70961,366157,2026-08-04 20:52:28.470189
ust10,UST 10Y NOTE - CHICAGO BOARD OF TRADE,2022-11-01,2022-11-04,4670923,225870,953911,571102,2072708,908278,77996,353819,2026-08-04 20:52:28.470189
ust10,UST 10Y NOTE - CHICAGO BOARD OF TRADE,2022-11-08,2022-11-11,4815913,261597,977703,619749,2104542,905072,64222,390664,2026-08-04 20:52:28.470189
ust10,UST 10Y NOTE - CHICAGO BOARD OF TRADE,2022-11-15,2022-11-18,5081165,251742,937569,817099,2107531,916151,64223,358046,2026-08-04 20:52:28.470189
ust10,UST 10Y NOTE - CHICAGO BOARD OF TRADE,2022-11-22,2022-11-25,5156536,240388,1014852,878829,2101998,870101,74763,384977,2026-08-04 20:52:28.470189
ust10,UST 10Y NOTE - CHICAGO BOARD OF TRADE,2022-11-29,2022-12-02,4568890,241756,1016927,606615,2064936,833376,71893,365645,2026-08-04 20:52:28.470189
ust10,UST 10Y NOTE - CHICAGO BOARD OF TRADE,2022-12-06,2022-12-09,4701977,250535,968740,694871,1987262,826890,94844,312644,2026-08-04 20:52:28.470189
ust10,UST 10Y NOTE - CHICAGO BOARD OF TRADE,2022-12-13,2022-12-16,4866879,239271,961321,770307,1989443,916344,108621,281421,2026-08-04 20:52:28.470189
ust10,UST 10Y NOTE - CHICAGO BOARD OF TRADE,2022-12-20,2022-12-23,4799964,228236,933800,735237,2009675,862175,87754,281880,2026-08-04 20:52:28.470189
ust10,UST 10Y NOTE - CHICAGO BOARD OF TRADE,2022-12-27,2022-12-30,4672954,216846,965619,640678,2000438,876599,89236,283766,2026-08-04 20:52:28.470189
ust10,UST 10Y NOTE - CHICAGO BOARD OF TRADE,2023-01-03,2023-01-06,4698475,213466,967452,627105,2037151,885012,79728,321966,2026-08-04 20:52:28.470189
ust10,UST 10Y NOTE - CHICAGO BOARD OF TRADE,2023-01-10,2023-01-13,4687331,311651,990457,599708,1981362,884786,96877,291552,2026-08-04 20:52:28.470189
ust10,UST 10Y NOTE - CHICAGO BOARD OF TRADE,2023-01-17,2023-01-20,4884916,275807,1105311,666148,2113746,871366,111522,318441,2026-08-04 20:52:28.470189
ust10,UST 10Y NOTE - CHICAGO BOARD OF TRADE,2023-01-24,2023-01-27,4966542,311093,1165313,622686,2159350,972022,112210,296164,2026-08-04 20:52:28.470189
ust10,UST 10Y NOTE - CHICAGO BOARD OF TRADE,2023-01-31,2023-02-03,4764313,341778,1142464,533727,2100554,1016278,113171,306168,2026-08-04 20:52:28.470189
ust10,UST 10Y NOTE - CHICAGO BOARD OF TRADE,2023-02-07,2023-02-10,5083297,322627,1235258,691875,2075525,1080636,135931,270104,2026-08-04 20:52:28.470189
ust10,UST 10Y NOTE - CHICAGO BOARD OF TRADE,2023-02-14,2023-02-17,5192155,302844,1253789,765950,2112163,1097458,124462,248455,2026-08-04 20:52:28.470189
ust10,UST 10Y NOTE - CHICAGO BOARD OF TRADE,2023-02-21,2023-02-24,5425669,322363,1149471,861588,2080764,1134292,118195,253148,2026-08-04 20:52:28.470189
ust10,UST 10Y NOTE - CHICAGO BOARD OF TRADE,2023-02-28,2023-03-03,4970682,340586,1169469,590818,2241190,1196224,99567,275750,2026-08-04 20:52:28.470189
ust10,UST 10Y NOTE - CHICAGO BOARD OF TRADE,2023-03-07,2023-03-10,5027412,324697,1173545,607442,2240034,1198428,75988,286724,2026-08-04 20:52:28.470189
ust10,UST 10Y NOTE - CHICAGO BOARD OF TRADE,2023-03-14,2023-03-17,5336496,350941,1128194,809033,2153314,1226108,84665,289043,2026-08-04 20:52:28.470189
ust10,UST 10Y NOTE - CHICAGO BOARD OF TRADE,2023-03-21,2023-03-24,5251293,335780,1193244,730297,2141852,1226668,78418,273489,2026-08-04 20:52:28.470189
ust10,UST 10Y NOTE - CHICAGO BOARD OF TRADE,2023-03-28,2023-03-31,4916862,293255,1240934,550328,2165676,1223313,79186,264683,2026-08-04 20:52:28.470189
ust10,UST 10Y NOTE - CHICAGO BOARD OF TRADE,2023-04-04,2023-04-07,5099106,321420,1296042,601912,2246097,1208647,102693,299774,2026-08-04 20:52:28.470189
ust10,UST 10Y NOTE - CHICAGO BOARD OF TRADE,2023-04-11,2023-04-14,5074689,286609,1423762,568286,2234358,1178906,124245,269190,2026-08-04 20:52:28.470189
ust10,UST 10Y NOTE - CHICAGO BOARD OF TRADE,2023-04-18,2023-04-21,5191111,275701,1562204,571738,2233546,1158678,169139,280335,2026-08-04 20:52:28.470189
ust10,UST 10Y NOTE - CHICAGO BOARD OF TRADE,2023-04-25,2023-04-28,5096354,288480,1491861,549156,2245548,1119329,133943,310520,2026-08-04 20:52:28.470189
ust10,UST 10Y NOTE - CHICAGO BOARD OF TRADE,2023-05-02,2023-05-05,5144094,293014,1638232,550946,2273656,1057734,137664,295302,2026-08-04 20:52:28.470189
ust10,UST 10Y NOTE - CHICAGO BOARD OF TRADE,2023-05-09,2023-05-12,5323998,268035,1687764,620616,2346829,1089560,132802,345595,2026-08-04 20:52:28.470189
ust10,UST 10Y NOTE - CHICAGO BOARD OF TRADE,2023-05-16,2023-05-19,5534664,300637,1779576,671181,2376662,1132000,141065,344431,2026-08-04 20:52:28.470189
ust10,UST 10Y NOTE - CHICAGO BOARD OF TRADE,2023-05-23,2023-05-26,5719771,262429,1824395,762793,2485744,1104214,146292,369364,2026-08-04 20:52:28.470189
ust10,UST 10Y NOTE - CHICAGO BOARD OF TRADE,2023-05-30,2023-06-02,5269486,264739,1760137,518338,2460989,1134879,159078,357673,2026-08-04 20:52:28.470189
ust10,UST 10Y NOTE - CHICAGO BOARD OF TRADE,2023-06-06,2023-06-09,5102015,263434,1700390,455401,2375467,1173015,155296,291211,2026-08-04 20:52:28.470189
ust10,UST 10Y NOTE - CHICAGO BOARD OF TRADE,2023-06-13,2023-06-16,5218619,268356,1670868,463512,2353103,1212283,163424,335575,2026-08-04 20:52:28.470189
ust10,UST 10Y NOTE - CHICAGO BOARD OF TRADE,2023-06-20,2023-06-23,5206005,280427,1728647,426420,2505812,1184203,146524,370032,2026-08-04 20:52:28.470189
ust10,UST 10Y NOTE - CHICAGO BOARD OF TRADE,2023-06-27,2023-06-30,5120302,296142,1771547,390235,2530724,1229200,170878,284925,2026-08-04 20:52:28.470189
ust10,UST 10Y NOTE - CHICAGO BOARD OF TRADE,2023-07-03,2023-07-06,5257190,308347,1798337,395352,2601442,1275582,152124,331559,2026-08-04 20:52:28.470189
ust10,UST 10Y NOTE - CHICAGO BOARD OF TRADE,2023-07-11,2023-07-14,5477124,335491,1693798,510884,2650155,1359201,139101,362944,2026-08-04 20:52:28.470189
ust10,UST 10Y NOTE - CHICAGO BOARD OF TRADE,2023-07-18,2023-07-21,5408925,367594,1624749,463606,2665985,1371449,125326,345667,2026-08-04 20:52:28.470189
ust10,UST 10Y NOTE - CHICAGO BOARD OF TRADE,2023-07-25,2023-07-28,5261258,349994,1625746,444162,2656500,1338371,125087,359158,2026-08-04 20:52:28.470189
ust10,UST 10Y NOTE - CHICAGO BOARD OF TRADE,2023-08-01,2023-08-04,5475606,383974,1706881,496356,2697258,1338527,116236,358993,2026-08-04 20:52:28.470189
ust10,UST 10Y NOTE - CHICAGO BOARD OF TRADE,2023-08-08,2023-08-11,5614037,402195,1747677,600502,2644704,1286659,120386,309205,2026-08-04 20:52:28.470189
ust10,UST 10Y NOTE - CHICAGO BOARD OF TRADE,2023-08-15,2023-08-18,5652946,397727,1798055,593500,2670109,1228035,124222,334255,2026-08-04 20:52:28.470189
ust10,UST 10Y NOTE - CHICAGO BOARD OF TRADE,2023-08-22,2023-08-25,5784339,319501,1799399,710607,2700271,1257066,102313,320626,2026-08-04 20:52:28.470189
ust10,UST 10Y NOTE - CHICAGO BOARD OF TRADE,2023-08-29,2023-09-01,5354069,336094,1756743,502570,2660159,1231807,98648,347363,2026-08-04 20:52:28.470189
ust10,UST 10Y NOTE - CHICAGO BOARD OF TRADE,2023-09-05,2023-09-08,5267297,340626,1780576,464290,2639393,1193609,100476,319300,2026-08-04 20:52:28.470189
ust10,UST 10Y NOTE - CHICAGO BOARD OF TRADE,2023-09-12,2023-09-15,5296939,315451,1736331,476050,2653828,1228753,93359,337731,2026-08-04 20:52:28.470189
ust10,UST 10Y NOTE - CHICAGO BOARD OF TRADE,2023-09-19,2023-09-22,5349897,314404,1724897,496159,2634854,1291543,98339,308525,2026-08-04 20:52:28.470189
ust10,UST 10Y NOTE - CHICAGO BOARD OF TRADE,2023-09-26,2023-09-29,5410222,315390,1755690,497279,2636524,1272573,90421,341854,2026-08-04 20:52:28.470189
ust10,UST 10Y NOTE - CHICAGO BOARD OF TRADE,2023-10-03,2023-10-06,5681124,352072,1766583,656266,2640327,1274552,82939,311986,2026-08-04 20:52:28.470189
ust10,UST 10Y NOTE - CHICAGO BOARD OF TRADE,2023-10-10,2023-10-13,5628814,407405,1782407,642983,2576505,1235210,95043,275562,2026-08-04 20:52:28.470189
ust10,UST 10Y NOTE - CHICAGO BOARD OF TRADE,2023-10-17,2023-10-20,5712759,355699,1814209,714231,2509671,1188123,99718,279707,2026-08-04 20:52:28.470189
ust10,UST 10Y NOTE - CHICAGO BOARD OF TRADE,2023-10-24,2023-10-27,5651300,375661,1821675,638809,2518272,1164352,79513,289874,2026-08-04 20:52:28.470189
ust10,UST 10Y NOTE - CHICAGO BOARD OF TRADE,2023-10-31,2023-11-03,5359123,381814,1853706,510898,2507562,1099542,78216,260564,2026-08-04 20:52:28.470189
ust10,UST 10Y NOTE - CHICAGO BOARD OF TRADE,2023-11-07,2023-11-10,5423085,343788,1733447,566506,2380538,1093791,81748,280102,2026-08-04 20:52:28.470189
ust10,UST 10Y NOTE - CHICAGO BOARD OF TRADE,2023-11-14,2023-11-17,5675490,354480,1807356,674743,2360614,1105962,105663,271211,2026-08-04 20:52:28.470189
ust10,UST 10Y NOTE - CHICAGO BOARD OF TRADE,2023-11-21,2023-11-24,5763370,314830,1790630,694575,2356106,1127845,123794,269616,2026-08-04 20:52:28.470189
ust10,UST 10Y NOTE - CHICAGO BOARD OF TRADE,2023-11-28,2023-12-01,5386611,337285,1811783,526035,2394581,1111754,112742,265211,2026-08-04 20:52:28.470189
ust10,UST 10Y NOTE - CHICAGO BOARD OF TRADE,2023-12-05,2023-12-08,5406900,319394,1701905,586085,2324141,1079843,120701,256852,2026-08-04 20:52:28.470189
ust10,UST 10Y NOTE - CHICAGO BOARD OF TRADE,2023-12-12,2023-12-15,5332570,259562,1634268,601336,2317976,1109822,108988,317473,2026-08-04 20:52:28.470189
ust10,UST 10Y NOTE - CHICAGO BOARD OF TRADE,2023-12-19,2023-12-22,5551712,297878,1699102,623176,2364814,1131152,120557,312516,2026-08-04 20:52:28.470189
ust10,UST 10Y NOTE - CHICAGO BOARD OF TRADE,2023-12-26,2023-12-29,5244731,306693,1733071,466463,2384412,1101399,112883,310190,2026-08-04 20:52:28.470189
ust10,UST 10Y NOTE - CHICAGO BOARD OF TRADE,2024-01-02,2024-01-05,5287646,285598,1780691,484353,2417735,1092029,123554,328871,2026-08-04 20:52:28.470189
ust10,UST 10Y NOTE - CHICAGO BOARD OF TRADE,2024-01-09,2024-01-12,5385078,334799,1783663,535499,2419373,1110633,106309,323793,2026-08-04 20:52:28.470189
ust10,UST 10Y NOTE - CHICAGO BOARD OF TRADE,2024-01-16,2024-01-19,5429277,344075,1863382,494603,2533789,1148172,141572,348490,2026-08-04 20:52:28.470189
ust10,UST 10Y NOTE - CHICAGO BOARD OF TRADE,2024-01-23,2024-01-26,5326493,313032,1834638,464590,2495340,1094123,129418,401627,2026-08-04 20:52:28.470189
ust10,UST 10Y NOTE - CHICAGO BOARD OF TRADE,2024-01-30,2024-02-02,5360092,307432,1911891,450759,2497526,1080158,134238,349473,2026-08-04 20:52:28.470189
ust10,UST 10Y NOTE - CHICAGO BOARD OF TRADE,2024-02-06,2024-02-09,5591788,287385,1840929,618623,2443638,1068315,125400,362866,2026-08-04 20:52:28.470189
ust10,UST 10Y NOTE - CHICAGO BOARD OF TRADE,2024-02-13,2024-02-16,5932473,298807,1821367,769733,2460567,1151408,126904,355784,2026-08-04 20:52:28.470189
ust10,UST 10Y NOTE - CHICAGO BOARD OF TRADE,2024-02-20,2024-02-23,5880805,310711,1736019,763422,2423738,1128411,101479,406515,2026-08-04 20:52:28.470189
ust10,UST 10Y NOTE - CHICAGO BOARD OF TRADE,2024-02-27,2024-03-01,5216932,299206,1615429,550266,2308290,1139264,105738,381900,2026-08-04 20:52:28.470189
ust10,UST 10Y NOTE - CHICAGO BOARD OF TRADE,2024-03-05,2024-03-08,4973909,260860,1430613,549564,2266079,1064958,110214,366473,2026-08-04 20:52:28.470189
ust10,UST 10Y NOTE - CHICAGO BOARD OF TRADE,2024-03-12,2024-03-15,5015594,272499,1448948,540950,2229064,1151769,155785,374173,2026-08-04 20:52:28.470189
ust10,UST 10Y NOTE - CHICAGO BOARD OF TRADE,2024-03-19,2024-03-22,5062898,273500,1484739,547456,2231815,1135782,129682,360892,2026-08-04 20:52:28.470189
ust10,UST 10Y NOTE - CHICAGO BOARD OF TRADE,2024-03-26,2024-03-29,4994466,287530,1539636,528519,2246463,1103530,131417,356435,2026-08-04 20:52:28.470189
ust10,UST 10Y NOTE - CHICAGO BOARD OF TRADE,2024-04-02,2024-04-05,5109010,242604,1600213,564876,2304956,1058249,143962,341584,2026-08-04 20:52:28.470189
ust10,UST 10Y NOTE - CHICAGO BOARD OF TRADE,2024-04-09,2024-04-12,5154027,238130,1530660,576636,2254849,1062057,139674,373429,2026-08-04 20:52:28.470189
ust10,UST 10Y NOTE - CHICAGO BOARD OF TRADE,2024-04-16,2024-04-19,5585877,196506,1418911,801567,2389332,1083378,105871,466383,2026-08-04 20:52:28.470189
ust10,UST 10Y NOTE - CHICAGO BOARD OF TRADE,2024-04-23,2024-04-26,5561563,192972,1494315,769944,2411593,1053423,122313,424197,2026-08-04 20:52:28.470189
ust10,UST 10Y NOTE - CHICAGO BOARD OF TRADE,2024-04-30,2024-05-03,5204468,180005,1489722,593141,2434424,1064541,113558,428586,2026-08-04 20:52:28.470189
ust10,UST 10Y NOTE - CHICAGO BOARD OF TRADE,2024-05-07,2024-05-10,5206966,223645,1605993,553245,2437960,1030208,119771,427977,2026-08-04 20:52:28.470189
ust10,UST 10Y NOTE - CHICAGO BOARD OF TRADE,2024-05-14,2024-05-17,5402059,287962,1570765,705836,2318184,942156,118929,477738,2026-08-04 20:52:28.470189
ust10,UST 10Y NOTE - CHICAGO BOARD OF TRADE,2024-05-21,2024-05-24,5390347,258434,1525868,732315,2320496,997298,139757,473621,2026-08-04 20:52:28.470189
ust10,UST 10Y NOTE - CHICAGO BOARD OF TRADE,2024-05-28,2024-05-31,5436709,254389,1535818,622263,2348604,1087714,134120,452799,2026-08-04 20:52:28.470189
ust10,UST 10Y NOTE - CHICAGO BOARD OF TRADE,2024-06-04,2024-06-07,5216122,275991,1447729,642944,2318161,1107456,119729,486212,2026-08-04 20:52:28.470189
ust10,UST 10Y NOTE - CHICAGO BOARD OF TRADE,2024-06-11,2024-06-14,5095854,275288,1390854,597214,2283215,1140097,122739,470379,2026-08-04 20:52:28.470189
ust10,UST 10Y NOTE - CHICAGO BOARD OF TRADE,2024-06-18,2024-06-21,5235442,231423,1368857,664724,2263351,1087571,145427,481560,2026-08-04 20:52:28.470189
ust10,UST 10Y NOTE - CHICAGO BOARD OF TRADE,2024-06-25,2024-06-28,5003950,220728,1445621,496232,2272464,1045611,180554,484578,2026-08-04 20:52:28.470189
ust10,UST 10Y NOTE - CHICAGO BOARD OF TRADE,2024-07-02,2024-07-05,5173095,164371,1505376,590518,2348018,1022491,171937,476311,2026-08-04 20:52:28.470189
ust10,UST 10Y NOTE - CHICAGO BOARD OF TRADE,2024-07-09,2024-07-12,5221862,247184,1600730,527505,2357752,1012013,169590,502495,2026-08-04 20:52:28.470189
ust10,UST 10Y NOTE - CHICAGO BOARD OF TRADE,2024-07-16,2024-07-19,5389872,183846,1657995,555233,2407485,1000073,200988,545129,2026-08-04 20:52:28.470189
ust10,UST 10Y NOTE - CHICAGO BOARD OF TRADE,2024-07-23,2024-07-26,5345261,179810,1757267,493486,2411531,976978,216477,545325,2026-08-04 20:52:28.470189
ust10,UST 10Y NOTE - CHICAGO BOARD OF TRADE,2024-07-30,2024-08-02,5474909,231347,1931829,438783,2547975,930787,217425,567250,2026-08-04 20:52:28.470189
ust10,UST 10Y NOTE - CHICAGO BOARD OF TRADE,2024-08-06,2024-08-09,5990930,230830,1968569,758382,2459623,965615,279846,563804,2026-08-04 20:52:28.470189
ust10,UST 10Y NOTE - CHICAGO BOARD OF TRADE,2024-08-13,2024-08-16,6117524,189450,2083208,793616,2515538,913040,305886,593591,2026-08-04 20:52:28.470189
ust10,UST 10Y NOTE - CHICAGO BOARD OF TRADE,2024-08-20,2024-08-23,6299188,162858,2178655,853961,2537610,881338,329422,560918,2026-08-04 20:52:28.470189
ust10,UST 10Y NOTE - CHICAGO BOARD OF TRADE,2024-08-27,2024-08-30,6145684,168072,2064574,789237,2344402,845031,341005,519161,2026-08-04 20:52:28.470189
ust10,UST 10Y NOTE - CHICAGO BOARD OF TRADE,2024-09-03,2024-09-06,5637116,199194,2132507,580715,2363712,848541,345884,494409,2026-08-04 20:52:28.470189
ust10,UST 10Y NOTE - CHICAGO BOARD OF TRADE,2024-09-10,2024-09-13,5713752,153252,2060162,661993,2416104,845493,378627,477050,2026-08-04 20:52:28.470189
ust10,UST 10Y NOTE - CHICAGO BOARD OF TRADE,2024-09-17,2024-09-20,5777505,173727,2192460,604186,2459918,829235,419231,482631,2026-08-04 20:52:28.470189
ust10,UST 10Y NOTE - CHICAGO BOARD OF TRADE,2024-09-24,2024-09-27,5504003,225327,2286231,416583,2533342,827869,410999,516207,2026-08-04 20:52:28.470189
ust10,UST 10Y NOTE - CHICAGO BOARD OF TRADE,2024-10-01,2024-10-04,5635650,196028,2366634,492824,2554671,798944,447253,474993,2026-08-04 20:52:28.470189
ust10,UST 10Y NOTE - CHICAGO BOARD OF TRADE,2024-10-08,2024-10-11,5820671,157570,2297601,645928,2541188,784181,370877,491870,2026-08-04 20:52:28.470189
ust10,UST 10Y NOTE - CHICAGO BOARD OF TRADE,2024-10-15,2024-10-18,5670428,172235,2204458,582362,2451460,776976,343336,507315,2026-08-04 20:52:28.470189
ust10,UST 10Y NOTE - CHICAGO BOARD OF TRADE,2024-10-22,2024-10-25,5911899,208017,2236191,711758,2418823,672684,296197,524314,2026-08-04 20:52:28.470189
ust10,UST 10Y NOTE - CHICAGO BOARD OF TRADE,2024-10-29,2024-11-01,5492699,182493,2148094,608901,2446452,680646,267804,538987,2026-08-04 20:52:28.470189
ust10,UST 10Y NOTE - CHICAGO BOARD OF TRADE,2024-11-05,2024-11-08,5514920,174546,2076773,636410,2399833,708068,241819,505897,2026-08-04 20:52:28.470189
ust10,UST 10Y NOTE - CHICAGO BOARD OF TRADE,2024-11-12,2024-11-15,5468972,180078,2019286,597475,2411246,778610,247569,531842,2026-08-04 20:52:28.470189
ust10,UST 10Y NOTE - CHICAGO BOARD OF TRADE,2024-11-19,2024-11-22,5586000,206669,1909318,629589,2452519,815627,216042,514250,2026-08-04 20:52:28.470189
ust10,UST 10Y NOTE - CHICAGO BOARD OF TRADE,2024-11-26,2024-11-29,5487770,253851,1917632,499319,2405331,805795,250890,524582,2026-08-04 20:52:28.470189
ust10,UST 10Y NOTE - CHICAGO BOARD OF TRADE,2024-12-03,2024-12-06,5127680,236002,1877312,443168,2384392,843134,274703,459907,2026-08-04 20:52:28.470189
ust10,UST 10Y NOTE - CHICAGO BOARD OF TRADE,2024-12-10,2024-12-13,5062253,230108,1912568,448392,2373574,803479,265710,467395,2026-08-04 20:52:28.470189
ust10,UST 10Y NOTE - CHICAGO BOARD OF TRADE,2024-12-17,2024-12-20,5186345,268660,1906222,483260,2371511,798230,245421,541466,2026-08-04 20:52:28.470189
ust10,UST 10Y NOTE - CHICAGO BOARD OF TRADE,2024-12-24,2024-12-27,5369795,285515,1797312,589463,2430971,816200,170529,615083,2026-08-04 20:52:28.470189
ust10,UST 10Y NOTE - CHICAGO BOARD OF TRADE,2024-12-31,2025-01-03,5147322,307673,1800664,453381,2449437,813787,180163,586302,2026-08-04 20:52:28.470189
ust10,UST 10Y NOTE - CHICAGO BOARD OF TRADE,2025-01-07,2025-01-10,5408555,396862,1860110,511165,2499367,829824,173178,615457,2026-08-04 20:52:28.470189
ust10,UST 10Y NOTE - CHICAGO BOARD OF TRADE,2025-01-14,2025-01-17,5757716,458921,1749758,651805,2506222,878645,143809,642277,2026-08-04 20:52:28.470189
ust10,UST 10Y NOTE - CHICAGO BOARD OF TRADE,2025-01-21,2025-01-24,5713240,410348,1754741,711719,2530629,862420,142612,617229,2026-08-04 20:52:28.470189
ust10,UST 10Y NOTE - CHICAGO BOARD OF TRADE,2025-01-28,2025-01-31,5767883,445833,1933228,680210,2569833,847448,173883,612980,2026-08-04 20:52:28.470189
ust10,UST 10Y NOTE - CHICAGO BOARD OF TRADE,2025-02-04,2025-02-07,5872718,463418,1896681,740661,2502226,917824,185859,574212,2026-08-04 20:52:28.470189
ust10,UST 10Y NOTE - CHICAGO BOARD OF TRADE,2025-02-11,2025-02-14,5973149,451874,1992402,796697,2502350,930934,209057,515126,2026-08-04 20:52:28.470189
ust10,UST 10Y NOTE - CHICAGO BOARD OF TRADE,2025-02-18,2025-02-21,6283619,467014,1839477,1064632,2483518,955890,159239,555769,2026-08-04 20:52:28.470189
ust10,UST 10Y NOTE - CHICAGO BOARD OF TRADE,2025-02-25,2025-02-28,6278710,494208,1723869,1008149,2459496,969026,212331,545574,2026-08-04 20:52:28.470189
ust10,UST 10Y NOTE - CHICAGO BOARD OF TRADE,2025-03-04,2025-03-07,6098927,441548,1698807,1018280,2448432,945516,193477,477235,2026-08-04 20:52:28.470189
ust10,UST 10Y NOTE - CHICAGO BOARD OF TRADE,2025-03-11,2025-03-14,6013286,364461,1676228,966875,2524117,938670,216474,544192,2026-08-04 20:52:28.470189
ust10,UST 10Y NOTE - CHICAGO BOARD OF TRADE,2025-03-18,2025-03-21,6036697,349049,1781828,889711,2641655,978216,253740,547017,2026-08-04 20:52:28.470189
ust10,UST 10Y NOTE - CHICAGO BOARD OF TRADE,2025-03-25,2025-03-28,5808978,363693,1927750,719929,2667324,936840,289638,537749,2026-08-04 20:52:28.470189
ust10,UST 10Y NOTE - CHICAGO BOARD OF TRADE,2025-04-01,2025-04-04,6080718,335914,1909766,888788,2642267,882046,271761,534119,2026-08-04 20:52:28.470189
ust10,UST 10Y NOTE - CHICAGO BOARD OF TRADE,2025-04-08,2025-04-11,6325839,169133,2059931,1009706,2761736,722816,223193,563808,2026-08-04 20:52:28.470189
ust10,UST 10Y NOTE - CHICAGO BOARD OF TRADE,2025-04-15,2025-04-18,5959571,175584,2003957,773185,2764244,676038,155024,669403,2026-08-04 20:52:28.470189
ust10,UST 10Y NOTE - CHICAGO BOARD OF TRADE,2025-04-22,2025-04-25,5774032,178920,2007308,686045,2724815,656206,182162,595887,2026-08-04 20:52:28.470189
ust10,UST 10Y NOTE - CHICAGO BOARD OF TRADE,2025-04-29,2025-05-02,5746047,204090,2035736,636985,2762407,722833,207774,606256,2026-08-04 20:52:28.470189
ust10,UST 10Y NOTE - CHICAGO BOARD OF TRADE,2025-05-06,2025-05-09,5885581,172637,2201537,649263,2879169,675816,195526,576185,2026-08-04 20:52:28.470189
ust10,UST 10Y NOTE - CHICAGO BOARD OF TRADE,2025-05-13,2025-05-16,6169192,170538,2170714,736186,2906022,728753,205561,611820,2026-08-04 20:52:28.470189
ust10,UST 10Y NOTE - CHICAGO BOARD OF TRADE,2025-05-20,2025-05-23,6209206,190021,2143137,836779,2802856,693068,185863,586943,2026-08-04 20:52:28.470189
ust10,UST 10Y NOTE - CHICAGO BOARD OF TRADE,2025-05-27,2025-05-30,5850806,188702,2074816,681043,2733541,719485,153047,606710,2026-08-04 20:52:28.470189
ust10,UST 10Y NOTE - CHICAGO BOARD OF TRADE,2025-06-03,2025-06-06,5448241,250752,2176602,477261,2763109,680343,178922,492152,2026-08-04 20:52:28.470189
ust10,UST 10Y NOTE - CHICAGO BOARD OF TRADE,2025-06-10,2025-06-13,5456335,230938,2196751,468531,2752063,694278,176851,483137,2026-08-04 20:52:28.470189
ust10,UST 10Y NOTE - CHICAGO BOARD OF TRADE,2025-06-17,2025-06-20,5650891,220159,2242150,561446,2816678,677983,197988,510196,2026-08-04 20:52:28.470189
ust10,UST 10Y NOTE - CHICAGO BOARD OF TRADE,2025-06-24,2025-06-27,5784662,301232,2212149,632067,2784725,724785,213501,572976,2026-08-04 20:52:28.470189
ust10,UST 10Y NOTE - CHICAGO BOARD OF TRADE,2025-07-01,2025-07-04,6030398,275817,2324335,699003,3008461,787469,259103,556202,2026-08-04 20:52:28.470189
ust10,UST 10Y NOTE - CHICAGO BOARD OF TRADE,2025-07-08,2025-07-11,5786383,234787,2339310,539415,3000082,809440,258616,550429,2026-08-04 20:52:28.470189
ust10,UST 10Y NOTE - CHICAGO BOARD OF TRADE,2025-07-15,2025-07-18,5859664,241205,2287992,566819,2992686,847098,258559,556081,2026-08-04 20:52:28.470189
ust10,UST 10Y NOTE - CHICAGO BOARD OF TRADE,2025-07-22,2025-07-25,5793229,287960,2150621,642250,2870952,828626,248226,533684,2026-08-04 20:52:28.470189
ust10,UST 10Y NOTE - CHICAGO BOARD OF TRADE,2025-07-29,2025-08-01,5754107,284330,2449204,597389,2968937,817475,258796,552000,2026-08-04 20:52:28.470189
ust10,UST 10Y NOTE - CHICAGO BOARD OF TRADE,2025-08-05,2025-08-08,6206330,356323,2531955,840634,3023875,856747,271056,534765,2026-08-04 20:52:28.470189
ust10,UST 10Y NOTE - CHICAGO BOARD OF TRADE,2025-08-12,2025-08-15,6323945,333329,2660491,865598,3088508,810763,294073,545238,2026-08-04 20:52:28.470189
ust10,UST 10Y NOTE - CHICAGO BOARD OF TRADE,2025-08-19,2025-08-22,6389808,263462,2719853,883075,3166030,749816,302446,553888,2026-08-04 20:52:28.470189
ust10,UST 10Y NOTE - CHICAGO BOARD OF TRADE,2025-08-26,2025-08-29,6426272,231850,2767228,865071,3194002,733166,296227,520710,2026-08-04 20:52:28.470189
ust10,UST 10Y NOTE - CHICAGO BOARD OF TRADE,2025-09-02,2025-09-05,6114168,266191,2814432,756153,3181730,737419,312485,491457,2026-08-04 20:52:28.470189
ust10,UST 10Y NOTE - CHICAGO BOARD OF TRADE,2025-09-09,2025-09-12,6424735,348373,2714904,975970,3028428,831931,377176,459745,2026-08-04 20:52:28.470189
ust10,UST 10Y NOTE - CHICAGO BOARD OF TRADE,2025-09-16,2025-09-19,6619103,415975,2778032,1042245,3027655,862503,377655,485918,2026-08-04 20:52:28.470189
ust10,UST 10Y NOTE - CHICAGO BOARD OF TRADE,2025-09-23,2025-09-26,6721899,416884,2736118,1064304,3043048,921611,411021,512580,2026-08-04 20:52:28.470189
ust10,UST 10Y NOTE - CHICAGO BOARD OF TRADE,2025-09-30,2025-10-03,6537638,406687,2691176,931206,3026208,965598,432322,484492,2026-08-04 20:52:28.470189
ust10,UST 10Y NOTE - CHICAGO BOARD OF TRADE,2025-10-07,2025-10-10,6480719,333500,2649457,931648,3007817,962923,438847,500592,2026-08-04 20:52:28.470189
ust10,UST 10Y NOTE - CHICAGO BOARD OF TRADE,2025-10-14,2025-10-17,6716726,389812,2672027,1059759,2998286,961936,466156,525235,2026-08-04 20:52:28.470189
ust10,UST 10Y NOTE - CHICAGO BOARD OF TRADE,2025-10-21,2025-10-24,6954756,419651,2745449,1177896,3029710,930983,467145,526830,2026-08-04 20:52:28.470189
ust10,UST 10Y NOTE - CHICAGO BOARD OF TRADE,2025-10-28,2025-10-31,6694941,426205,2757213,1005570,3108386,965677,458122,574834,2026-08-04 20:52:28.470189
ust10,UST 10Y NOTE - CHICAGO BOARD OF TRADE,2025-11-04,2025-11-07,6547723,390998,2691281,939100,3115041,984280,413604,528756,2026-08-04 20:52:28.470189
ust10,UST 10Y NOTE - CHICAGO BOARD OF TRADE,2025-11-10,2025-11-13,6832521,412338,2673138,1156488,3131660,974722,400167,551583,2026-08-04 20:52:28.470189
ust10,UST 10Y NOTE - CHICAGO BOARD OF TRADE,2025-11-18,2025-11-21,7162012,416689,2800009,1357754,3240109,932897,355070,571116,2026-08-04 20:52:28.470189
ust10,UST 10Y NOTE - CHICAGO BOARD OF TRADE,2025-11-25,2025-11-28,7394834,526073,2898209,1274362,3242828,955541,373609,535851,2026-08-04 20:52:28.470189
ust10,UST 10Y NOTE - CHICAGO BOARD OF TRADE,2025-12-02,2025-12-05,6767330,556297,2830734,1047220,3073389,952002,385546,455237,2026-08-04 20:52:28.470189
ust10,UST 10Y NOTE - CHICAGO BOARD OF TRADE,2025-12-09,2025-12-12,6765572,474580,2779631,1011524,3031820,937281,396001,476635,2026-08-04 20:52:28.470189
ust10,UST 10Y NOTE - CHICAGO BOARD OF TRADE,2025-12-16,2025-12-19,6532818,384796,2663340,923791,2994756,943300,383178,482305,2026-08-04 20:52:28.470189
ust10,UST 10Y NOTE - CHICAGO BOARD OF TRADE,2025-12-23,2025-12-26,6646904,378508,2720022,928017,3075437,973531,419419,465338,2026-08-04 20:52:28.470189
ust10,UST 10Y NOTE - CHICAGO BOARD OF TRADE,2025-12-30,2026-01-02,6347335,362785,2726970,735931,3159421,957924,415601,477660,2026-08-04 20:52:28.470189
ust10,UST 10Y NOTE - CHICAGO BOARD OF TRADE,2026-01-06,2026-01-09,6461912,338476,2701431,790159,3155354,922871,425943,509979,2026-08-04 20:52:28.470189
ust10,UST 10Y NOTE - CHICAGO BOARD OF TRADE,2026-01-13,2026-01-16,6690517,357880,2701436,868966,3162015,953577,434112,536015,2026-08-04 20:52:28.470189
ust10,UST 10Y NOTE - CHICAGO BOARD OF TRADE,2026-01-20,2026-01-23,7105351,413486,2624797,1097831,3048850,1098207,413150,463358,2026-08-04 20:52:28.470189
ust10,UST 10Y NOTE - CHICAGO BOARD OF TRADE,2026-01-27,2026-01-30,6799954,327102,2519294,880468,3064733,1056634,374388,514765,2026-08-04 20:52:28.470189
ust10,UST 10Y NOTE - CHICAGO BOARD OF TRADE,2026-02-03,2026-02-06,6748591,304380,2469724,1016047,3076022,1019434,335117,540687,2026-08-04 20:52:28.470189
ust10,UST 10Y NOTE - CHICAGO BOARD OF TRADE,2026-02-10,2026-02-13,6898762,399808,2449415,1115046,3063515,943809,336481,624383,2026-08-04 20:52:28.470189
ust10,UST 10Y NOTE - CHICAGO BOARD OF TRADE,2026-02-17,2026-02-20,7386053,527694,2600661,1282664,3070086,908936,349623,595968,2026-08-04 20:52:28.470189
ust10,UST 10Y NOTE - CHICAGO BOARD OF TRADE,2026-02-24,2026-02-27,7219449,491611,2528239,1293044,3070901,923977,389270,603678,2026-08-04 20:52:28.470189
ust10,UST 10Y NOTE - CHICAGO BOARD OF TRADE,2026-03-03,2026-03-06,6931573,400585,2361840,1219457,3031179,982295,416552,576040,2026-08-04 20:52:28.470189
ust10,UST 10Y NOTE - CHICAGO BOARD OF TRADE,2026-03-10,2026-03-13,6764990,349848,2296320,1195826,2994879,955333,347671,579013,2026-08-04 20:52:28.470189
ust10,UST 10Y NOTE - CHICAGO BOARD OF TRADE,2026-03-17,2026-03-20,6729899,342965,2359644,1160211,2970956,872056,283482,561834,2026-08-04 20:52:28.470189
ust10,UST 10Y NOTE - CHICAGO BOARD OF TRADE,2026-03-24,2026-03-27,6992182,407109,2371966,1320394,2954919,828631,214271,532716,2026-08-04 20:52:28.470189
ust10,UST 10Y NOTE - CHICAGO BOARD OF TRADE,2026-03-31,2026-04-03,6351759,343873,2302351,835359,2979250,787642,162562,536053,2026-08-04 20:52:28.470189
ust10,UST 10Y NOTE - CHICAGO BOARD OF TRADE,2026-04-07,2026-04-10,6278760,329179,2297968,787139,2992277,766580,163789,565826,2026-08-04 20:52:28.470189
ust10,UST 10Y NOTE - CHICAGO BOARD OF TRADE,2026-04-14,2026-04-17,6261126,276630,2272277,824633,3050579,837703,198596,589046,2026-08-04 20:52:28.470189
ust10,UST 10Y NOTE - CHICAGO BOARD OF TRADE,2026-04-21,2026-04-24,6448728,269988,2289519,898420,3071013,905209,237150,577518,2026-08-04 20:52:28.470189
ust10,UST 10Y NOTE - CHICAGO BOARD OF TRADE,2026-04-28,2026-05-01,6518069,328792,2414838,831405,3159785,927435,233164,592395,2026-08-04 20:52:28.470189
ust10,UST 10Y NOTE - CHICAGO BOARD OF TRADE,2026-05-05,2026-05-08,6579709,371240,2333193,887184,3145515,996018,217342,584429,2026-08-04 20:52:28.470189
ust10,UST 10Y NOTE - CHICAGO BOARD OF TRADE,2026-05-12,2026-05-15,7180232,408081,2354938,1376636,3165418,1029814,215004,563274,2026-08-04 20:52:28.470189
ust10,UST 10Y NOTE - CHICAGO BOARD OF TRADE,2026-05-19,2026-05-22,7679631,469013,2398868,1505171,3243550,883740,148823,643702,2026-08-04 20:52:28.470189
ust10,UST 10Y NOTE - CHICAGO BOARD OF TRADE,2026-05-26,2026-05-29,7343368,397559,2312319,1475509,2935568,884590,139988,615181,2026-08-04 20:52:28.470189
ust10,UST 10Y NOTE - CHICAGO BOARD OF TRADE,2026-06-02,2026-06-05,6478701,379854,2276729,937603,3240635,929256,159245,577029,2026-08-04 20:52:28.470189
ust10,UST 10Y NOTE - CHICAGO BOARD OF TRADE,2026-06-09,2026-06-12,6534595,335621,2249387,1002612,3291840,911849,116906,562180,2026-08-04 20:52:28.470189
ust10,UST 10Y NOTE - CHICAGO BOARD OF TRADE,2026-06-16,2026-06-19,6585789,295869,2297604,994211,3318249,871518,126594,587905,2026-08-04 20:52:28.470189
ust10,UST 10Y NOTE - CHICAGO BOARD OF TRADE,2026-06-23,2026-06-26,6497216,286974,2175303,979928,3304640,935514,120788,610061,2026-08-04 20:52:28.470189
ust10,UST 10Y NOTE - CHICAGO BOARD OF TRADE,2026-06-30,2026-07-03,6245400,313513,2238124,836367,3199460,834792,154568,592078,2026-08-04 20:52:28.470189
ust10,UST 10Y NOTE - CHICAGO BOARD OF TRADE,2026-07-07,2026-07-10,6303304,363191,2352473,770535,3271423,831759,168440,642429,2026-08-04 20:52:28.470189
ust10,UST 10Y NOTE - CHICAGO BOARD OF TRADE,2026-07-14,2026-07-17,6366052,313134,2377432,846795,3295281,755790,130124,629821,2026-08-04 20:52:28.470189
ust10,UST 10Y NOTE - CHICAGO BOARD OF TRADE,2026-07-21,2026-07-24,6439641,329821,2371638,841994,3242749,727048,137664,630144,2026-08-04 20:52:28.470189
ust10,UST 10Y NOTE - CHICAGO BOARD OF TRADE,2026-07-28,2026-07-31,6428473,319579,2438330,782610,3334415,728185,135991,659053,2026-08-04 20:52:28.470189
ust2,UST 2Y NOTE - CHICAGO BOARD OF TRADE,2022-02-08,2022-02-11,2321316,612590,400570,165832,811206,634800,84167,146782,2026-08-04 20:52:29.533318
ust2,UST 2Y NOTE - CHICAGO BOARD OF TRADE,2022-02-15,2022-02-18,2229657,376275,325184,188575,855295,586459,137678,151106,2026-08-04 20:52:29.533318
ust2,UST 2Y NOTE - CHICAGO BOARD OF TRADE,2022-02-22,2022-02-25,2166216,352085,285414,181696,816900,516302,125646,159251,2026-08-04 20:52:29.533318
ust2,UST 2Y NOTE - CHICAGO BOARD OF TRADE,2022-03-01,2022-03-04,2052175,375100,276367,84923,818012,528204,130086,171400,2026-08-04 20:52:29.533318
ust2,UST 2Y NOTE - CHICAGO BOARD OF TRADE,2022-03-08,2022-03-11,2038774,308995,348879,96942,888844,524368,120337,169289,2026-08-04 20:52:29.533318
ust2,UST 2Y NOTE - CHICAGO BOARD OF TRADE,2022-03-15,2022-03-18,2157986,389568,378067,103513,896404,653700,140008,142051,2026-08-04 20:52:29.533318
ust2,UST 2Y NOTE - CHICAGO BOARD OF TRADE,2022-03-22,2022-03-25,2301162,469992,444935,144077,860287,641364,117631,153446,2026-08-04 20:52:29.533318
ust2,UST 2Y NOTE - CHICAGO BOARD OF TRADE,2022-03-29,2022-04-01,2253403,511193,425377,135398,786452,594126,106708,161171,2026-08-04 20:52:29.533318
ust2,UST 2Y NOTE - CHICAGO BOARD OF TRADE,2022-04-05,2022-04-08,2198190,498700,376354,123527,819860,617267,119234,150907,2026-08-04 20:52:29.533318
ust2,UST 2Y NOTE - CHICAGO BOARD OF TRADE,2022-04-12,2022-04-15,2212609,532520,445826,121077,831328,512884,93948,180561,2026-08-04 20:52:29.533318
ust2,UST 2Y NOTE - CHICAGO BOARD OF TRADE,2022-04-19,2022-04-22,2239492,519693,481851,125681,892681,467723,111611,163553,2026-08-04 20:52:29.533318
ust2,UST 2Y NOTE - CHICAGO BOARD OF TRADE,2022-04-26,2022-04-29,2214847,507806,496021,122043,874046,442334,106530,195616,2026-08-04 20:52:29.533318
ust2,UST 2Y NOTE - CHICAGO BOARD OF TRADE,2022-05-03,2022-05-06,2234978,504277,478788,116499,881785,441518,97926,204794,2026-08-04 20:52:29.533318
ust2,UST 2Y NOTE - CHICAGO BOARD OF TRADE,2022-05-10,2022-05-13,2266783,484501,436900,134813,922416,423789,82146,216061,2026-08-04 20:52:29.533318
ust2,UST 2Y NOTE - CHICAGO BOARD OF TRADE,2022-05-17,2022-05-20,2378501,551500,478471,149572,930928,388651,85509,249725,2026-08-04 20:52:29.533318
ust2,UST 2Y NOTE - CHICAGO BOARD OF TRADE,2022-05-24,2022-05-27,2526428,653809,539898,271133,854938,416030,89718,244565,2026-08-04 20:52:29.533318
ust2,UST 2Y NOTE - CHICAGO BOARD OF TRADE,2022-05-31,2022-06-03,2220302,563395,517960,126542,866826,434758,86538,209274,2026-08-04 20:52:29.533318
ust2,UST 2Y NOTE - CHICAGO BOARD OF TRADE,2022-06-07,2022-06-10,2004265,406964,446313,89241,834317,386510,104208,179397,2026-08-04 20:52:29.533318
ust2,UST 2Y NOTE - CHICAGO BOARD OF TRADE,2022-06-14,2022-06-17,2020865,399103,418724,118814,853508,426023,93574,188262,2026-08-04 20:52:29.533318
ust2,UST 2Y NOTE - CHICAGO BOARD OF TRADE,2022-06-21,2022-06-24,2095438,460140,322937,150312,851158,528123,93332,221735,2026-08-04 20:52:29.533318
ust2,UST 2Y NOTE - CHICAGO BOARD OF TRADE,2022-06-28,2022-07-01,2125308,511846,357303,111353,876693,551446,87459,253241,2026-08-04 20:52:29.533318
ust2,UST 2Y NOTE - CHICAGO BOARD OF TRADE,2022-07-05,2022-07-08,2113121,488954,335375,106865,904126,559645,75989,277118,2026-08-04 20:52:29.533318
ust2,UST 2Y NOTE - CHICAGO BOARD OF TRADE,2022-07-12,2022-07-15,2075802,472808,318121,118412,897782,532083,59745,254855,2026-08-04 20:52:29.533318
ust2,UST 2Y NOTE - CHICAGO BOARD OF TRADE,2022-07-19,2022-07-22,2091875,413818,365167,111488,898678,530291,66668,261971,2026-08-04 20:52:29.533318
ust2,UST 2Y NOTE - CHICAGO BOARD OF TRADE,2022-07-26,2022-07-29,2035096,331524,332091,115304,921750,524960,75452,259090,2026-08-04 20:52:29.533318
ust2,UST 2Y NOTE - CHICAGO BOARD OF TRADE,2022-08-02,2022-08-05,2075824,300819,390484,130845,933734,518501,74254,223542,2026-08-04 20:52:29.533318
ust2,UST 2Y NOTE - CHICAGO BOARD OF TRADE,2022-08-09,2022-08-12,2142492,290446,439669,154285,982066,560703,53171,223950,2026-08-04 20:52:29.533318
ust2,UST 2Y NOTE - CHICAGO BOARD OF TRADE,2022-08-16,2022-08-19,2142734,231985,458822,167283,1024253,541894,48734,210867,2026-08-04 20:52:29.533318
ust2,UST 2Y NOTE - CHICAGO BOARD OF TRADE,2022-08-23,2022-08-26,2181759,227105,350313,219692,1024376,550540,39673,285559,2026-08-04 20:52:29.533318
ust2,UST 2Y NOTE - CHICAGO BOARD OF TRADE,2022-08-30,2022-09-02,1972547,154938,327991,155344,981694,524521,36755,235005,2026-08-04 20:52:29.533318
ust2,UST 2Y NOTE - CHICAGO BOARD OF TRADE,2022-09-06,2022-09-09,1963232,166086,345681,131141,1002208,492764,40563,247814,2026-08-04 20:52:29.533318
ust2,UST 2Y NOTE - CHICAGO BOARD OF TRADE,2022-09-13,2022-09-16,2021240,170713,466140,95396,1094019,447848,50855,273107,2026-08-04 20:52:29.533318
ust2,UST 2Y NOTE - CHICAGO BOARD OF TRADE,2022-09-20,2022-09-23,2036670,257715,513947,66708,1070683,470777,45167,237176,2026-08-04 20:52:29.533318
ust2,UST 2Y NOTE - CHICAGO BOARD OF TRADE,2022-09-27,2022-09-30,2043129,230091,482733,84129,1095201,469173,41762,217897,2026-08-04 20:52:29.533318
ust2,UST 2Y NOTE - CHICAGO BOARD OF TRADE,2022-10-04,2022-10-07,1982564,202596,502994,72772,1072647,425522,29544,216805,2026-08-04 20:52:29.533318
ust2,UST 2Y NOTE - CHICAGO BOARD OF TRADE,2022-10-11,2022-10-14,2067608,196365,584348,88222,1133574,417766,27729,237882,2026-08-04 20:52:29.533318
ust2,UST 2Y NOTE - CHICAGO BOARD OF TRADE,2022-10-18,2022-10-21,2069164,164545,635152,84446,1157048,407778,25875,246306,2026-08-04 20:52:29.533318
ust2,UST 2Y NOTE - CHICAGO BOARD OF TRADE,2022-10-25,2022-10-28,2157028,153613,725305,92395,1227277,359033,29357,256814,2026-08-04 20:52:29.533318
ust2,UST 2Y NOTE - CHICAGO BOARD OF TRADE,2022-11-01,2022-11-04,2262626,155919,909338,124255,1287567,365962,46592,198794,2026-08-04 20:52:29.533318
ust2,UST 2Y NOTE - CHICAGO BOARD OF TRADE,2022-11-08,2022-11-11,2232906,173506,858471,106453,1258111,357077,39656,245623,2026-08-04 20:52:29.533318
ust2,UST 2Y NOTE - CHICAGO BOARD OF TRADE,2022-11-15,2022-11-18,2283573,132536,923787,122562,1300522,358544,57644,208755,2026-08-04 20:52:29.533318
ust2,UST 2Y NOTE - CHICAGO BOARD OF TRADE,2022-11-22,2022-11-25,2310608,114938,908683,160032,1310279,353293,50527,192400,2026-08-04 20:52:29.533318
ust2,UST 2Y NOTE - CHICAGO BOARD OF TRADE,2022-11-29,2022-12-02,2106030,113042,848770,92456,1263756,367055,30453,187009,2026-08-04 20:52:29.533318
ust2,UST 2Y NOTE - CHICAGO BOARD OF TRADE,2022-12-06,2022-12-09,2125717,139035,884538,68118,1260113,379437,44742,192847,2026-08-04 20:52:29.533318
ust2,UST 2Y NOTE - CHICAGO BOARD OF TRADE,2022-12-13,2022-12-16,2227595,137010,896912,118341,1296425,383423,37534,208960,2026-08-04 20:52:29.533318
ust2,UST 2Y NOTE - CHICAGO BOARD OF TRADE,2022-12-20,2022-12-23,2240490,151851,919658,114421,1305479,345702,34420,239873,2026-08-04 20:52:29.533318
ust2,UST 2Y NOTE - CHICAGO BOARD OF TRADE,2022-12-27,2022-12-30,2245087,160931,959084,94936,1301551,352801,34197,219606,2026-08-04 20:52:29.533318
ust2,UST 2Y NOTE - CHICAGO BOARD OF TRADE,2023-01-03,2023-01-06,2229331,147911,886308,100011,1278371,386568,33085,222102,2026-08-04 20:52:29.533318
ust2,UST 2Y NOTE - CHICAGO BOARD OF TRADE,2023-01-10,2023-01-13,2336656,309608,897603,60063,1235452,424915,39224,285943,2026-08-04 20:52:29.533318
ust2,UST 2Y NOTE - CHICAGO BOARD OF TRADE,2023-01-17,2023-01-20,2362522,326100,887869,68729,1238173,448696,52964,286494,2026-08-04 20:52:29.533318
ust2,UST 2Y NOTE - CHICAGO BOARD OF TRADE,2023-01-24,2023-01-27,2441377,354341,925813,81536,1254267,456710,53322,306718,2026-08-04 20:52:29.533318
ust2,UST 2Y NOTE - CHICAGO BOARD OF TRADE,2023-01-31,2023-02-03,2459866,307596,948833,88281,1280708,473168,59665,258176,2026-08-04 20:52:29.533318
ust2,UST 2Y NOTE - CHICAGO BOARD OF TRADE,2023-02-07,2023-02-10,2594198,395725,1120377,73069,1319168,542470,77464,229012,2026-08-04 20:52:29.533318
ust2,UST 2Y NOTE - CHICAGO BOARD OF TRADE,2023-02-14,2023-02-17,2774236,458534,1187466,115999,1378068,578030,67262,249174,2026-08-04 20:52:29.533318
ust2,UST 2Y NOTE - CHICAGO BOARD OF TRADE,2023-02-21,2023-02-24,2942369,490485,1188371,146699,1372769,554290,66287,258742,2026-08-04 20:52:29.533318
ust2,UST 2Y NOTE - CHICAGO BOARD OF TRADE,2023-02-28,2023-03-03,2672350,474057,1079904,112063,1307471,558029,58090,277731,2026-08-04 20:52:29.533318
ust2,UST 2Y NOTE - CHICAGO BOARD OF TRADE,2023-03-07,2023-03-10,2596303,402061,1062164,99243,1326506,555745,60846,239905,2026-08-04 20:52:29.533318
ust2,UST 2Y NOTE - CHICAGO BOARD OF TRADE,2023-03-14,2023-03-17,2406308,367575,799856,127310,1181243,536975,61814,244200,2026-08-04 20:52:29.533318
ust2,UST 2Y NOTE - CHICAGO BOARD OF TRADE,2023-03-21,2023-03-24,2379497,470294,846651,102420,1132080,503372,45232,251635,2026-08-04 20:52:29.533318
ust2,UST 2Y NOTE - CHICAGO BOARD OF TRADE,2023-03-28,2023-03-31,2405787,464488,927188,58262,1190969,492319,58245,278972,2026-08-04 20:52:29.533318
ust2,UST 2Y NOTE - CHICAGO BOARD OF TRADE,2023-04-04,2023-04-07,2400714,435552,920970,69335,1197908,512863,50870,269161,2026-08-04 20:52:29.533318
ust2,UST 2Y NOTE - CHICAGO BOARD OF TRADE,2023-04-11,2023-04-14,2593224,475130,1051923,65171,1209925,491095,48332,279912,2026-08-04 20:52:29.533318
ust2,UST 2Y NOTE - CHICAGO BOARD OF TRADE,2023-04-18,2023-04-21,2701341,506476,1179223,62340,1254248,456947,53115,286335,2026-08-04 20:52:29.533318
ust2,UST 2Y NOTE - CHICAGO BOARD OF TRADE,2023-04-25,2023-04-28,2760518,533327,1257870,56149,1231460,418424,59961,299426,2026-08-04 20:52:29.533318
ust2,UST 2Y NOTE - CHICAGO BOARD OF TRADE,2023-05-02,2023-05-05,2804936,526871,1346557,56733,1263264,377053,59519,273938,2026-08-04 20:52:29.533318
ust2,UST 2Y NOTE - CHICAGO BOARD OF TRADE,2023-05-09,2023-05-12,3061132,639248,1520911,64870,1302988,407303,70405,302219,2026-08-04 20:52:29.533318
ust2,UST 2Y NOTE - CHICAGO BOARD OF TRADE,2023-05-16,2023-05-19,3228454,657749,1702089,82586,1361170,401472,79739,256997,2026-08-04 20:52:29.533318
ust2,UST 2Y NOTE - CHICAGO BOARD OF TRADE,2023-05-23,2023-05-26,3363846,705040,1755680,140591,1388874,392600,82910,285640,2026-08-04 20:52:29.533318
ust2,UST 2Y NOTE - CHICAGO BOARD OF TRADE,2023-05-30,2023-06-02,3222108,758287,1817657,80578,1383363,381477,87123,267872,2026-08-04 20:52:29.533318
ust2,UST 2Y NOTE - CHICAGO BOARD OF TRADE,2023-06-06,2023-06-09,3414265,751625,1959104,82029,1506624,450819,92775,255771,2026-08-04 20:52:29.533318
ust2,UST 2Y NOTE - CHICAGO BOARD OF TRADE,2023-06-13,2023-06-16,3446657,776356,2002177,77593,1614575,437265,108976,276509,2026-08-04 20:52:29.533318
ust2,UST 2Y NOTE - CHICAGO BOARD OF TRADE,2023-06-20,2023-06-23,3586854,804478,2074572,72761,1664166,473456,123504,288371,2026-08-04 20:52:29.533318
ust2,UST 2Y NOTE - CHICAGO BOARD OF TRADE,2023-06-27,2023-06-30,3676596,819090,2113151,61826,1732818,505967,122481,303630,2026-08-04 20:52:29.533318
ust2,UST 2Y NOTE - CHICAGO BOARD OF TRADE,2023-07-03,2023-07-06,3711719,791836,2134125,81917,1736847,498499,134242,292474,2026-08-04 20:52:29.533318
ust2,UST 2Y NOTE - CHICAGO BOARD OF TRADE,2023-07-11,2023-07-14,3726473,804801,2133616,84120,1721825,524526,128626,302170,2026-08-04 20:52:29.533318
ust2,UST 2Y NOTE - CHICAGO BOARD OF TRADE,2023-07-18,2023-07-21,3701045,710273,2140322,102862,1786998,501899,126054,263155,2026-08-04 20:52:29.533318
ust2,UST 2Y NOTE - CHICAGO BOARD OF TRADE,2023-07-25,2023-07-28,3665744,677429,2163499,81412,1773234,491603,132692,235078,2026-08-04 20:52:29.533318
ust2,UST 2Y NOTE - CHICAGO BOARD OF TRADE,2023-08-01,2023-08-04,3673879,673349,2157690,92847,1754399,481673,141777,242456,2026-08-04 20:52:29.533318
ust2,UST 2Y NOTE - CHICAGO BOARD OF TRADE,2023-08-08,2023-08-11,3800455,786373,2198706,112194,1745765,502128,125916,282014,2026-08-04 20:52:29.533318
ust2,UST 2Y NOTE - CHICAGO BOARD OF TRADE,2023-08-15,2023-08-18,3869753,773554,2218869,112715,1773600,500392,129808,319172,2026-08-04 20:52:29.533318
ust2,UST 2Y NOTE - CHICAGO BOARD OF TRADE,2023-08-22,2023-08-25,4035039,847806,2332447,158607,1823133,523722,144034,332403,2026-08-04 20:52:29.533318
ust2,UST 2Y NOTE - CHICAGO BOARD OF TRADE,2023-08-29,2023-09-01,3783433,789528,2146463,133327,1708432,472936,134898,357193,2026-08-04 20:52:29.533318
ust2,UST 2Y NOTE - CHICAGO BOARD OF TRADE,2023-09-05,2023-09-08,3698767,809164,2132775,79191,1657373,511663,131293,287654,2026-08-04 20:52:29.533318
ust2,UST 2Y NOTE - CHICAGO BOARD OF TRADE,2023-09-12,2023-09-15,3699476,767859,2097389,93260,1689080,510574,154328,338690,2026-08-04 20:52:29.533318
ust2,UST 2Y NOTE - CHICAGO BOARD OF TRADE,2023-09-19,2023-09-22,3806739,773987,2128771,122585,1718031,538196,153526,350523,2026-08-04 20:52:29.533318
ust2,UST 2Y NOTE - CHICAGO BOARD OF TRADE,2023-09-26,2023-09-29,3972952,884271,2242606,140394,1734679,538013,146231,384155,2026-08-04 20:52:29.533318
ust2,UST 2Y NOTE - CHICAGO BOARD OF TRADE,2023-10-03,2023-10-06,4028941,892067,2321261,132879,1775872,519324,144205,380033,2026-08-04 20:52:29.533318
ust2,UST 2Y NOTE - CHICAGO BOARD OF TRADE,2023-10-10,2023-10-13,4101088,933282,2357685,138611,1817386,512927,140466,410119,2026-08-04 20:52:29.533318
ust2,UST 2Y NOTE - CHICAGO BOARD OF TRADE,2023-10-17,2023-10-20,4139105,903041,2465588,150488,1899749,525889,142024,362864,2026-08-04 20:52:29.533318
ust2,UST 2Y NOTE - CHICAGO BOARD OF TRADE,2023-10-24,2023-10-27,4291327,1064938,2649896,121959,1902437,525804,161396,374911,2026-08-04 20:52:29.533318
ust2,UST 2Y NOTE - CHICAGO BOARD OF TRADE,2023-10-31,2023-11-03,4255383,1032266,2638010,104437,1942559,511499,127745,360725,2026-08-04 20:52:29.533318
ust2,UST 2Y NOTE - CHICAGO BOARD OF TRADE,2023-11-07,2023-11-10,4229760,937413,2658314,101038,1968063,497982,143509,320021,2026-08-04 20:52:29.533318
ust2,UST 2Y NOTE - CHICAGO BOARD OF TRADE,2023-11-14,2023-11-17,4274379,968702,2595004,133108,1893280,504752,138114,367211,2026-08-04 20:52:29.533318
ust2,UST 2Y NOTE - CHICAGO BOARD OF TRADE,2023-11-21,2023-11-24,4253233,892444,2520003,143955,1898082,514084,144403,360005,2026-08-04 20:52:29.533318
ust2,UST 2Y NOTE - CHICAGO BOARD OF TRADE,2023-11-28,2023-12-01,4107508,905660,2437832,93816,1831664,494964,142232,421696,2026-08-04 20:52:29.533318
ust2,UST 2Y NOTE - CHICAGO BOARD OF TRADE,2023-12-05,2023-12-08,4149739,867771,2557726,100667,1873647,463655,161629,368131,2026-08-04 20:52:29.533318
ust2,UST 2Y NOTE - CHICAGO BOARD OF TRADE,2023-12-12,2023-12-15,3994780,831368,2412015,103865,1758979,473662,133465,330488,2026-08-04 20:52:29.533318
ust2,UST 2Y NOTE - CHICAGO BOARD OF TRADE,2023-12-19,2023-12-22,3876940,812213,2335063,96672,1678143,472417,116075,318885,2026-08-04 20:52:29.533318
ust2,UST 2Y NOTE - CHICAGO BOARD OF TRADE,2023-12-26,2023-12-29,3789462,763048,2290802,82355,1693599,472495,114249,327648,2026-08-04 20:52:29.533318
ust2,UST 2Y NOTE - CHICAGO BOARD OF TRADE,2024-01-02,2024-01-05,3799946,775882,2266563,87848,1702741,459457,120379,363564,2026-08-04 20:52:29.533318
ust2,UST 2Y NOTE - CHICAGO BOARD OF TRADE,2024-01-09,2024-01-12,3823543,767061,2247767,105427,1693511,441542,128580,409954,2026-08-04 20:52:29.533318
ust2,UST 2Y NOTE - CHICAGO BOARD OF TRADE,2024-01-16,2024-01-19,3946735,865901,2297023,105695,1734859,485973,126850,431458,2026-08-04 20:52:29.533318
ust2,UST 2Y NOTE - CHICAGO BOARD OF TRADE,2024-01-23,2024-01-26,3998349,883216,2305658,121895,1697554,486396,130410,438702,2026-08-04 20:52:29.533318
ust2,UST 2Y NOTE - CHICAGO BOARD OF TRADE,2024-01-30,2024-02-02,3975810,851560,2324315,91121,1756397,474393,131126,459159,2026-08-04 20:52:29.533318
ust2,UST 2Y NOTE - CHICAGO BOARD OF TRADE,2024-02-06,2024-02-09,4001448,785805,2272105,105753,1812190,486794,145508,493051,2026-08-04 20:52:29.533318
ust2,UST 2Y NOTE - CHICAGO BOARD OF TRADE,2024-02-13,2024-02-16,4085859,773961,2260442,165635,1786664,488167,141020,472500,2026-08-04 20:52:29.533318
ust2,UST 2Y NOTE - CHICAGO BOARD OF TRADE,2024-02-20,2024-02-23,4124430,720622,2179310,192386,1817648,489226,124383,517686,2026-08-04 20:52:29.533318
ust2,UST 2Y NOTE - CHICAGO BOARD OF TRADE,2024-02-27,2024-03-01,3827809,588811,1986209,131410,1764903,490452,125160,495238,2026-08-04 20:52:29.533318
ust2,UST 2Y NOTE - CHICAGO BOARD OF TRADE,2024-03-05,2024-03-08,3664001,548057,1980526,108271,1749175,518459,134944,435242,2026-08-04 20:52:29.533318
ust2,UST 2Y NOTE - CHICAGO BOARD OF TRADE,2024-03-12,2024-03-15,3703993,491143,1921029,155367,1720634,471899,132803,467658,2026-08-04 20:52:29.533318
ust2,UST 2Y NOTE - CHICAGO BOARD OF TRADE,2024-03-19,2024-03-22,3785679,551588,1862509,197289,1667495,479493,107853,482609,2026-08-04 20:52:29.533318
ust2,UST 2Y NOTE - CHICAGO BOARD OF TRADE,2024-03-26,2024-03-29,3791606,606811,1884892,166310,1658037,527703,105014,469077,2026-08-04 20:52:29.533318
ust2,UST 2Y NOTE - CHICAGO BOARD OF TRADE,2024-04-02,2024-04-05,3872016,573955,1907055,200594,1705172,512368,109192,485864,2026-08-04 20:52:29.533318
ust2,UST 2Y NOTE - CHICAGO BOARD OF TRADE,2024-04-09,2024-04-12,3940485,599399,1934070,191234,1710256,533113,118980,478042,2026-08-04 20:52:29.533318
ust2,UST 2Y NOTE - CHICAGO BOARD OF TRADE,2024-04-16,2024-04-19,4095059,306732,2083428,166568,2163465,531825,147256,525039,2026-08-04 20:52:29.533318
ust2,UST 2Y NOTE - CHICAGO BOARD OF TRADE,2024-04-23,2024-04-26,4178396,336194,2168443,182577,2205826,516619,119426,490424,2026-08-04 20:52:29.533318
ust2,UST 2Y NOTE - CHICAGO BOARD OF TRADE,2024-04-30,2024-05-03,4201160,282830,2203269,161726,2290441,549875,117546,487878,2026-08-04 20:52:29.533318
ust2,UST 2Y NOTE - CHICAGO BOARD OF TRADE,2024-05-07,2024-05-10,4170324,302607,2210282,143141,2324265,597100,115992,477397,2026-08-04 20:52:29.533318
ust2,UST 2Y NOTE - CHICAGO BOARD OF TRADE,2024-05-14,2024-05-17,4135081,329150,2162623,140946,2243192,559188,110219,496143,2026-08-04 20:52:29.533318
ust2,UST 2Y NOTE - CHICAGO BOARD OF TRADE,2024-05-21,2024-05-24,4204447,317876,2178534,194333,2169722,578363,147410,435743,2026-08-04 20:52:29.533318
ust2,UST 2Y NOTE - CHICAGO BOARD OF TRADE,2024-05-28,2024-05-31,4172934,267714,2059762,232617,2027114,519381,172993,467041,2026-08-04 20:52:29.533318
ust2,UST 2Y NOTE - CHICAGO BOARD OF TRADE,2024-06-04,2024-06-07,3896137,280859,2098260,130768,2087277,528509,125809,447957,2026-08-04 20:52:29.533318
ust2,UST 2Y NOTE - CHICAGO BOARD OF TRADE,2024-06-11,2024-06-14,4031597,330096,2263978,112879,2180455,486387,152811,484739,2026-08-04 20:52:29.533318
ust2,UST 2Y NOTE - CHICAGO BOARD OF TRADE,2024-06-18,2024-06-21,4156557,331901,2433721,128580,2260316,460752,160974,424894,2026-08-04 20:52:29.533318
ust2,UST 2Y NOTE - CHICAGO BOARD OF TRADE,2024-06-25,2024-06-28,4188237,360792,2514604,104712,2334307,461248,147603,441776,2026-08-04 20:52:29.533318
ust2,UST 2Y NOTE - CHICAGO BOARD OF TRADE,2024-07-02,2024-07-05,4292945,398450,2568738,163425,2391188,523544,131124,395935,2026-08-04 20:52:29.533318
ust2,UST 2Y NOTE - CHICAGO BOARD OF TRADE,2024-07-09,2024-07-12,4359100,417082,2611863,169753,2374709,497695,155851,426178,2026-08-04 20:52:29.533318
ust2,UST 2Y NOTE - CHICAGO BOARD OF TRADE,2024-07-16,2024-07-19,4493997,460716,2677120,154065,2430279,532015,168158,443344,2026-08-04 20:52:29.533318
ust2,UST 2Y NOTE - CHICAGO BOARD OF TRADE,2024-07-23,2024-07-26,4498711,483107,2722486,180738,2447609,497684,175215,424289,2026-08-04 20:52:29.533318
ust2,UST 2Y NOTE - CHICAGO BOARD OF TRADE,2024-07-30,2024-08-02,4451221,499445,2681560,146561,2414315,519869,200048,382752,2026-08-04 20:52:29.533318
ust2,UST 2Y NOTE - CHICAGO BOARD OF TRADE,2024-08-06,2024-08-09,4498462,443427,2653618,152545,2532147,468918,155509,432569,2026-08-04 20:52:29.533318
ust2,UST 2Y NOTE - CHICAGO BOARD OF TRADE,2024-08-13,2024-08-16,4535097,451626,2740991,151303,2529833,456238,180232,434600,2026-08-04 20:52:29.533318
ust2,UST 2Y NOTE - CHICAGO BOARD OF TRADE,2024-08-20,2024-08-23,4557751,398616,2742680,182619,2548886,479992,201786,407149,2026-08-04 20:52:29.533318
ust2,UST 2Y NOTE - CHICAGO BOARD OF TRADE,2024-08-27,2024-08-30,4371492,332850,2491665,179333,2425684,475883,168131,433269,2026-08-04 20:52:29.533318
ust2,UST 2Y NOTE - CHICAGO BOARD OF TRADE,2024-09-03,2024-09-06,4276618,367437,2563992,128434,2470841,501997,153557,410081,2026-08-04 20:52:29.533318
ust2,UST 2Y NOTE - CHICAGO BOARD OF TRADE,2024-09-10,2024-09-13,4401478,408484,2662623,142220,2587776,459053,125015,415629,2026-08-04 20:52:29.533318
ust2,UST 2Y NOTE - CHICAGO BOARD OF TRADE,2024-09-17,2024-09-20,4389249,369690,2620252,158032,2561596,402298,142044,455252,2026-08-04 20:52:29.533318
ust2,UST 2Y NOTE - CHICAGO BOARD OF TRADE,2024-09-24,2024-09-27,4517791,445342,2739184,137011,2580384,475619,168832,434214,2026-08-04 20:52:29.533318
ust2,UST 2Y NOTE - CHICAGO BOARD OF TRADE,2024-10-01,2024-10-04,4523095,430799,2806697,125373,2605971,489703,169738,386800,2026-08-04 20:52:29.533318
ust2,UST 2Y NOTE - CHICAGO BOARD OF TRADE,2024-10-08,2024-10-11,4516925,406874,2821011,148233,2590894,422405,175490,431825,2026-08-04 20:52:29.533318
ust2,UST 2Y NOTE - CHICAGO BOARD OF TRADE,2024-10-15,2024-10-18,4540760,355091,2866397,171741,2641155,422375,192795,462726,2026-08-04 20:52:29.533318
ust2,UST 2Y NOTE - CHICAGO BOARD OF TRADE,2024-10-22,2024-10-25,4626308,387609,2953197,173453,2702055,426127,216588,467401,2026-08-04 20:52:29.533318
ust2,UST 2Y NOTE - CHICAGO BOARD OF TRADE,2024-10-29,2024-11-01,4576316,366268,2994194,149808,2694964,406688,219210,421068,2026-08-04 20:52:29.533318
ust2,UST 2Y NOTE - CHICAGO BOARD OF TRADE,2024-11-05,2024-11-08,4457909,293745,2928157,175784,2602873,272933,209231,432315,2026-08-04 20:52:29.533318
ust2,UST 2Y NOTE - CHICAGO BOARD OF TRADE,2024-11-12,2024-11-15,4679232,346740,3044236,220052,2644828,271554,184277,453525,2026-08-04 20:52:29.533318
ust2,UST 2Y NOTE - CHICAGO BOARD OF TRADE,2024-11-19,2024-11-22,4676352,330290,2928624,288135,2531438,248391,191188,429798,2026-08-04 20:52:29.533318
ust2,UST 2Y NOTE - CHICAGO BOARD OF TRADE,2024-11-26,2024-11-29,4385772,332373,2744188,222912,2353729,276877,236962,400337,2026-08-04 20:52:29.533318
ust2,UST 2Y NOTE - CHICAGO BOARD OF TRADE,2024-12-03,2024-12-06,4333189,317190,2708940,240679,2404702,341639,274643,387743,2026-08-04 20:52:29.533318
ust2,UST 2Y NOTE - CHICAGO BOARD OF TRADE,2024-12-10,2024-12-13,4333815,286423,2761294,233414,2395063,334909,301009,342617,2026-08-04 20:52:29.533318
ust2,UST 2Y NOTE - CHICAGO BOARD OF TRADE,2024-12-17,2024-12-20,4276400,306015,2716352,244216,2431118,306655,204313,347573,2026-08-04 20:52:29.533318
ust2,UST 2Y NOTE - CHICAGO BOARD OF TRADE,2024-12-24,2024-12-27,4304239,321958,2724929,263427,2464978,274344,156990,383687,2026-08-04 20:52:29.533318
ust2,UST 2Y NOTE - CHICAGO BOARD OF TRADE,2024-12-31,2025-01-03,4334406,383695,2691830,279770,2449323,348942,144643,352018,2026-08-04 20:52:29.533318
ust2,UST 2Y NOTE - CHICAGO BOARD OF TRADE,2025-01-07,2025-01-10,4321824,383439,2612559,296291,2378291,357979,148114,385644,2026-08-04 20:52:29.533318
ust2,UST 2Y NOTE - CHICAGO BOARD OF TRADE,2025-01-14,2025-01-17,4363187,412690,2664277,271469,2423828,310552,122670,393364,2026-08-04 20:52:29.533318
ust2,UST 2Y NOTE - CHICAGO BOARD OF TRADE,2025-01-21,2025-01-24,4207789,388418,2513566,229096,2322507,327759,143785,379213,2026-08-04 20:52:29.533318
ust2,UST 2Y NOTE - CHICAGO BOARD OF TRADE,2025-01-28,2025-01-31,4266041,426128,2559998,216282,2366237,325141,151947,350356,2026-08-04 20:52:29.533318
ust2,UST 2Y NOTE - CHICAGO BOARD OF TRADE,2025-02-04,2025-02-07,4168965,418662,2544736,215895,2312347,347310,151834,335564,2026-08-04 20:52:29.533318
ust2,UST 2Y NOTE - CHICAGO BOARD OF TRADE,2025-02-11,2025-02-14,4223966,383046,2471889,268248,2336734,327421,165642,379884,2026-08-04 20:52:29.533318
ust2,UST 2Y NOTE - CHICAGO BOARD OF TRADE,2025-02-18,2025-02-21,4221239,398656,2403531,335857,2269878,313262,125590,375680,2026-08-04 20:52:29.533318
ust2,UST 2Y NOTE - CHICAGO BOARD OF TRADE,2025-02-25,2025-02-28,4292877,415830,2295483,460732,2120470,287096,132527,395152,2026-08-04 20:52:29.533318
ust2,UST 2Y NOTE - CHICAGO BOARD OF TRADE,2025-03-04,2025-03-07,3921753,380345,2176013,329690,2141143,279551,89125,413800,2026-08-04 20:52:29.533318
ust2,UST 2Y NOTE - CHICAGO BOARD OF TRADE,2025-03-11,2025-03-14,4025387,333198,2225318,406972,2163454,258702,160965,398750,2026-08-04 20:52:29.533318
ust2,UST 2Y NOTE - CHICAGO BOARD OF TRADE,2025-03-18,2025-03-21,3923740,327163,2184786,368572,2065489,268383,167045,349025,2026-08-04 20:52:29.533318
ust2,UST 2Y NOTE - CHICAGO BOARD OF TRADE,2025-03-25,2025-03-28,3960611,378006,2120512,363646,2027546,327271,211746,360479,2026-08-04 20:52:29.533318
ust2,UST 2Y NOTE - CHICAGO BOARD OF TRADE,2025-04-01,2025-04-04,4010239,413054,2199730,307606,2084383,344755,211497,369735,2026-08-04 20:52:29.533318
ust2,UST 2Y NOTE - CHICAGO BOARD OF TRADE,2025-04-08,2025-04-11,4150105,507228,2167947,365687,2106394,333679,125717,435335,2026-08-04 20:52:29.533318
ust2,UST 2Y NOTE - CHICAGO BOARD OF TRADE,2025-04-15,2025-04-18,4118081,395409,2277468,299543,2260922,273298,148715,467607,2026-08-04 20:52:29.533318
ust2,UST 2Y NOTE - CHICAGO BOARD OF TRADE,2025-04-22,2025-04-25,4222348,409608,2335963,312802,2282192,265008,173882,459112,2026-08-04 20:52:29.533318
ust2,UST 2Y NOTE - CHICAGO BOARD OF TRADE,2025-04-29,2025-05-02,4182684,403985,2285781,276605,2234779,313449,183353,441406,2026-08-04 20:52:29.533318
ust2,UST 2Y NOTE - CHICAGO BOARD OF TRADE,2025-05-06,2025-05-09,4225614,338821,2204371,315792,2188072,326751,197513,446164,2026-08-04 20:52:29.533318
ust2,UST 2Y NOTE - CHICAGO BOARD OF TRADE,2025-05-13,2025-05-16,4320314,349416,2205685,382030,2236378,379088,214962,419773,2026-08-04 20:52:29.533318
ust2,UST 2Y NOTE - CHICAGO BOARD OF TRADE,2025-05-20,2025-05-23,4417553,434738,2260483,413293,2218902,389055,189893,429100,2026-08-04 20:52:29.533318
ust2,UST 2Y NOTE - CHICAGO BOARD OF TRADE,2025-05-27,2025-05-30,4122841,432837,2184855,190285,2141198,449366,175580,415414,2026-08-04 20:52:29.533318
ust2,UST 2Y NOTE - CHICAGO BOARD OF TRADE,2025-06-03,2025-06-06,3942374,432606,2188378,163346,2166017,426004,184484,377344,2026-08-04 20:52:29.533318
ust2,UST 2Y NOTE - CHICAGO BOARD OF TRADE,2025-06-10,2025-06-13,4084165,430070,2295798,157165,2275985,415080,179168,413815,2026-08-04 20:52:29.533318
ust2,UST 2Y NOTE - CHICAGO BOARD OF TRADE,2025-06-17,2025-06-20,4152483,454903,2304548,165631,2385430,406659,144956,434346,2026-08-04 20:52:29.533318
ust2,UST 2Y NOTE - CHICAGO BOARD OF TRADE,2025-06-24,2025-06-27,4277388,503241,2479862,158774,2405883,384024,168883,453031,2026-08-04 20:52:29.533318
ust2,UST 2Y NOTE - CHICAGO BOARD OF TRADE,2025-07-01,2025-07-04,4421655,520999,2538902,173976,2582311,461303,179779,459845,2026-08-04 20:52:29.533318
ust2,UST 2Y NOTE - CHICAGO BOARD OF TRADE,2025-07-08,2025-07-11,4474425,536765,2504036,212662,2593971,447395,162806,507017,2026-08-04 20:52:29.533318
ust2,UST 2Y NOTE - CHICAGO BOARD OF TRADE,2025-07-15,2025-07-18,4488146,469303,2497716,219746,2697297,466492,155921,473636,2026-08-04 20:52:29.533318
ust2,UST 2Y NOTE - CHICAGO BOARD OF TRADE,2025-07-22,2025-07-25,4498643,485679,2469593,210236,2666133,485589,164885,484365,2026-08-04 20:52:29.533318
ust2,UST 2Y NOTE - CHICAGO BOARD OF TRADE,2025-07-29,2025-08-01,4537590,497759,2482541,216968,2650269,487222,174981,484141,2026-08-04 20:52:29.533318
ust2,UST 2Y NOTE - CHICAGO BOARD OF TRADE,2025-08-05,2025-08-08,4711407,473786,2594265,233816,2803923,493801,166936,539832,2026-08-04 20:52:29.533318
ust2,UST 2Y NOTE - CHICAGO BOARD OF TRADE,2025-08-12,2025-08-15,4676837,398021,2565356,254898,2765005,503394,157388,504301,2026-08-04 20:52:29.533318
ust2,UST 2Y NOTE - CHICAGO BOARD OF TRADE,2025-08-19,2025-08-22,4666650,380348,2465349,270862,2745145,504574,144838,549058,2026-08-04 20:52:29.533318
ust2,UST 2Y NOTE - CHICAGO BOARD OF TRADE,2025-08-26,2025-08-29,4625185,391629,2392020,363000,2557284,487983,132186,511287,2026-08-04 20:52:29.533318
ust2,UST 2Y NOTE - CHICAGO BOARD OF TRADE,2025-09-02,2025-09-05,4530923,402589,2448970,303779,2700703,536138,136646,478897,2026-08-04 20:52:29.533318
ust2,UST 2Y NOTE - CHICAGO BOARD OF TRADE,2025-09-09,2025-09-12,4689855,423562,2597363,304609,2812439,500884,135265,503895,2026-08-04 20:52:29.533318
ust2,UST 2Y NOTE - CHICAGO BOARD OF TRADE,2025-09-16,2025-09-19,4815314,430202,2611461,420884,2776944,471830,128613,497578,2026-08-04 20:52:29.533318
ust2,UST 2Y NOTE - CHICAGO BOARD OF TRADE,2025-09-23,2025-09-26,4892985,494741,2574292,498906,2706330,458411,135533,521633,2026-08-04 20:52:29.533318
ust2,UST 2Y NOTE - CHICAGO BOARD OF TRADE,2025-09-30,2025-10-03,4943952,512717,2519420,517990,2696451,472105,118471,551233,2026-08-04 20:52:29.533318
ust2,UST 2Y NOTE - CHICAGO BOARD OF TRADE,2025-10-07,2025-10-10,4924236,499447,2580443,493519,2724409,499552,122972,501133,2026-08-04 20:52:29.533318
ust2,UST 2Y NOTE - CHICAGO BOARD OF TRADE,2025-10-14,2025-10-17,4872074,525660,2600858,463306,2743113,451146,107121,532263,2026-08-04 20:52:29.533318
ust2,UST 2Y NOTE - CHICAGO BOARD OF TRADE,2025-10-21,2025-10-24,4852361,449098,2561196,453188,2752243,504387,123149,492807,2026-08-04 20:52:29.533318
ust2,UST 2Y NOTE - CHICAGO BOARD OF TRADE,2025-10-28,2025-10-31,4863307,477719,2572524,440835,2735090,544927,142645,473051,2026-08-04 20:52:29.533318
ust2,UST 2Y NOTE - CHICAGO BOARD OF TRADE,2025-11-04,2025-11-07,4912524,490944,2609923,415546,2772847,559457,155272,501903,2026-08-04 20:52:29.533318
ust2,UST 2Y NOTE - CHICAGO BOARD OF TRADE,2025-11-10,2025-11-13,4966143,525189,2623345,425982,2776930,573785,149166,493581,2026-08-04 20:52:29.533318
ust2,UST 2Y NOTE - CHICAGO BOARD OF TRADE,2025-11-18,2025-11-21,4901582,454729,2551971,431757,2693335,555830,154178,485485,2026-08-04 20:52:29.533318
ust2,UST 2Y NOTE - CHICAGO BOARD OF TRADE,2025-11-25,2025-11-28,4737149,507646,2523858,413377,2636442,492871,115450,440678,2026-08-04 20:52:29.533318
ust2,UST 2Y NOTE - CHICAGO BOARD OF TRADE,2025-12-02,2025-12-05,4610866,523069,2590619,310239,2631390,526583,119478,383657,2026-08-04 20:52:29.533318
ust2,UST 2Y NOTE - CHICAGO BOARD OF TRADE,2025-12-09,2025-12-12,4626387,502003,2644196,300869,2643787,478273,119852,367007,2026-08-04 20:52:29.533318
ust2,UST 2Y NOTE - CHICAGO BOARD OF TRADE,2025-12-16,2025-12-19,4610175,475842,2711670,317014,2716311,452122,108411,372657,2026-08-04 20:52:29.533318
ust2,UST 2Y NOTE - CHICAGO BOARD OF TRADE,2025-12-23,2025-12-26,4644378,517170,2737295,266062,2721312,450850,105111,400269,2026-08-04 20:52:29.533318
ust2,UST 2Y NOTE - CHICAGO BOARD OF TRADE,2025-12-30,2026-01-02,4647035,546536,2776620,233044,2722915,443277,118699,400662,2026-08-04 20:52:29.533318
ust2,UST 2Y NOTE - CHICAGO BOARD OF TRADE,2026-01-06,2026-01-09,4699240,516879,2776916,259741,2737966,487362,123049,398252,2026-08-04 20:52:29.533318
ust2,UST 2Y NOTE - CHICAGO BOARD OF TRADE,2026-01-13,2026-01-16,4635398,363924,2617561,321212,2684895,461920,141488,443952,2026-08-04 20:52:29.533318
ust2,UST 2Y NOTE - CHICAGO BOARD OF TRADE,2026-01-20,2026-01-23,4850436,462570,2671285,414457,2660827,464241,150351,467807,2026-08-04 20:52:29.533318
ust2,UST 2Y NOTE - CHICAGO BOARD OF TRADE,2026-01-27,2026-01-30,4812734,506923,2651697,347250,2651683,460653,139234,509764,2026-08-04 20:52:29.533318
ust2,UST 2Y NOTE - CHICAGO BOARD OF TRADE,2026-02-03,2026-02-06,4862401,506009,2653906,341923,2775393,541237,127822,515147,2026-08-04 20:52:29.533318
ust2,UST 2Y NOTE - CHICAGO BOARD OF TRADE,2026-02-10,2026-02-13,4919359,512663,2660676,333474,2805690,522493,118989,543917,2026-08-04 20:52:29.533318
ust2,UST 2Y NOTE - CHICAGO BOARD OF TRADE,2026-02-17,2026-02-20,4945848,489194,2637485,411212,2783988,487800,101309,518486,2026-08-04 20:52:29.533318
ust2,UST 2Y NOTE - CHICAGO BOARD OF TRADE,2026-02-24,2026-02-27,4855345,452148,2532325,473389,2574421,508357,128633,421842,2026-08-04 20:52:29.533318
ust2,UST 2Y NOTE - CHICAGO BOARD OF TRADE,2026-03-03,2026-03-06,4760710,451293,2526360,454300,2558521,488403,111658,432230,2026-08-04 20:52:29.533318
ust2,UST 2Y NOTE - CHICAGO BOARD OF TRADE,2026-03-10,2026-03-13,4983990,400588,2378165,627699,2611013,514315,100401,563876,2026-08-04 20:52:29.533318
ust2,UST 2Y NOTE - CHICAGO BOARD OF TRADE,2026-03-17,2026-03-20,5158110,377695,2525885,643135,2704671,473972,129298,550968,2026-08-04 20:52:29.533318
ust2,UST 2Y NOTE - CHICAGO BOARD OF TRADE,2026-03-24,2026-03-27,5259052,405998,2762269,558832,3019962,407792,116611,635386,2026-08-04 20:52:29.533318
ust2,UST 2Y NOTE - CHICAGO BOARD OF TRADE,2026-03-31,2026-04-03,5062894,456336,2655796,427232,2978053,477062,104660,595463,2026-08-04 20:52:29.533318
ust2,UST 2Y NOTE - CHICAGO BOARD OF TRADE,2026-04-07,2026-04-10,5048661,460754,2636824,426204,2971823,501202,98477,570873,2026-08-04 20:52:29.533318
ust2,UST 2Y NOTE - CHICAGO BOARD OF TRADE,2026-04-14,2026-04-17,5005123,385075,2481338,441167,2972686,608422,115637,569207,2026-08-04 20:52:29.533318
ust2,UST 2Y NOTE - CHICAGO BOARD OF TRADE,2026-04-21,2026-04-24,5004864,407839,2528272,448010,2907663,588033,101912,486506,2026-08-04 20:52:29.533318
ust2,UST 2Y NOTE - CHICAGO BOARD OF TRADE,2026-04-28,2026-05-01,4978827,393467,2530437,454247,2911440,568569,107551,524945,2026-08-04 20:52:29.533318
ust2,UST 2Y NOTE - CHICAGO BOARD OF TRADE,2026-05-05,2026-05-08,5009643,404579,2456920,493230,2831844,605429,126102,492583,2026-08-04 20:52:29.533318
ust2,UST 2Y NOTE - CHICAGO BOARD OF TRADE,2026-05-12,2026-05-15,5064863,392506,2361843,578592,2739856,621768,148684,499647,2026-08-04 20:52:29.533318
ust2,UST 2Y NOTE - CHICAGO BOARD OF TRADE,2026-05-19,2026-05-22,5173095,403161,2299793,670700,2801652,656430,143491,554996,2026-08-04 20:52:29.533318
ust2,UST 2Y NOTE - CHICAGO BOARD OF TRADE,2026-05-26,2026-05-29,5043111,362249,2135296,635777,2619708,625890,146129,526955,2026-08-04 20:52:29.533318
ust2,UST 2Y NOTE - CHICAGO BOARD OF TRADE,2026-06-02,2026-06-05,4420434,359797,2176200,242882,2642971,681597,140560,468452,2026-08-04 20:52:29.533318
ust2,UST 2Y NOTE - CHICAGO BOARD OF TRADE,2026-06-09,2026-06-12,4421942,359340,2040575,297042,2492711,617504,114743,531022,2026-08-04 20:52:29.533318
ust2,UST 2Y NOTE - CHICAGO BOARD OF TRADE,2026-06-16,2026-06-19,4444884,408506,2122392,255441,2442518,613939,138542,509679,2026-08-04 20:52:29.533318
ust2,UST 2Y NOTE - CHICAGO BOARD OF TRADE,2026-06-23,2026-06-26,4699663,349230,2139385,462790,2585334,571421,121529,599930,2026-08-04 20:52:29.533318
ust2,UST 2Y NOTE - CHICAGO BOARD OF TRADE,2026-06-30,2026-07-03,4621622,377558,2128165,407119,2535390,580953,128722,547412,2026-08-04 20:52:29.533318
ust2,UST 2Y NOTE - CHICAGO BOARD OF TRADE,2026-07-07,2026-07-10,4592857,338544,2101944,431609,2476290,585792,134703,491265,2026-08-04 20:52:29.533318
ust2,UST 2Y NOTE - CHICAGO BOARD OF TRADE,2026-07-14,2026-07-17,4652454,375421,2056793,464146,2452176,580548,122845,572196,2026-08-04 20:52:29.533318
ust2,UST 2Y NOTE - CHICAGO BOARD OF TRADE,2026-07-21,2026-07-24,4473842,359468,1959648,366849,2409732,593045,116205,571289,2026-08-04 20:52:29.533318
ust2,UST 2Y NOTE - CHICAGO BOARD OF TRADE,2026-07-28,2026-07-31,4593631,455851,2019340,366727,2420762,587649,107539,580453,2026-08-04 20:52:29.533318
eur,EURO FX - CHICAGO MERCANTILE EXCHANGE,2010-01-05,2010-01-08,196272,22630,64196,21261,20591,16994,55192,32709,2026-08-04 20:52:31.108629
eur,EURO FX - CHICAGO MERCANTILE EXCHANGE,2010-01-12,2010-01-15,187577,22149,43730,13686,19072,19656,55955,47349,2026-08-04 20:52:31.108629
eur,EURO FX - CHICAGO MERCANTILE EXCHANGE,2010-01-19,2010-01-22,195009,16508,51609,15204,19765,20128,62680,42087,2026-08-04 20:52:31.108629
eur,EURO FX - CHICAGO MERCANTILE EXCHANGE,2010-01-26,2010-01-29,226485,16627,61489,21134,18490,19442,87657,47840,2026-08-04 20:52:31.108629
eur,EURO FX - CHICAGO MERCANTILE EXCHANGE,2010-02-02,2010-02-05,238531,14058,63842,26278,18795,17802,91654,47258,2026-08-04 20:52:31.108629
eur,EURO FX - CHICAGO MERCANTILE EXCHANGE,2010-02-09,2010-02-12,243407,15374,77684,22155,12229,20376,110392,41202,2026-08-04 20:52:31.108629
eur,EURO FX - CHICAGO MERCANTILE EXCHANGE,2010-02-16,2010-02-19,246958,13660,72810,27301,13176,20448,107951,42943,2026-08-04 20:52:31.108629
eur,EURO FX - CHICAGO MERCANTILE EXCHANGE,2010-02-23,2010-02-26,273086,17880,85306,35133,14355,22552,116316,41467,2026-08-04 20:52:31.108629
eur,EURO FX - CHICAGO MERCANTILE EXCHANGE,2010-03-02,2010-03-05,282455,16652,81235,37888,14748,24623,116400,45137,2026-08-04 20:52:31.108629
eur,EURO FX - CHICAGO MERCANTILE EXCHANGE,2010-03-09,2010-03-12,280092,18112,92297,23260,14431,23920,126352,45162,2026-08-04 20:52:31.108629
eur,EURO FX - CHICAGO MERCANTILE EXCHANGE,2010-03-16,2010-03-19,199309,18612,80192,18602,14181,24642,72804,9437,2026-08-04 20:52:31.108629
eur,EURO FX - CHICAGO MERCANTILE EXCHANGE,2010-03-23,2010-03-26,239208,20150,100857,23945,15595,25043,96548,12664,2026-08-04 20:52:31.108629
eur,EURO FX - CHICAGO MERCANTILE EXCHANGE,2010-03-30,2010-04-02,280525,10594,115225,33631,15023,26351,133867,12007,2026-08-04 20:52:31.108629
eur,EURO FX - CHICAGO MERCANTILE EXCHANGE,2010-04-06,2010-04-09,271352,19540,96480,35624,16648,26454,108331,15646,2026-08-04 20:52:31.108629
eur,EURO FX - CHICAGO MERCANTILE EXCHANGE,2010-04-13,2010-04-16,248451,17233,87616,27270,15549,28261,107181,15097,2026-08-04 20:52:31.108629
eur,EURO FX - CHICAGO MERCANTILE EXCHANGE,2010-04-20,2010-04-23,259415,21497,92726,28624,16144,29273,105245,19829,2026-08-04 20:52:31.108629
eur,EURO FX - CHICAGO MERCANTILE EXCHANGE,2010-04-27,2010-04-30,313219,22718,108278,44324,17342,27734,127627,26991,2026-08-04 20:52:31.108629
eur,EURO FX - CHICAGO MERCANTILE EXCHANGE,2010-05-04,2010-05-07,359421,22207,121227,55153,19979,27502,146600,33709,2026-08-04 20:52:31.108629
eur,EURO FX - CHICAGO MERCANTILE EXCHANGE,2010-05-11,2010-05-14,380305,24140,137840,53144,20323,29957,168930,39481,2026-08-04 20:52:31.108629
eur,EURO FX - CHICAGO MERCANTILE EXCHANGE,2010-05-18,2010-05-21,431261,41483,142148,78299,19205,31785,159704,47378,2026-08-04 20:52:31.108629
eur,EURO FX - CHICAGO MERCANTILE EXCHANGE,2010-05-25,2010-05-28,409675,28534,134446,78340,20154,28359,155488,40890,2026-08-04 20:52:31.108629
eur,EURO FX - CHICAGO MERCANTILE EXCHANGE,2010-06-01,2010-06-04,406070,25689,119565,81499,21242,30081,144517,42929,2026-08-04 20:52:31.108629
eur,EURO FX - CHICAGO MERCANTILE EXCHANGE,2010-06-08,2010-06-11,384422,28950,133872,54756,20309,30077,153874,45310,2026-08-04 20:52:31.108629
eur,EURO FX - CHICAGO MERCANTILE EXCHANGE,2010-06-15,2010-06-18,299997,29314,99986,42765,20402,31037,112754,20927,2026-08-04 20:52:31.108629
eur,EURO FX - CHICAGO MERCANTILE EXCHANGE,2010-06-22,2010-06-25,297240,22914,102568,40966,19890,31047,116106,17874,2026-08-04 20:52:31.108629
eur,EURO FX - CHICAGO MERCANTILE EXCHANGE,2010-06-29,2010-07-02,302735,25334,103839,44525,20305,29683,114452,20615,2026-08-04 20:52:31.108629
eur,EURO FX - CHICAGO MERCANTILE EXCHANGE,2010-07-06,2010-07-09,308580,29716,77703,46187,19500,27122,106897,46500,2026-08-04 20:52:31.108629
eur,EURO FX - CHICAGO MERCANTILE EXCHANGE,2010-07-13,2010-07-16,277596,27113,72121,26949,19566,23907,108020,54734,2026-08-04 20:52:31.108629
eur,EURO FX - CHICAGO MERCANTILE EXCHANGE,2010-07-20,2010-07-23,291987,24443,70379,34544,20577,23971,115680,58960,2026-08-04 20:52:31.108629
eur,EURO FX - CHICAGO MERCANTILE EXCHANGE,2010-07-27,2010-07-30,299001,25807,67908,37454,19448,22450,116109,62681,2026-08-04 20:52:31.108629
eur,EURO FX - CHICAGO MERCANTILE EXCHANGE,2010-08-03,2010-08-06,318552,19405,57182,50232,20280,23952,122292,73471,2026-08-04 20:52:31.108629
eur,EURO FX - CHICAGO MERCANTILE EXCHANGE,2010-08-10,2010-08-13,290287,25305,47179,34810,22769,22445,114323,90479,2026-08-04 20:52:31.108629
eur,EURO FX - CHICAGO MERCANTILE EXCHANGE,2010-08-17,2010-08-20,306755,32170,62062,31371,22798,25032,113738,88319,2026-08-04 20:52:31.108629
eur,EURO FX - CHICAGO MERCANTILE EXCHANGE,2010-08-24,2010-08-27,310837,26728,63460,35955,22558,28341,117250,79063,2026-08-04 20:52:31.108629
eur,EURO FX - CHICAGO MERCANTILE EXCHANGE,2010-08-31,2010-09-03,306496,30356,62891,37197,22981,28804,113819,72452,2026-08-04 20:52:31.108629
eur,EURO FX - CHICAGO MERCANTILE EXCHANGE,2010-09-07,2010-09-10,296139,29942,70003,18585,23734,28125,120856,77645,2026-08-04 20:52:31.108629
eur,EURO FX - CHICAGO MERCANTILE EXCHANGE,2010-09-14,2010-09-17,215149,34343,59747,19188,24079,30604,49597,23292,2026-08-04 20:52:31.108629
eur,EURO FX - CHICAGO MERCANTILE EXCHANGE,2010-09-21,2010-09-24,222412,31722,44777,25584,23432,29844,45828,36618,2026-08-04 20:52:31.108629
eur,EURO FX - CHICAGO MERCANTILE EXCHANGE,2010-09-28,2010-10-01,268832,47551,35224,36449,23711,28985,46880,70850,2026-08-04 20:52:31.108629
eur,EURO FX - CHICAGO MERCANTILE EXCHANGE,2010-10-05,2010-10-08,295326,43090,26809,48056,24553,27797,55225,80965,2026-08-04 20:52:31.108629
eur,EURO FX - CHICAGO MERCANTILE EXCHANGE,2010-10-12,2010-10-15,261803,43218,27591,31517,23364,24249,55147,86364,2026-08-04 20:52:31.108629
eur,EURO FX - CHICAGO MERCANTILE EXCHANGE,2010-10-19,2010-10-22,288068,48954,25145,33674,23809,23188,57402,111172,2026-08-04 20:52:31.108629
eur,EURO FX - CHICAGO MERCANTILE EXCHANGE,2010-10-26,2010-10-29,281868,45310,29147,36797,23935,21192,56022,97839,2026-08-04 20:52:31.108629
eur,EURO FX - CHICAGO MERCANTILE EXCHANGE,2010-11-02,2010-11-05,285225,43736,34211,39083,25664,19916,53820,87984,2026-08-04 20:52:31.108629
eur,EURO FX - CHICAGO MERCANTILE EXCHANGE,2010-11-09,2010-11-12,259664,34464,40810,29703,26480,17505,51329,84360,2026-08-04 20:52:31.108629
eur,EURO FX - CHICAGO MERCANTILE EXCHANGE,2010-11-16,2010-11-19,256367,32792,43164,31038,24727,20542,51872,65964,2026-08-04 20:52:31.108629
eur,EURO FX - CHICAGO MERCANTILE EXCHANGE,2010-11-23,2010-11-26,254002,21231,47325,32797,25153,21793,59796,54391,2026-08-04 20:52:31.108629
eur,EURO FX - CHICAGO MERCANTILE EXCHANGE,2010-11-30,2010-12-03,292460,33027,46863,41791,26106,24119,59869,54315,2026-08-04 20:52:31.108629
eur,EURO FX - CHICAGO MERCANTILE EXCHANGE,2010-12-07,2010-12-10,236446,17736,49000,22721,23282,22958,69832,36551,2026-08-04 20:52:31.108629
eur,EURO FX - CHICAGO MERCANTILE EXCHANGE,2010-12-14,2010-12-17,187398,16464,45155,19158,23492,23291,41135,15216,2026-08-04 20:52:31.108629
eur,EURO FX - CHICAGO MERCANTILE EXCHANGE,2010-12-21,2010-12-24,209591,22682,50862,25601,22488,23325,43197,18386,2026-08-04 20:52:31.108629
eur,EURO FX - CHICAGO MERCANTILE EXCHANGE,2010-12-28,2010-12-31,215097,15628,59973,25563,22300,22578,56958,17462,2026-08-04 20:52:31.108629
eur,EURO FX - CHICAGO MERCANTILE EXCHANGE,2011-01-04,2011-01-07,213418,18821,54794,25417,22275,22530,52739,17229,2026-08-04 20:52:31.108629
eur,EURO FX - CHICAGO MERCANTILE EXCHANGE,2011-01-11,2011-01-14,245906,24463,76927,19334,22319,23154,85148,22352,2026-08-04 20:52:31.108629
eur,EURO FX - CHICAGO MERCANTILE EXCHANGE,2011-01-18,2011-01-21,234097,42762,60096,21472,21364,22162,40525,30716,2026-08-04 20:52:31.108629
eur,EURO FX - CHICAGO MERCANTILE EXCHANGE,2011-01-25,2011-01-28,254117,49586,43910,26172,21592,19593,37238,52322,2026-08-04 20:52:31.108629
eur,EURO FX - CHICAGO MERCANTILE EXCHANGE,2011-02-01,2011-02-04,279549,60241,34706,32671,25677,18934,32229,67442,2026-08-04 20:52:31.108629
eur,EURO FX - CHICAGO MERCANTILE EXCHANGE,2011-02-08,2011-02-11,246319,56052,33639,21646,25830,19173,27878,75790,2026-08-04 20:52:31.108629
eur,EURO FX - CHICAGO MERCANTILE EXCHANGE,2011-02-15,2011-02-18,240633,48251,31286,23715,27893,18724,27065,69574,2026-08-04 20:52:31.108629
eur,EURO FX - CHICAGO MERCANTILE EXCHANGE,2011-02-22,2011-02-25,258437,58152,39658,27597,30158,19713,27055,76424,2026-08-04 20:52:31.108629
eur,EURO FX - CHICAGO MERCANTILE EXCHANGE,2011-03-01,2011-03-04,271193,61942,34492,29699,28330,19153,27924,83110,2026-08-04 20:52:31.108629
eur,EURO FX - CHICAGO MERCANTILE EXCHANGE,2011-03-08,2011-03-11,296143,70436,40845,25505,29619,18008,37244,104425,2026-08-04 20:52:31.108629
eur,EURO FX - CHICAGO MERCANTILE EXCHANGE,2011-03-15,2011-03-18,228442,61480,35434,17740,29447,18717,10063,73407,2026-08-04 20:52:31.108629
eur,EURO FX - CHICAGO MERCANTILE EXCHANGE,2011-03-22,2011-03-25,240256,59512,27517,23711,27859,18871,19348,77806,2026-08-04 20:52:31.108629
eur,EURO FX - CHICAGO MERCANTILE EXCHANGE,2011-03-29,2011-04-01,263479,72464,34113,23874,27742,19657,24234,94461,2026-08-04 20:52:31.108629
eur,EURO FX - CHICAGO MERCANTILE EXCHANGE,2011-04-05,2011-04-08,284507,74809,37070,25268,28705,19381,36332,102847,2026-08-04 20:52:31.108629
eur,EURO FX - CHICAGO MERCANTILE EXCHANGE,2011-04-12,2011-04-15,278862,78292,36989,18119,29756,22832,38874,110232,2026-08-04 20:52:31.108629
eur,EURO FX - CHICAGO MERCANTILE EXCHANGE,2011-04-19,2011-04-22,284984,74986,39074,20256,31277,20557,43212,112257,2026-08-04 20:52:31.108629
eur,EURO FX - CHICAGO MERCANTILE EXCHANGE,2011-04-26,2011-04-29,303386,79007,41152,25940,31626,21050,45401,116950,2026-08-04 20:52:31.108629
eur,EURO FX - CHICAGO MERCANTILE EXCHANGE,2011-05-03,2011-05-06,331164,99932,48419,34757,32365,22096,38460,134793,2026-08-04 20:52:31.108629
eur,EURO FX - CHICAGO MERCANTILE EXCHANGE,2011-05-10,2011-05-13,283522,67102,45039,20328,31839,23384,53955,117877,2026-08-04 20:52:31.108629
eur,EURO FX - CHICAGO MERCANTILE EXCHANGE,2011-05-17,2011-05-20,297055,59336,52421,24255,32988,24200,75340,110198,2026-08-04 20:52:31.108629
eur,EURO FX - CHICAGO MERCANTILE EXCHANGE,2011-05-24,2011-05-27,309166,50265,59537,27073,34669,24503,100207,108654,2026-08-04 20:52:31.108629
eur,EURO FX - CHICAGO MERCANTILE EXCHANGE,2011-05-31,2011-06-03,319959,53821,60652,29429,34188,24802,104061,112409,2026-08-04 20:52:31.108629
eur,EURO FX - CHICAGO MERCANTILE EXCHANGE,2011-06-07,2011-06-10,326041,70906,63434,18989,34324,24209,87205,121392,2026-08-04 20:52:31.108629
eur,EURO FX - CHICAGO MERCANTILE EXCHANGE,2011-06-14,2011-06-17,224792,68175,42521,16649,31352,26738,17305,70984,2026-08-04 20:52:31.108629
eur,EURO FX - CHICAGO MERCANTILE EXCHANGE,2011-06-21,2011-06-24,230113,57538,44898,20524,32463,26921,27001,57390,2026-08-04 20:52:31.108629
eur,EURO FX - CHICAGO MERCANTILE EXCHANGE,2011-06-28,2011-07-01,227458,52654,42069,22332,32023,28729,22665,53677,2026-08-04 20:52:31.108629
eur,EURO FX - CHICAGO MERCANTILE EXCHANGE,2011-07-05,2011-07-08,237636,63988,47253,22662,30152,27513,23307,64871,2026-08-04 20:52:31.108629
eur,EURO FX - CHICAGO MERCANTILE EXCHANGE,2011-07-12,2011-07-15,224784,46306,58928,19858,31564,26668,35792,41262,2026-08-04 20:52:31.108629
eur,EURO FX - CHICAGO MERCANTILE EXCHANGE,2011-07-19,2011-07-22,222163,34362,54375,22371,30563,27057,46149,39793,2026-08-04 20:52:31.108629
eur,EURO FX - CHICAGO MERCANTILE EXCHANGE,2011-07-26,2011-07-29,226414,41003,47970,24115,29670,27354,36577,52326,2026-08-04 20:52:31.108629
eur,EURO FX - CHICAGO MERCANTILE EXCHANGE,2011-08-02,2011-08-05,237941,42729,58357,26962,27023,31661,46496,45153,2026-08-04 20:52:31.108629
eur,EURO FX - CHICAGO MERCANTILE EXCHANGE,2011-08-09,2011-08-12,223641,49437,46771,23572,24514,36199,42072,36471,2026-08-04 20:52:31.108629
eur,EURO FX - CHICAGO MERCANTILE EXCHANGE,2011-08-16,2011-08-19,215211,41848,35765,30772,24748,32620,34287,36470,2026-08-04 20:52:31.108629
eur,EURO FX - CHICAGO MERCANTILE EXCHANGE,2011-08-23,2011-08-26,223232,43097,36848,32065,25519,32993,35133,39853,2026-08-04 20:52:31.108629
eur,EURO FX - CHICAGO MERCANTILE EXCHANGE,2011-08-30,2011-09-02,228404,43864,37916,33889,31446,29538,35020,43173,2026-08-04 20:52:31.108629
eur,EURO FX - CHICAGO MERCANTILE EXCHANGE,2011-09-06,2011-09-09,272472,54610,59898,40548,32752,31310,51676,34834,2026-08-04 20:52:31.108629
eur,EURO FX - CHICAGO MERCANTILE EXCHANGE,2011-09-13,2011-09-16,311668,63641,72296,32032,32325,34710,77169,35119,2026-08-04 20:52:31.108629
eur,EURO FX - CHICAGO MERCANTILE EXCHANGE,2011-09-20,2011-09-23,250477,36520,84936,30200,30439,34626,91878,7949,2026-08-04 20:52:31.108629
eur,EURO FX - CHICAGO MERCANTILE EXCHANGE,2011-09-27,2011-09-30,271955,44350,88741,35209,28152,38966,99303,10616,2026-08-04 20:52:31.108629
eur,EURO FX - CHICAGO MERCANTILE EXCHANGE,2011-10-04,2011-10-07,294371,52907,90575,42197,29378,45398,99532,14490,2026-08-04 20:52:31.108629
eur,EURO FX - CHICAGO MERCANTILE EXCHANGE,2011-10-11,2011-10-14,266323,50633,78287,26654,26832,39925,98495,24522,2026-08-04 20:52:31.108629
eur,EURO FX - CHICAGO MERCANTILE EXCHANGE,2011-10-18,2011-10-21,277258,54536,83457,28915,30740,38741,98626,23776,2026-08-04 20:52:31.108629
eur,EURO FX - CHICAGO MERCANTILE EXCHANGE,2011-10-25,2011-10-28,283313,51748,86136,29208,37908,35740,98346,30244,2026-08-04 20:52:31.108629
eur,EURO FX - CHICAGO MERCANTILE EXCHANGE,2011-11-01,2011-11-04,289306,47962,72800,35944,39110,35527,89309,41390,2026-08-04 20:52:31.108629
eur,EURO FX - CHICAGO MERCANTILE EXCHANGE,2011-11-08,2011-11-11,270208,51628,61812,24718,41872,34342,85672,49135,2026-08-04 20:52:31.108629
eur,EURO FX - CHICAGO MERCANTILE EXCHANGE,2011-11-15,2011-11-18,291503,58582,81856,28513,42807,33643,92627,38844,2026-08-04 20:52:31.108629
eur,EURO FX - CHICAGO MERCANTILE EXCHANGE,2011-11-22,2011-11-25,307309,61767,85529,30828,48337,34181,97032,46373,2026-08-04 20:52:31.108629
eur,EURO FX - CHICAGO MERCANTILE EXCHANGE,2011-11-29,2011-12-02,334219,68813,102661,36597,64431,33675,100482,56896,2026-08-04 20:52:31.108629
eur,EURO FX - CHICAGO MERCANTILE EXCHANGE,2011-12-06,2011-12-09,339915,65278,99143,38479,56380,33875,99443,59636,2026-08-04 20:52:31.108629
eur,EURO FX - CHICAGO MERCANTILE EXCHANGE,2011-12-13,2011-12-16,366747,77630,123885,41480,50847,35398,109144,55207,2026-08-04 20:52:31.108629
eur,EURO FX - CHICAGO MERCANTILE EXCHANGE,2011-12-20,2011-12-23,308858,50620,134396,26140,51326,35481,118887,22219,2026-08-04 20:52:31.108629
eur,EURO FX - CHICAGO MERCANTILE EXCHANGE,2011-12-27,2011-12-30,318711,58399,143125,26523,49678,34656,122903,24930,2026-08-04 20:52:31.108629
eur,EURO FX - CHICAGO MERCANTILE EXCHANGE,2012-01-03,2012-01-06,329463,66752,148587,29292,47953,32860,120145,24848,2026-08-04 20:52:31.108629
eur,EURO FX - CHICAGO MERCANTILE EXCHANGE,2012-01-10,2012-01-13,335731,69172,153291,26398,50547,33669,131730,26743,2026-08-04 20:52:31.108629
eur,EURO FX - CHICAGO MERCANTILE EXCHANGE,2012-01-17,2012-01-20,350074,67671,154130,31858,52261,34984,135937,30937,2026-08-04 20:52:31.108629
eur,EURO FX - CHICAGO MERCANTILE EXCHANGE,2012-01-24,2012-01-27,361868,70211,171938,29059,53623,33070,144528,31454,2026-08-04 20:52:31.108629
eur,EURO FX - CHICAGO MERCANTILE EXCHANGE,2012-01-31,2012-02-03,355550,69251,159826,31348,57551,32163,133548,34710,2026-08-04 20:52:31.108629
eur,EURO FX - CHICAGO MERCANTILE EXCHANGE,2012-02-07,2012-02-10,325847,59889,144725,22127,60912,31126,124183,36143,2026-08-04 20:52:31.108629
eur,EURO FX - CHICAGO MERCANTILE EXCHANGE,2012-02-14,2012-02-17,334469,51896,147996,27093,65412,32346,127483,34383,2026-08-04 20:52:31.108629
eur,EURO FX - CHICAGO MERCANTILE EXCHANGE,2012-02-21,2012-02-24,332546,49904,141419,29544,64160,30817,126328,32892,2026-08-04 20:52:31.108629
eur,EURO FX - CHICAGO MERCANTILE EXCHANGE,2012-02-28,2012-03-02,322823,51816,118395,36711,63921,31781,105238,37665,2026-08-04 20:52:31.108629
eur,EURO FX - CHICAGO MERCANTILE EXCHANGE,2012-03-06,2012-03-09,343172,57067,121742,40011,55793,29628,115792,42849,2026-08-04 20:52:31.108629
eur,EURO FX - CHICAGO MERCANTILE EXCHANGE,2012-03-13,2012-03-16,352838,61138,129256,39230,45699,29593,128034,39390,2026-08-04 20:52:31.108629
eur,EURO FX - CHICAGO MERCANTILE EXCHANGE,2012-03-20,2012-03-23,301280,47947,122507,27198,44805,31009,124422,23589,2026-08-04 20:52:31.108629
eur,EURO FX - CHICAGO MERCANTILE EXCHANGE,2012-03-27,2012-03-30,284400,30053,110630,28839,39065,30917,121821,13541,2026-08-04 20:52:31.108629
eur,EURO FX - CHICAGO MERCANTILE EXCHANGE,2012-04-03,2012-04-06,287816,37491,103955,30237,32942,30579,116616,17286,2026-08-04 20:52:31.108629
eur,EURO FX - CHICAGO MERCANTILE EXCHANGE,2012-04-10,2012-04-13,319203,46156,128192,28289,27496,33496,144416,12985,2026-08-04 20:52:31.108629
eur,EURO FX - CHICAGO MERCANTILE EXCHANGE,2012-04-17,2012-04-20,341477,53089,141928,30154,27122,47880,170669,13575,2026-08-04 20:52:31.108629
eur,EURO FX - CHICAGO MERCANTILE EXCHANGE,2012-04-24,2012-04-27,331121,49628,132731,28437,26607,47480,164011,11277,2026-08-04 20:52:31.108629
eur,EURO FX - CHICAGO MERCANTILE EXCHANGE,2012-05-01,2012-05-04,321316,48601,127395,28145,27633,46411,154023,11447,2026-08-04 20:52:31.108629
eur,EURO FX - CHICAGO MERCANTILE EXCHANGE,2012-05-08,2012-05-11,364655,60021,165290,26333,27108,48089,137277,12622,2026-08-04 20:52:31.108629
eur,EURO FX - CHICAGO MERCANTILE EXCHANGE,2012-05-15,2012-05-18,420524,73613,195320,35978,28667,47464,159208,13478,2026-08-04 20:52:31.108629
eur,EURO FX - CHICAGO MERCANTILE EXCHANGE,2012-05-22,2012-05-25,444126,69194,215870,39067,27058,43357,179602,16147,2026-08-04 20:52:31.108629
eur,EURO FX - CHICAGO MERCANTILE EXCHANGE,2012-05-29,2012-06-01,484430,75702,227928,51339,27218,44003,185971,16896,2026-08-04 20:52:31.108629
eur,EURO FX - CHICAGO MERCANTILE EXCHANGE,2012-06-05,2012-06-08,497323,74015,234901,56567,30017,44290,195519,16783,2026-08-04 20:52:31.108629
eur,EURO FX - CHICAGO MERCANTILE EXCHANGE,2012-06-12,2012-06-15,476459,78171,217706,64179,31410,42712,170725,17456,2026-08-04 20:52:31.108629
eur,EURO FX - CHICAGO MERCANTILE EXCHANGE,2012-06-19,2012-06-22,361083,68744,182334,27267,37427,37954,107968,8924,2026-08-04 20:52:31.108629
eur,EURO FX - CHICAGO MERCANTILE EXCHANGE,2012-06-26,2012-06-29,371622,61564,185086,30096,48509,38063,108680,6714,2026-08-04 20:52:31.108629
eur,EURO FX - CHICAGO MERCANTILE EXCHANGE,2012-07-03,2012-07-06,349916,62335,161866,28237,49580,37721,92735,14059,2026-08-04 20:52:31.108629
eur,EURO FX - CHICAGO MERCANTILE EXCHANGE,2012-07-10,2012-07-13,375187,72996,192949,25446,39628,38279,113801,7781,2026-08-04 20:52:31.108629
eur,EURO FX - CHICAGO MERCANTILE EXCHANGE,2012-07-17,2012-07-20,371186,67533,187180,26308,32333,39094,121729,9312,2026-08-04 20:52:31.108629
eur,EURO FX - CHICAGO MERCANTILE EXCHANGE,2012-07-24,2012-07-27,390696,73837,183368,36233,30192,39621,113732,10251,2026-08-04 20:52:31.108629
eur,EURO FX - CHICAGO MERCANTILE EXCHANGE,2012-07-31,2012-08-03,371166,73205,166185,37011,30848,37681,98798,13056,2026-08-04 20:52:31.108629
eur,EURO FX - CHICAGO MERCANTILE EXCHANGE,2012-08-07,2012-08-10,363073,78709,161611,26775,31398,38242,100730,25235,2026-08-04 20:52:31.108629
eur,EURO FX - CHICAGO MERCANTILE EXCHANGE,2012-08-14,2012-08-17,368111,75367,164184,29554,32073,41021,103407,22541,2026-08-04 20:52:31.108629
eur,EURO FX - CHICAGO MERCANTILE EXCHANGE,2012-08-21,2012-08-24,369103,76578,154617,31397,31196,39204,95412,31011,2026-08-04 20:52:31.108629
eur,EURO FX - CHICAGO MERCANTILE EXCHANGE,2012-08-28,2012-08-31,364513,75902,130768,34075,31737,41951,90105,41819,2026-08-04 20:52:31.108629
eur,EURO FX - CHICAGO MERCANTILE EXCHANGE,2012-09-04,2012-09-07,369054,75943,130312,35872,31247,43845,89480,43155,2026-08-04 20:52:31.108629
eur,EURO FX - CHICAGO MERCANTILE EXCHANGE,2012-09-11,2012-09-14,373921,72066,122848,38010,34005,39508,89401,57137,2026-08-04 20:52:31.108629
eur,EURO FX - CHICAGO MERCANTILE EXCHANGE,2012-09-18,2012-09-21,286380,38517,106201,27835,40598,39942,81025,7459,2026-08-04 20:52:31.108629
eur,EURO FX - CHICAGO MERCANTILE EXCHANGE,2012-09-25,2012-09-28,271670,42816,93647,30920,42559,39212,57113,12513,2026-08-04 20:52:31.108629
eur,EURO FX - CHICAGO MERCANTILE EXCHANGE,2012-10-02,2012-10-05,273402,35786,89004,33109,46337,38620,54164,13994,2026-08-04 20:52:31.108629
eur,EURO FX - CHICAGO MERCANTILE EXCHANGE,2012-10-09,2012-10-12,267868,26655,99413,23098,47838,38465,68707,18115,2026-08-04 20:52:31.108629
eur,EURO FX - CHICAGO MERCANTILE EXCHANGE,2012-10-16,2012-10-19,262421,28023,83422,23711,50109,39263,60187,20973,2026-08-04 20:52:31.108629
eur,EURO FX - CHICAGO MERCANTILE EXCHANGE,2012-10-23,2012-10-26,260177,23284,81198,23794,53665,38956,62209,23393,2026-08-04 20:52:31.108629
eur,EURO FX - CHICAGO MERCANTILE EXCHANGE,2012-10-30,2012-11-02,264788,23040,81640,23931,52593,39873,68959,24117,2026-08-04 20:52:31.108629
eur,EURO FX - CHICAGO MERCANTILE EXCHANGE,2012-11-06,2012-11-09,275317,27702,90832,27309,51354,42381,73197,16933,2026-08-04 20:52:31.108629
eur,EURO FX - CHICAGO MERCANTILE EXCHANGE,2012-11-13,2012-11-16,271189,27464,103309,22654,47648,40678,78234,8753,2026-08-04 20:52:31.108629
eur,EURO FX - CHICAGO MERCANTILE EXCHANGE,2012-11-20,2012-11-23,272749,24085,104469,23346,45871,41111,88363,8391,2026-08-04 20:52:31.108629
eur,EURO FX - CHICAGO MERCANTILE EXCHANGE,2012-11-27,2012-11-30,257251,18156,80744,25657,44897,43630,75006,10803,2026-08-04 20:52:31.108629
eur,EURO FX - CHICAGO MERCANTILE EXCHANGE,2012-12-04,2012-12-07,280122,26475,68378,34079,46404,40216,61616,28667,2026-08-04 20:52:31.108629
eur,EURO FX - CHICAGO MERCANTILE EXCHANGE,2012-12-11,2012-12-14,271500,35676,65276,23163,44777,39864,56089,45713,2026-08-04 20:52:31.108629
eur,EURO FX - CHICAGO MERCANTILE EXCHANGE,2012-12-18,2012-12-21,234364,54396,59919,20600,45300,36707,19734,23283,2026-08-04 20:52:31.108629
eur,EURO FX - CHICAGO MERCANTILE EXCHANGE,2012-12-24,2012-12-27,245600,59867,58829,22636,44831,37122,19717,36800,2026-08-04 20:52:31.108629
eur,EURO FX - CHICAGO MERCANTILE EXCHANGE,2012-12-31,2013-01-03,251780,64970,57611,24098,44907,36667,19843,42907,2026-08-04 20:52:31.108629
eur,EURO FX - CHICAGO MERCANTILE EXCHANGE,2013-01-08,2013-01-11,227030,55338,58842,18082,42228,36973,25946,28081,2026-08-04 20:52:31.108629
eur,EURO FX - CHICAGO MERCANTILE EXCHANGE,2013-01-15,2013-01-18,255620,65833,58336,25332,42162,35109,24723,45251,2026-08-04 20:52:31.108629
eur,EURO FX - CHICAGO MERCANTILE EXCHANGE,2013-01-22,2013-01-25,260817,66371,50462,26859,44558,31913,25162,63375,2026-08-04 20:52:31.108629
eur,EURO FX - CHICAGO MERCANTILE EXCHANGE,2013-01-29,2013-02-01,294272,73487,56508,34994,49197,30727,31366,76446,2026-08-04 20:52:31.108629
eur,EURO FX - CHICAGO MERCANTILE EXCHANGE,2013-02-05,2013-02-08,325352,77135,49107,44400,52004,29906,34219,91231,2026-08-04 20:52:31.108629
eur,EURO FX - CHICAGO MERCANTILE EXCHANGE,2013-02-12,2013-02-15,286854,72038,51753,27145,49662,29435,32929,86387,2026-08-04 20:52:31.108629
eur,EURO FX - CHICAGO MERCANTILE EXCHANGE,2013-02-19,2013-02-22,282781,66384,51362,29045,49553,29162,30717,76690,2026-08-04 20:52:31.108629
eur,EURO FX - CHICAGO MERCANTILE EXCHANGE,2013-02-26,2013-03-01,300988,65173,66824,40798,43621,31681,37224,58098,2026-08-04 20:52:31.108629
eur,EURO FX - CHICAGO MERCANTILE EXCHANGE,2013-03-05,2013-03-08,288046,48445,70765,41972,38426,30686,52285,34283,2026-08-04 20:52:31.108629
eur,EURO FX - CHICAGO MERCANTILE EXCHANGE,2013-03-12,2013-03-15,252511,44002,66338,28693,37184,31084,47046,23956,2026-08-04 20:52:31.108629
eur,EURO FX - CHICAGO MERCANTILE EXCHANGE,2013-03-19,2013-03-22,251117,36446,71294,33365,30633,34406,53812,10697,2026-08-04 20:52:31.108629
eur,EURO FX - CHICAGO MERCANTILE EXCHANGE,2013-03-26,2013-03-29,266689,29002,70567,37775,29866,40312,67869,13009,2026-08-04 20:52:31.108629
eur,EURO FX - CHICAGO MERCANTILE EXCHANGE,2013-04-02,2013-04-05,302966,34914,87521,39905,29519,48825,93105,10979,2026-08-04 20:52:31.108629
eur,EURO FX - CHICAGO MERCANTILE EXCHANGE,2013-04-09,2013-04-12,263981,22667,71024,27879,29608,51719,87810,11844,2026-08-04 20:52:31.108629
eur,EURO FX - CHICAGO MERCANTILE EXCHANGE,2013-04-16,2013-04-19,264248,37914,59911,31875,29242,52699,65274,13880,2026-08-04 20:52:31.108629
eur,EURO FX - CHICAGO MERCANTILE EXCHANGE,2013-04-23,2013-04-26,277463,38436,64136,36993,28630,51246,69333,16113,2026-08-04 20:52:31.108629
eur,EURO FX - CHICAGO MERCANTILE EXCHANGE,2013-04-30,2013-05-03,277809,47472,68679,35133,28756,48640,56393,19002,2026-08-04 20:52:31.108629
eur,EURO FX - CHICAGO MERCANTILE EXCHANGE,2013-05-07,2013-05-10,260689,45031,69184,31012,28838,46590,50833,16558,2026-08-04 20:52:31.108629
eur,EURO FX - CHICAGO MERCANTILE EXCHANGE,2013-05-14,2013-05-17,288467,46497,81525,37569,28568,49489,67800,13436,2026-08-04 20:52:31.108629
eur,EURO FX - CHICAGO MERCANTILE EXCHANGE,2013-05-21,2013-05-24,331122,41221,106509,44732,37081,49455,92552,12930,2026-08-04 20:52:31.108629
eur,EURO FX - CHICAGO MERCANTILE EXCHANGE,2013-05-28,2013-05-31,332869,37150,102126,46735,37023,52881,94399,12772,2026-08-04 20:52:31.108629
eur,EURO FX - CHICAGO MERCANTILE EXCHANGE,2013-06-04,2013-06-07,306937,35068,74277,49825,35514,53888,71688,15790,2026-08-04 20:52:31.108629
eur,EURO FX - CHICAGO MERCANTILE EXCHANGE,2013-06-11,2013-06-14,306795,60210,59188,43427,35300,53877,41444,31369,2026-08-04 20:52:31.108629
eur,EURO FX - CHICAGO MERCANTILE EXCHANGE,2013-06-18,2013-06-21,266146,77518,50951,34627,33008,53828,27575,26769,2026-08-04 20:52:31.108629
eur,EURO FX - CHICAGO MERCANTILE EXCHANGE,2013-06-25,2013-06-28,270757,76275,48149,41306,32381,57010,27217,33180,2026-08-04 20:52:31.108629
eur,EURO FX - CHICAGO MERCANTILE EXCHANGE,2013-07-02,2013-07-05,261718,48803,49319,44246,33013,55899,44175,14886,2026-08-04 20:52:31.108629
eur,EURO FX - CHICAGO MERCANTILE EXCHANGE,2013-07-09,2013-07-12,286356,44949,69390,40786,34632,56086,75409,13199,2026-08-04 20:52:31.108629
eur,EURO FX - CHICAGO MERCANTILE EXCHANGE,2013-07-16,2013-07-19,283165,44969,66961,41208,35569,57068,74793,12624,2026-08-04 20:52:31.108629
eur,EURO FX - CHICAGO MERCANTILE EXCHANGE,2013-07-23,2013-07-26,285771,49650,67388,42719,36906,59159,61744,12650,2026-08-04 20:52:31.108629
eur,EURO FX - CHICAGO MERCANTILE EXCHANGE,2013-07-30,2013-08-02,297260,60033,60307,49021,37101,60436,49921,16008,2026-08-04 20:52:31.108629
eur,EURO FX - CHICAGO MERCANTILE EXCHANGE,2013-08-06,2013-08-09,303367,67116,53565,49982,36470,60962,45388,25955,2026-08-04 20:52:31.108629
eur,EURO FX - CHICAGO MERCANTILE EXCHANGE,2013-08-13,2013-08-16,288525,72678,45552,43903,36487,64115,35449,26264,2026-08-04 20:52:31.108629
eur,EURO FX - CHICAGO MERCANTILE EXCHANGE,2013-08-20,2013-08-23,321707,95443,48808,49200,36090,66106,27626,44450,2026-08-04 20:52:31.108629
eur,EURO FX - CHICAGO MERCANTILE EXCHANGE,2013-08-27,2013-08-30,324037,95059,44587,52850,35267,67502,25937,49442,2026-08-04 20:52:31.108629
eur,EURO FX - CHICAGO MERCANTILE EXCHANGE,2013-09-03,2013-09-06,324428,79985,51086,61003,35288,68197,34421,30470,2026-08-04 20:52:31.108629
eur,EURO FX - CHICAGO MERCANTILE EXCHANGE,2013-09-10,2013-09-13,311687,64078,46975,55320,35156,63540,38588,27155,2026-08-04 20:52:31.108629
eur,EURO FX - CHICAGO MERCANTILE EXCHANGE,2013-09-17,2013-09-20,276717,91256,43665,41728,36048,63416,20831,31078,2026-08-04 20:52:31.108629
eur,EURO FX - CHICAGO MERCANTILE EXCHANGE,2013-09-24,2013-09-27,324314,121400,34682,47549,36586,60954,17190,78713,2026-08-04 20:52:31.108629
eur,EURO FX - CHICAGO MERCANTILE EXCHANGE,2013-10-01,2013-10-04,337731,118161,29321,58576,36391,58555,17762,82096,2026-08-04 20:52:31.108629
eur,EURO FX - CHICAGO MERCANTILE EXCHANGE,2013-10-08,2013-10-11,332868,120417,29359,51358,37391,59425,21338,86212,2026-08-04 20:52:31.108629
eur,EURO FX - CHICAGO MERCANTILE EXCHANGE,2013-10-15,2013-10-18,327527,112846,32122,51673,38028,55034,24230,82710,2026-08-04 20:52:31.108629
eur,EURO FX - CHICAGO MERCANTILE EXCHANGE,2013-10-22,2013-10-25,372098,121028,39731,62783,38669,48749,37335,103167,2026-08-04 20:52:31.108629
eur,EURO FX - CHICAGO MERCANTILE EXCHANGE,2013-10-29,2013-11-01,381272,119109,35759,68548,38803,50638,38027,108054,2026-08-04 20:52:31.108629
eur,EURO FX - CHICAGO MERCANTILE EXCHANGE,2013-11-05,2013-11-08,354559,89844,36222,71239,39211,55852,30050,71353,2026-08-04 20:52:31.108629
eur,EURO FX - CHICAGO MERCANTILE EXCHANGE,2013-11-12,2013-11-15,313762,76689,39813,60482,38619,55972,37059,42381,2026-08-04 20:52:31.108629
eur,EURO FX - CHICAGO MERCANTILE EXCHANGE,2013-11-19,2013-11-22,316727,76225,43975,58107,38958,57978,45666,43068,2026-08-04 20:52:31.108629
eur,EURO FX - CHICAGO MERCANTILE EXCHANGE,2013-11-26,2013-11-29,331131,68507,52151,61584,39307,57638,61237,35747,2026-08-04 20:52:31.108629
eur,EURO FX - CHICAGO MERCANTILE EXCHANGE,2013-12-03,2013-12-06,344451,76787,48572,63164,39260,59272,58292,42304,2026-08-04 20:52:31.108629
eur,EURO FX - CHICAGO MERCANTILE EXCHANGE,2013-12-10,2013-12-13,354643,87976,49816,34172,41130,62161,56572,47636,2026-08-04 20:52:31.108629
eur,EURO FX - CHICAGO MERCANTILE EXCHANGE,2013-12-17,2013-12-20,290292,93825,42352,35087,41615,66446,26185,23162,2026-08-04 20:52:31.108629
eur,EURO FX - CHICAGO MERCANTILE EXCHANGE,2013-12-24,2013-12-27,299113,96806,42173,32213,40407,68910,27734,29362,2026-08-04 20:52:31.108629
eur,EURO FX - CHICAGO MERCANTILE EXCHANGE,2013-12-31,2014-01-03,305809,97841,43969,34892,40280,69230,28734,25642,2026-08-04 20:52:31.108629
eur,EURO FX - CHICAGO MERCANTILE EXCHANGE,2014-01-07,2014-01-10,290340,87338,43796,28210,39701,67593,44398,25412,2026-08-04 20:52:31.108629
eur,EURO FX - CHICAGO MERCANTILE EXCHANGE,2014-01-14,2014-01-17,294974,83313,48593,29221,40658,65898,49590,26546,2026-08-04 20:52:31.108629
eur,EURO FX - CHICAGO MERCANTILE EXCHANGE,2014-01-21,2014-01-24,314442,78276,52532,33658,40423,65481,69074,26537,2026-08-04 20:52:31.108629
eur,EURO FX - CHICAGO MERCANTILE EXCHANGE,2014-01-28,2014-01-31,319053,79676,42172,34128,40892,70594,69880,36488,2026-08-04 20:52:31.108629
eur,EURO FX - CHICAGO MERCANTILE EXCHANGE,2014-02-04,2014-02-07,343092,60298,48263,40361,39780,80535,100144,25283,2026-08-04 20:52:31.108629
eur,EURO FX - CHICAGO MERCANTILE EXCHANGE,2014-02-11,2014-02-14,335669,66998,52681,36788,40300,80965,99563,32588,2026-08-04 20:52:31.108629
eur,EURO FX - CHICAGO MERCANTILE EXCHANGE,2014-02-18,2014-02-21,351315,81056,48795,37617,40585,80092,90409,43382,2026-08-04 20:52:31.108629
eur,EURO FX - CHICAGO MERCANTILE EXCHANGE,2014-02-25,2014-02-28,358086,84355,46734,40039,42002,82452,88752,49453,2026-08-04 20:52:31.108629
eur,EURO FX - CHICAGO MERCANTILE EXCHANGE,2014-03-04,2014-03-07,368036,96317,49860,40336,41287,84408,85242,56549,2026-08-04 20:52:31.108629
eur,EURO FX - CHICAGO MERCANTILE EXCHANGE,2014-03-11,2014-03-14,355833,104745,42878,27240,41325,88726,78204,62220,2026-08-04 20:52:31.108629
eur,EURO FX - CHICAGO MERCANTILE EXCHANGE,2014-03-18,2014-03-21,303993,102011,33839,22852,41907,93712,41487,30546,2026-08-04 20:52:31.108629
eur,EURO FX - CHICAGO MERCANTILE EXCHANGE,2014-03-25,2014-03-28,301134,94469,35854,21423,42275,93478,46388,25478,2026-08-04 20:52:31.108629
eur,EURO FX - CHICAGO MERCANTILE EXCHANGE,2014-04-01,2014-04-04,301098,87757,36536,22799,42038,92424,50440,25340,2026-08-04 20:52:31.108629
eur,EURO FX - CHICAGO MERCANTILE EXCHANGE,2014-04-08,2014-04-11,292928,78976,40339,17751,42337,91054,59629,25797,2026-08-04 20:52:31.108629
eur,EURO FX - CHICAGO MERCANTILE EXCHANGE,2014-04-15,2014-04-18,308277,93018,46835,20777,41892,90372,54125,26965,2026-08-04 20:52:31.108629
eur,EURO FX - CHICAGO MERCANTILE EXCHANGE,2014-04-22,2014-04-25,303303,88769,42736,20270,41344,87839,52987,24903,2026-08-04 20:52:31.108629
eur,EURO FX - CHICAGO MERCANTILE EXCHANGE,2014-04-29,2014-05-02,311914,88613,47647,22599,42164,83253,54706,28289,2026-08-04 20:52:31.108629
eur,EURO FX - CHICAGO MERCANTILE EXCHANGE,2014-05-06,2014-05-09,322339,94856,49787,26642,42527,75634,45704,31112,2026-08-04 20:52:31.108629
eur,EURO FX - CHICAGO MERCANTILE EXCHANGE,2014-05-13,2014-05-16,315844,68139,57475,27288,44011,67190,65727,26252,2026-08-04 20:52:31.108629
eur,EURO FX - CHICAGO MERCANTILE EXCHANGE,2014-05-20,2014-05-23,316787,57238,58973,29099,47580,66041,79060,23939,2026-08-04 20:52:31.108629
eur,EURO FX - CHICAGO MERCANTILE EXCHANGE,2014-05-27,2014-05-30,334587,50306,62483,32739,47896,66871,94379,24356,2026-08-04 20:52:31.108629
eur,EURO FX - CHICAGO MERCANTILE EXCHANGE,2014-06-03,2014-06-06,342351,38235,64991,36303,46902,67144,111488,23305,2026-08-04 20:52:31.108629
eur,EURO FX - CHICAGO MERCANTILE EXCHANGE,2014-06-10,2014-06-13,378483,29198,78797,45723,47548,68995,138211,24534,2026-08-04 20:52:31.108629
eur,EURO FX - CHICAGO MERCANTILE EXCHANGE,2014-06-17,2014-06-20,335094,42845,90949,25357,48144,70873,127593,17543,2026-08-04 20:52:31.108629
eur,EURO FX - CHICAGO MERCANTILE EXCHANGE,2014-06-24,2014-06-27,336523,44557,92006,25612,48208,72076,129938,16952,2026-08-04 20:52:31.108629
eur,EURO FX - CHICAGO MERCANTILE EXCHANGE,2014-07-01,2014-07-04,339147,42257,91891,27181,48541,71271,129235,16704,2026-08-04 20:52:31.108629
eur,EURO FX - CHICAGO MERCANTILE EXCHANGE,2014-07-08,2014-07-11,333197,40906,91697,24522,47866,72406,134674,15954,2026-08-04 20:52:31.108629
eur,EURO FX - CHICAGO MERCANTILE EXCHANGE,2014-07-15,2014-07-18,354323,53674,102784,27552,47836,75122,136322,15438,2026-08-04 20:52:31.108629
eur,EURO FX - CHICAGO MERCANTILE EXCHANGE,2014-07-22,2014-07-25,396788,60216,128370,32605,47198,75085,157763,15388,2026-08-04 20:52:31.108629
eur,EURO FX - CHICAGO MERCANTILE EXCHANGE,2014-07-29,2014-08-01,420808,62848,147910,34866,47656,67555,174846,16326,2026-08-04 20:52:31.108629
eur,EURO FX - CHICAGO MERCANTILE EXCHANGE,2014-08-05,2014-08-08,450253,59130,168676,40015,46943,64482,202317,17043,2026-08-04 20:52:31.108629
eur,EURO FX - CHICAGO MERCANTILE EXCHANGE,2014-08-12,2014-08-15,434656,55460,161961,33126,40827,65959,206542,14955,2026-08-04 20:52:31.108629
eur,EURO FX - CHICAGO MERCANTILE EXCHANGE,2014-08-19,2014-08-22,464108,61082,181004,36369,46067,64812,216185,18300,2026-08-04 20:52:31.108629
eur,EURO FX - CHICAGO MERCANTILE EXCHANGE,2014-08-26,2014-08-29,494900,55482,186982,46173,46211,65717,225746,21056,2026-08-04 20:52:31.108629
eur,EURO FX - CHICAGO MERCANTILE EXCHANGE,2014-09-02,2014-09-05,525209,62796,197990,52067,40269,66972,240047,21801,2026-08-04 20:52:31.108629
eur,EURO FX - CHICAGO MERCANTILE EXCHANGE,2014-09-09,2014-09-12,584783,68389,189054,99580,44187,70501,233671,26782,2026-08-04 20:52:31.108629
eur,EURO FX - CHICAGO MERCANTILE EXCHANGE,2014-09-16,2014-09-19,497010,79518,183734,56664,43142,73754,195829,18587,2026-08-04 20:52:31.108629
eur,EURO FX - CHICAGO MERCANTILE EXCHANGE,2014-09-23,2014-09-26,509025,60919,170190,66442,43580,80665,202599,21778,2026-08-04 20:52:31.108629
eur,EURO FX - CHICAGO MERCANTILE EXCHANGE,2014-09-30,2014-10-03,551194,64239,159634,84022,42670,84967,209777,35998,2026-08-04 20:52:31.108629
eur,EURO FX - CHICAGO MERCANTILE EXCHANGE,2014-10-07,2014-10-10,534015,56180,160782,65564,42408,87952,223023,30021,2026-08-04 20:52:31.108629
eur,EURO FX - CHICAGO MERCANTILE EXCHANGE,2014-10-14,2014-10-17,544475,52371,172431,64024,40777,89094,237071,34163,2026-08-04 20:52:31.108629
eur,EURO FX - CHICAGO MERCANTILE EXCHANGE,2014-10-21,2014-10-24,555254,55135,176825,68166,40889,89466,240844,37063,2026-08-04 20:52:31.108629
eur,EURO FX - CHICAGO MERCANTILE EXCHANGE,2014-10-28,2014-10-31,551111,53495,179554,67301,39709,86866,244349,34924,2026-08-04 20:52:31.108629
eur,EURO FX - CHICAGO MERCANTILE EXCHANGE,2014-11-04,2014-11-07,598537,58945,188219,75864,41154,85120,264910,42111,2026-08-04 20:52:31.108629
eur,EURO FX - CHICAGO MERCANTILE EXCHANGE,2014-11-11,2014-11-14,570359,56906,183199,59898,42092,84550,269036,55134,2026-08-04 20:52:31.108629
eur,EURO FX - CHICAGO MERCANTILE EXCHANGE,2014-11-18,2014-11-21,569263,52549,183458,62492,42183,87641,269120,54025,2026-08-04 20:52:31.108629
eur,EURO FX - CHICAGO MERCANTILE EXCHANGE,2014-11-25,2014-11-28,577319,55908,177260,64691,42759,88158,267571,56598,2026-08-04 20:52:31.108629
eur,EURO FX - CHICAGO MERCANTILE EXCHANGE,2014-12-02,2014-12-05,582836,61382,171615,71360,41984,84755,254909,62303,2026-08-04 20:52:31.108629
eur,EURO FX - CHICAGO MERCANTILE EXCHANGE,2014-12-09,2014-12-12,552194,59636,144610,61781,42390,89433,243736,70718,2026-08-04 20:52:31.108629
eur,EURO FX - CHICAGO MERCANTILE EXCHANGE,2014-12-16,2014-12-19,448380,34762,133942,57254,34485,88957,169974,9445,2026-08-04 20:52:31.108629
eur,EURO FX - CHICAGO MERCANTILE EXCHANGE,2014-12-23,2014-12-26,470894,25491,148602,58854,39493,84656,188520,10782,2026-08-04 20:52:31.108629
eur,EURO FX - CHICAGO MERCANTILE EXCHANGE,2014-12-30,2015-01-02,482748,27185,153179,59560,40676,86944,194990,11264,2026-08-04 20:52:31.108629
eur,EURO FX - CHICAGO MERCANTILE EXCHANGE,2015-01-06,2015-01-09,530375,30890,159463,71334,39499,88253,212126,12748,2026-08-04 20:52:31.108629
eur,EURO FX - CHICAGO MERCANTILE EXCHANGE,2015-01-13,2015-01-16,524319,30122,165426,62129,38529,91215,231486,12288,2026-08-04 20:52:31.108629
eur,EURO FX - CHICAGO MERCANTILE EXCHANGE,2015-01-20,2015-01-23,575383,32430,170722,80857,34180,95332,246074,15120,2026-08-04 20:52:31.108629
eur,EURO FX - CHICAGO MERCANTILE EXCHANGE,2015-01-27,2015-01-30,604941,26929,158522,100748,40428,95145,239316,13823,2026-08-04 20:52:31.108629
eur,EURO FX - CHICAGO MERCANTILE EXCHANGE,2015-02-03,2015-02-06,612087,22024,169649,99947,39980,97907,250922,11752,2026-08-04 20:52:31.108629
eur,EURO FX - CHICAGO MERCANTILE EXCHANGE,2015-02-10,2015-02-13,559511,22447,176131,74184,38723,88971,242796,14566,2026-08-04 20:52:31.108629
eur,EURO FX - CHICAGO MERCANTILE EXCHANGE,2015-02-17,2015-02-20,551088,23341,169572,72258,41067,91609,236060,16266,2026-08-04 20:52:31.108629
eur,EURO FX - CHICAGO MERCANTILE EXCHANGE,2015-02-24,2015-02-27,544362,22348,168882,72389,41171,88828,226645,19504,2026-08-04 20:52:31.108629
eur,EURO FX - CHICAGO MERCANTILE EXCHANGE,2015-03-03,2015-03-06,566049,26197,169240,76014,44643,86550,228119,25213,2026-08-04 20:52:31.108629
eur,EURO FX - CHICAGO MERCANTILE EXCHANGE,2015-03-10,2015-03-13,597831,39234,174189,79490,43773,86498,234483,29605,2026-08-04 20:52:31.108629
eur,EURO FX - CHICAGO MERCANTILE EXCHANGE,2015-03-17,2015-03-20,571811,21461,176667,72900,42105,96342,193940,7154,2026-08-04 20:52:31.108629
eur,EURO FX - CHICAGO MERCANTILE EXCHANGE,2015-03-24,2015-03-27,584793,16365,191411,73012,45592,97797,206759,6962,2026-08-04 20:52:31.108629
eur,EURO FX - CHICAGO MERCANTILE EXCHANGE,2015-03-31,2015-04-03,590248,18479,182323,78196,44376,100171,214780,9149,2026-08-04 20:52:31.108629
eur,EURO FX - CHICAGO MERCANTILE EXCHANGE,2015-04-07,2015-04-10,537035,13861,171004,58066,43904,99877,194109,8087,2026-08-04 20:52:31.108629
eur,EURO FX - CHICAGO MERCANTILE EXCHANGE,2015-04-14,2015-04-17,562328,24203,174311,64136,48808,104190,189737,10799,2026-08-04 20:52:31.108629
eur,EURO FX - CHICAGO MERCANTILE EXCHANGE,2015-04-21,2015-04-24,567388,28430,168436,64455,51860,113072,188705,9739,2026-08-04 20:52:31.108629
eur,EURO FX - CHICAGO MERCANTILE EXCHANGE,2015-04-28,2015-05-01,570238,31336,156562,65631,57011,115790,174202,17775,2026-08-04 20:52:31.108629
eur,EURO FX - CHICAGO MERCANTILE EXCHANGE,2015-05-05,2015-05-08,584042,31891,148642,77047,51446,108124,168331,18923,2026-08-04 20:52:31.108629
eur,EURO FX - CHICAGO MERCANTILE EXCHANGE,2015-05-12,2015-05-15,547153,30638,138038,61757,49743,112443,162866,27457,2026-08-04 20:52:31.108629
eur,EURO FX - CHICAGO MERCANTILE EXCHANGE,2015-05-19,2015-05-22,550092,26459,128703,68745,50438,108673,150880,29085,2026-08-04 20:52:31.108629
eur,EURO FX - CHICAGO MERCANTILE EXCHANGE,2015-05-26,2015-05-29,567547,31516,138027,73232,49968,105273,143503,22935,2026-08-04 20:52:31.108629
eur,EURO FX - CHICAGO MERCANTILE EXCHANGE,2015-06-02,2015-06-05,560961,32348,116308,79931,50174,122454,137701,14961,2026-08-04 20:52:31.108629
eur,EURO FX - CHICAGO MERCANTILE EXCHANGE,2015-06-09,2015-06-12,524398,29436,103926,73504,49536,120600,129962,38609,2026-08-04 20:52:31.108629
eur,EURO FX - CHICAGO MERCANTILE EXCHANGE,2015-06-16,2015-06-19,437602,58668,91378,53713,48586,119742,115688,6837,2026-08-04 20:52:31.108629
eur,EURO FX - CHICAGO MERCANTILE EXCHANGE,2015-06-23,2015-06-26,438457,43189,89927,54857,57411,111969,125219,8281,2026-08-04 20:52:31.108629
eur,EURO FX - CHICAGO MERCANTILE EXCHANGE,2015-06-30,2015-07-03,441287,37124,86951,57904,58948,108401,130233,10522,2026-08-04 20:52:31.108629
eur,EURO FX - CHICAGO MERCANTILE EXCHANGE,2015-07-07,2015-07-10,437552,34708,95126,46998,66583,106974,135274,11393,2026-08-04 20:52:31.108629
eur,EURO FX - CHICAGO MERCANTILE EXCHANGE,2015-07-14,2015-07-17,436035,31366,97603,45885,67142,108482,131781,10179,2026-08-04 20:52:31.108629
eur,EURO FX - CHICAGO MERCANTILE EXCHANGE,2015-07-21,2015-07-24,450039,35124,108584,48121,71074,103150,137267,11279,2026-08-04 20:52:31.108629
eur,EURO FX - CHICAGO MERCANTILE EXCHANGE,2015-07-28,2015-07-31,439231,34683,101739,47284,71435,98905,123681,12845,2026-08-04 20:52:31.108629
eur,EURO FX - CHICAGO MERCANTILE EXCHANGE,2015-08-04,2015-08-07,458477,38640,112136,48507,71542,99547,133912,17000,2026-08-04 20:52:31.108629
eur,EURO FX - CHICAGO MERCANTILE EXCHANGE,2015-08-11,2015-08-14,433487,38520,107868,39764,74115,93377,126824,21942,2026-08-04 20:52:31.108629
eur,EURO FX - CHICAGO MERCANTILE EXCHANGE,2015-08-18,2015-08-21,431593,40013,98264,40715,75077,87198,117479,39874,2026-08-04 20:52:31.108629
eur,EURO FX - CHICAGO MERCANTILE EXCHANGE,2015-08-25,2015-08-28,476186,52649,90350,59300,77690,95366,122407,59047,2026-08-04 20:52:31.108629
eur,EURO FX - CHICAGO MERCANTILE EXCHANGE,2015-09-01,2015-09-04,471310,43718,80869,62787,77177,93286,124898,64464,2026-08-04 20:52:31.108629
eur,EURO FX - CHICAGO MERCANTILE EXCHANGE,2015-09-08,2015-09-11,448984,47192,94738,42136,72383,94321,134813,55664,2026-08-04 20:52:31.108629
eur,EURO FX - CHICAGO MERCANTILE EXCHANGE,2015-09-15,2015-09-18,376033,33167,89851,33960,67490,90771,94809,12281,2026-08-04 20:52:31.108629
eur,EURO FX - CHICAGO MERCANTILE EXCHANGE,2015-09-22,2015-09-25,387711,33994,88631,35999,66814,87309,92729,17919,2026-08-04 20:52:31.108629
eur,EURO FX - CHICAGO MERCANTILE EXCHANGE,2015-09-29,2015-10-02,389066,34662,89628,37465,68673,93299,95853,12690,2026-08-04 20:52:31.108629
eur,EURO FX - CHICAGO MERCANTILE EXCHANGE,2015-10-06,2015-10-09,401381,38761,97297,39092,75410,91488,92620,24435,2026-08-04 20:52:31.108629
eur,EURO FX - CHICAGO MERCANTILE EXCHANGE,2015-10-13,2015-10-16,404750,41568,95020,33356,79566,87904,92643,46840,2026-08-04 20:52:31.108629
eur,EURO FX - CHICAGO MERCANTILE EXCHANGE,2015-10-20,2015-10-23,415041,42296,85341,34543,88101,87005,88899,69818,2026-08-04 20:52:31.108629
eur,EURO FX - CHICAGO MERCANTILE EXCHANGE,2015-10-27,2015-10-30,467662,46747,122408,44709,81499,84203,112789,55245,2026-08-04 20:52:31.108629
eur,EURO FX - CHICAGO MERCANTILE EXCHANGE,2015-11-03,2015-11-06,508356,42438,149265,52180,87911,83551,127923,48120,2026-08-04 20:52:31.108629
eur,EURO FX - CHICAGO MERCANTILE EXCHANGE,2015-11-10,2015-11-13,525055,46901,171859,52610,86065,80323,127380,30316,2026-08-04 20:52:31.108629
eur,EURO FX - CHICAGO MERCANTILE EXCHANGE,2015-11-17,2015-11-20,549229,46900,179020,59616,87482,87071,144930,26804,2026-08-04 20:52:31.108629
eur,EURO FX - CHICAGO MERCANTILE EXCHANGE,2015-11-24,2015-11-27,557979,44399,184992,60633,88500,85949,156167,25698,2026-08-04 20:52:31.108629
eur,EURO FX - CHICAGO MERCANTILE EXCHANGE,2015-12-01,2015-12-04,582253,43525,186764,67862,98753,90688,156619,26090,2026-08-04 20:52:31.108629
eur,EURO FX - CHICAGO MERCANTILE EXCHANGE,2015-12-08,2015-12-11,541941,43853,175611,62786,93812,102250,147843,20716,2026-08-04 20:52:31.108629
eur,EURO FX - CHICAGO MERCANTILE EXCHANGE,2015-12-15,2015-12-18,474039,39066,156906,41981,91454,109500,142939,6997,2026-08-04 20:52:31.108629
eur,EURO FX - CHICAGO MERCANTILE EXCHANGE,2015-12-22,2015-12-25,476418,38383,158671,45752,91825,109200,141439,8653,2026-08-04 20:52:31.108629
eur,EURO FX - CHICAGO MERCANTILE EXCHANGE,2015-12-29,2016-01-01,466815,34398,157374,43129,94834,106350,139361,9475,2026-08-04 20:52:31.108629
eur,EURO FX - CHICAGO MERCANTILE EXCHANGE,2016-01-05,2016-01-08,477926,38033,157097,42366,93556,107938,142029,13496,2026-08-04 20:52:31.108629
eur,EURO FX - CHICAGO MERCANTILE EXCHANGE,2016-01-12,2016-01-15,452544,35830,143735,31349,94533,112929,136687,17763,2026-08-04 20:52:31.108629
eur,EURO FX - CHICAGO MERCANTILE EXCHANGE,2016-01-19,2016-01-22,455070,41763,136353,32151,96465,111798,132364,33598,2026-08-04 20:52:31.108629
eur,EURO FX - CHICAGO MERCANTILE EXCHANGE,2016-01-26,2016-01-29,459832,39431,129460,32354,95323,112460,134564,37199,2026-08-04 20:52:31.108629
eur,EURO FX - CHICAGO MERCANTILE EXCHANGE,2016-02-02,2016-02-05,465299,43462,118484,34169,98946,108752,128552,64791,2026-08-04 20:52:31.108629
eur,EURO FX - CHICAGO MERCANTILE EXCHANGE,2016-02-09,2016-02-12,512710,55097,107526,49082,100711,98648,129252,114740,2026-08-04 20:52:31.108629
eur,EURO FX - CHICAGO MERCANTILE EXCHANGE,2016-02-16,2016-02-19,501611,56773,90074,48019,98518,96528,119772,125224,2026-08-04 20:52:31.108629
eur,EURO FX - CHICAGO MERCANTILE EXCHANGE,2016-02-23,2016-02-26,497724,55686,83871,47510,111053,96084,122674,126817,2026-08-04 20:52:31.108629
eur,EURO FX - CHICAGO MERCANTILE EXCHANGE,2016-03-01,2016-03-04,503904,55892,101572,49898,109687,101088,125039,93458,2026-08-04 20:52:31.108629
eur,EURO FX - CHICAGO MERCANTILE EXCHANGE,2016-03-08,2016-03-11,488698,51828,110349,42492,109194,105137,128300,82769,2026-08-04 20:52:31.108629
eur,EURO FX - CHICAGO MERCANTILE EXCHANGE,2016-03-15,2016-03-18,377131,30648,100724,32304,106785,99887,82617,10374,2026-08-04 20:52:31.108629
eur,EURO FX - CHICAGO MERCANTILE EXCHANGE,2016-03-22,2016-03-25,383958,32372,94855,36278,104829,97886,79120,19884,2026-08-04 20:52:31.108629
eur,EURO FX - CHICAGO MERCANTILE EXCHANGE,2016-03-29,2016-04-01,393068,39116,96607,35613,104777,100290,80666,24658,2026-08-04 20:52:31.108629
eur,EURO FX - CHICAGO MERCANTILE EXCHANGE,2016-04-05,2016-04-08,413599,40741,87014,45482,103569,97141,78530,35360,2026-08-04 20:52:31.108629
eur,EURO FX - CHICAGO MERCANTILE EXCHANGE,2016-04-12,2016-04-15,388001,42530,85117,30825,101624,97740,77166,42059,2026-08-04 20:52:31.108629
eur,EURO FX - CHICAGO MERCANTILE EXCHANGE,2016-04-19,2016-04-22,401441,48036,94137,32874,109435,97658,76837,47193,2026-08-04 20:52:31.108629
eur,EURO FX - CHICAGO MERCANTILE EXCHANGE,2016-04-26,2016-04-29,402253,47488,84528,37816,118013,97043,66080,53636,2026-08-04 20:52:31.108629
eur,EURO FX - CHICAGO MERCANTILE EXCHANGE,2016-05-03,2016-05-06,439978,47708,78464,48704,123748,93405,66803,72269,2026-08-04 20:52:31.108629
eur,EURO FX - CHICAGO MERCANTILE EXCHANGE,2016-05-10,2016-05-13,406949,42851,70579,36025,126748,93269,63540,71500,2026-08-04 20:52:31.108629
eur,EURO FX - CHICAGO MERCANTILE EXCHANGE,2016-05-17,2016-05-20,415886,47030,67592,41956,123243,93948,63261,69473,2026-08-04 20:52:31.108629
eur,EURO FX - CHICAGO MERCANTILE EXCHANGE,2016-05-24,2016-05-27,430837,42428,88899,47688,121400,93996,67965,48388,2026-08-04 20:52:31.108629
eur,EURO FX - CHICAGO MERCANTILE EXCHANGE,2016-05-31,2016-06-03,439127,44971,102934,49471,122704,93760,72591,38315,2026-08-04 20:52:31.108629
eur,EURO FX - CHICAGO MERCANTILE EXCHANGE,2016-06-07,2016-06-10,439240,39363,104024,52192,122898,98164,74710,33401,2026-08-04 20:52:31.108629
eur,EURO FX - CHICAGO MERCANTILE EXCHANGE,2016-06-14,2016-06-17,399544,33452,101906,37575,123231,97806,81375,14993,2026-08-04 20:52:31.108629
eur,EURO FX - CHICAGO MERCANTILE EXCHANGE,2016-06-21,2016-06-24,389356,20039,97174,40441,125976,94772,85098,15019,2026-08-04 20:52:31.108629
eur,EURO FX - CHICAGO MERCANTILE EXCHANGE,2016-06-28,2016-07-01,428876,45369,106370,48749,117469,93231,87099,13585,2026-08-04 20:52:31.108629
eur,EURO FX - CHICAGO MERCANTILE EXCHANGE,2016-07-05,2016-07-08,451001,45261,124739,50107,116455,96091,110565,9928,2026-08-04 20:52:31.108629
eur,EURO FX - CHICAGO MERCANTILE EXCHANGE,2016-07-12,2016-07-15,433770,38497,136964,38169,120372,96921,124954,10254,2026-08-04 20:52:31.108629
eur,EURO FX - CHICAGO MERCANTILE EXCHANGE,2016-07-19,2016-07-22,457340,40328,152246,41942,118508,93250,139765,11012,2026-08-04 20:52:31.108629
eur,EURO FX - CHICAGO MERCANTILE EXCHANGE,2016-07-26,2016-07-29,470462,36028,155356,43059,121475,94627,150495,11248,2026-08-04 20:52:31.108629
eur,EURO FX - CHICAGO MERCANTILE EXCHANGE,2016-08-02,2016-08-05,449286,24914,143721,42398,122938,96054,138868,10629,2026-08-04 20:52:31.108629
eur,EURO FX - CHICAGO MERCANTILE EXCHANGE,2016-08-09,2016-08-12,432970,19691,135620,37336,122383,95008,141732,11120,2026-08-04 20:52:31.108629
eur,EURO FX - CHICAGO MERCANTILE EXCHANGE,2016-08-16,2016-08-19,438077,22034,132588,41857,124694,98310,129257,10422,2026-08-04 20:52:31.108629
eur,EURO FX - CHICAGO MERCANTILE EXCHANGE,2016-08-23,2016-08-26,438678,25197,119503,43156,128029,98050,120456,24784,2026-08-04 20:52:31.108629
eur,EURO FX - CHICAGO MERCANTILE EXCHANGE,2016-08-30,2016-09-02,439005,31653,124395,40231,130538,101969,120652,18878,2026-08-04 20:52:31.108629
eur,EURO FX - CHICAGO MERCANTILE EXCHANGE,2016-09-06,2016-09-09,443910,25452,121145,44860,126367,104231,129573,16486,2026-08-04 20:52:31.108629
eur,EURO FX - CHICAGO MERCANTILE EXCHANGE,2016-09-13,2016-09-16,428594,23866,112164,46434,126540,95445,119527,23204,2026-08-04 20:52:31.108629
eur,EURO FX - CHICAGO MERCANTILE EXCHANGE,2016-09-20,2016-09-23,375526,21781,110100,31666,125827,101635,93496,7551,2026-08-04 20:52:31.108629
eur,EURO FX - CHICAGO MERCANTILE EXCHANGE,2016-09-27,2016-09-30,382409,21452,107399,36475,135287,100978,82271,11098,2026-08-04 20:52:31.108629
eur,EURO FX - CHICAGO MERCANTILE EXCHANGE,2016-10-04,2016-10-07,408599,23507,118928,41329,142915,101177,85860,8462,2026-08-04 20:52:31.108629
eur,EURO FX - CHICAGO MERCANTILE EXCHANGE,2016-10-11,2016-10-14,438754,28387,141056,40532,146217,102752,103758,11680,2026-08-04 20:52:31.108629
eur,EURO FX - CHICAGO MERCANTILE EXCHANGE,2016-10-18,2016-10-21,478817,31532,171081,44880,151710,105983,126691,10912,2026-08-04 20:52:31.108629
eur,EURO FX - CHICAGO MERCANTILE EXCHANGE,2016-10-25,2016-10-28,525971,49077,200751,50134,137875,106498,154449,13227,2026-08-04 20:52:31.108629
eur,EURO FX - CHICAGO MERCANTILE EXCHANGE,2016-11-01,2016-11-04,516082,36719,199716,51638,138481,103181,168266,11871,2026-08-04 20:52:31.108629
eur,EURO FX - CHICAGO MERCANTILE EXCHANGE,2016-11-08,2016-11-11,477706,37446,178874,36590,140414,98469,145672,25328,2026-08-04 20:52:31.108629
eur,EURO FX - CHICAGO MERCANTILE EXCHANGE,2016-11-15,2016-11-18,491821,35457,167601,47669,140331,95488,129447,26462,2026-08-04 20:52:31.108629
eur,EURO FX - CHICAGO MERCANTILE EXCHANGE,2016-11-22,2016-11-25,523899,40735,179132,54845,139069,95718,134364,19435,2026-08-04 20:52:31.108629
eur,EURO FX - CHICAGO MERCANTILE EXCHANGE,2016-11-29,2016-12-02,543596,37472,197032,60345,142048,97846,146274,20096,2026-08-04 20:52:31.108629
eur,EURO FX - CHICAGO MERCANTILE EXCHANGE,2016-12-06,2016-12-09,533439,37378,169036,63667,138272,101610,132498,24666,2026-08-04 20:52:31.108629
eur,EURO FX - CHICAGO MERCANTILE EXCHANGE,2016-12-13,2016-12-16,516828,39545,155171,40445,139247,93823,107482,27293,2026-08-04 20:52:31.108629
eur,EURO FX - CHICAGO MERCANTILE EXCHANGE,2016-12-20,2016-12-23,483844,38936,140340,49912,140405,95214,118022,55217,2026-08-04 20:52:31.108629
eur,EURO FX - CHICAGO MERCANTILE EXCHANGE,2016-12-27,2016-12-30,486557,42121,144509,47415,138810,99268,123159,53944,2026-08-04 20:52:31.108629
eur,EURO FX - CHICAGO MERCANTILE EXCHANGE,2017-01-03,2017-01-06,499530,40791,152928,49562,142293,99638,127709,61300,2026-08-04 20:52:31.108629
eur,EURO FX - CHICAGO MERCANTILE EXCHANGE,2017-01-10,2017-01-13,484870,41180,150808,42623,146285,95912,121164,65780,2026-08-04 20:52:31.108629
eur,EURO FX - CHICAGO MERCANTILE EXCHANGE,2017-01-17,2017-01-20,486801,39921,145758,45154,150033,90251,111694,73796,2026-08-04 20:52:31.108629
eur,EURO FX - CHICAGO MERCANTILE EXCHANGE,2017-01-24,2017-01-27,487387,39311,130777,47083,148741,87443,108200,91160,2026-08-04 20:52:31.108629
eur,EURO FX - CHICAGO MERCANTILE EXCHANGE,2017-01-31,2017-02-03,485900,44474,121033,50497,138631,85082,107740,94152,2026-08-04 20:52:31.108629
eur,EURO FX - CHICAGO MERCANTILE EXCHANGE,2017-02-07,2017-02-10,482552,43974,122385,43033,140003,88431,108788,100004,2026-08-04 20:52:31.108629
eur,EURO FX - CHICAGO MERCANTILE EXCHANGE,2017-02-14,2017-02-17,486545,43744,124700,48240,131046,91105,110478,82607,2026-08-04 20:52:31.108629
eur,EURO FX - CHICAGO MERCANTILE EXCHANGE,2017-02-21,2017-02-24,502900,43114,135850,51104,138127,96320,115233,81403,2026-08-04 20:52:31.108629
eur,EURO FX - CHICAGO MERCANTILE EXCHANGE,2017-02-28,2017-03-03,515811,46462,129444,55501,148046,103265,108659,88638,2026-08-04 20:52:31.108629
eur,EURO FX - CHICAGO MERCANTILE EXCHANGE,2017-03-07,2017-03-10,491765,40263,140997,36791,150852,103157,111911,76181,2026-08-04 20:52:31.108629
eur,EURO FX - CHICAGO MERCANTILE EXCHANGE,2017-03-14,2017-03-17,439166,43178,129651,34579,155523,105323,81452,37611,2026-08-04 20:52:31.108629
eur,EURO FX - CHICAGO MERCANTILE EXCHANGE,2017-03-21,2017-03-24,477634,51196,120287,43371,163840,97019,84052,70344,2026-08-04 20:52:31.108629
eur,EURO FX - CHICAGO MERCANTILE EXCHANGE,2017-03-28,2017-03-31,478273,53309,113252,44125,160956,90767,84240,85577,2026-08-04 20:52:31.108629
eur,EURO FX - CHICAGO MERCANTILE EXCHANGE,2017-04-04,2017-04-07,466776,50495,117931,40287,163706,96678,79616,75757,2026-08-04 20:52:31.108629
eur,EURO FX - CHICAGO MERCANTILE EXCHANGE,2017-04-11,2017-04-14,485655,50649,134122,38932,164696,107071,96825,64909,2026-08-04 20:52:31.108629
eur,EURO FX - CHICAGO MERCANTILE EXCHANGE,2017-04-18,2017-04-21,502126,52764,150500,42369,164924,108099,107937,57130,2026-08-04 20:52:31.108629
eur,EURO FX - CHICAGO MERCANTILE EXCHANGE,2017-04-25,2017-04-28,500326,44163,135837,52020,167363,95352,92655,65685,2026-08-04 20:52:31.108629
eur,EURO FX - CHICAGO MERCANTILE EXCHANGE,2017-05-02,2017-05-05,497790,47001,108417,54373,166929,85577,86838,91032,2026-08-04 20:52:31.108629
eur,EURO FX - CHICAGO MERCANTILE EXCHANGE,2017-05-09,2017-05-12,486753,44483,95684,51254,165834,78123,84625,113353,2026-08-04 20:52:31.108629
eur,EURO FX - CHICAGO MERCANTILE EXCHANGE,2017-05-16,2017-05-19,516782,50363,87386,54370,169450,75039,86849,133879,2026-08-04 20:52:31.108629
eur,EURO FX - CHICAGO MERCANTILE EXCHANGE,2017-05-23,2017-05-26,545856,60223,71786,65365,169013,75463,89615,160589,2026-08-04 20:52:31.108629
eur,EURO FX - CHICAGO MERCANTILE EXCHANGE,2017-05-30,2017-06-02,549527,61767,63104,66711,169639,71840,83564,165205,2026-08-04 20:52:31.108629
eur,EURO FX - CHICAGO MERCANTILE EXCHANGE,2017-06-06,2017-06-09,551076,52410,52766,75767,167227,69357,86892,164205,2026-08-04 20:52:31.108629
eur,EURO FX - CHICAGO MERCANTILE EXCHANGE,2017-06-13,2017-06-16,529531,58884,52170,52209,169874,69703,82748,165923,2026-08-04 20:52:31.108629
eur,EURO FX - CHICAGO MERCANTILE EXCHANGE,2017-06-20,2017-06-23,440683,56976,74266,41639,167616,69827,33636,85005,2026-08-04 20:52:31.108629
eur,EURO FX - CHICAGO MERCANTILE EXCHANGE,2017-06-27,2017-06-30,473996,62748,73018,50099,172915,69307,39494,99594,2026-08-04 20:52:31.108629
eur,EURO FX - CHICAGO MERCANTILE EXCHANGE,2017-07-03,2017-07-06,499733,62845,72468,55247,176401,70575,41859,125936,2026-08-04 20:52:31.108629
eur,EURO FX - CHICAGO MERCANTILE EXCHANGE,2017-07-11,2017-07-14,507632,69354,68765,51509,179032,77751,43557,138937,2026-08-04 20:52:31.108629
eur,EURO FX - CHICAGO MERCANTILE EXCHANGE,2017-07-18,2017-07-21,529449,73947,64589,60230,182340,79563,41013,145755,2026-08-04 20:52:31.108629
eur,EURO FX - CHICAGO MERCANTILE EXCHANGE,2017-07-25,2017-07-28,543872,65405,59483,69195,181089,81539,49925,147299,2026-08-04 20:52:31.108629
eur,EURO FX - CHICAGO MERCANTILE EXCHANGE,2017-08-01,2017-08-04,571784,67201,58415,86373,179835,83034,53734,149998,2026-08-04 20:52:31.108629
eur,EURO FX - CHICAGO MERCANTILE EXCHANGE,2017-08-08,2017-08-11,552858,80539,55887,65120,180286,86690,53499,166259,2026-08-04 20:52:31.108629
eur,EURO FX - CHICAGO MERCANTILE EXCHANGE,2017-08-15,2017-08-18,554716,68941,58407,63766,198933,90905,49741,159805,2026-08-04 20:52:31.108629
eur,EURO FX - CHICAGO MERCANTILE EXCHANGE,2017-08-22,2017-08-25,555963,76782,53150,63370,195176,92828,49520,165807,2026-08-04 20:52:31.108629
eur,EURO FX - CHICAGO MERCANTILE EXCHANGE,2017-08-29,2017-09-01,582900,77158,46577,77501,189340,92122,55096,167026,2026-08-04 20:52:31.108629
eur,EURO FX - CHICAGO MERCANTILE EXCHANGE,2017-09-05,2017-09-08,572607,77894,47730,75491,196735,93893,49390,163665,2026-08-04 20:52:31.108629
eur,EURO FX - CHICAGO MERCANTILE EXCHANGE,2017-09-12,2017-09-15,566805,81520,56069,71584,190031,96273,54314,157583,2026-08-04 20:52:31.108629
eur,EURO FX - CHICAGO MERCANTILE EXCHANGE,2017-09-19,2017-09-22,514771,75114,73508,55901,194388,96345,39259,105190,2026-08-04 20:52:31.108629
eur,EURO FX - CHICAGO MERCANTILE EXCHANGE,2017-09-26,2017-09-29,517813,68551,48864,60072,195791,94737,35620,123613,2026-08-04 20:52:31.108629
eur,EURO FX - CHICAGO MERCANTILE EXCHANGE,2017-10-03,2017-10-06,531584,67026,51746,65691,200127,99173,39276,127245,2026-08-04 20:52:31.108629
eur,EURO FX - CHICAGO MERCANTILE EXCHANGE,2017-10-10,2017-10-13,524781,73994,55408,58683,202741,98096,39266,129865,2026-08-04 20:52:31.108629
eur,EURO FX - CHICAGO MERCANTILE EXCHANGE,2017-10-17,2017-10-20,522748,64743,55026,56342,206018,96600,40519,133280,2026-08-04 20:52:31.108629
eur,EURO FX - CHICAGO MERCANTILE EXCHANGE,2017-10-24,2017-10-27,524248,64625,59014,60020,207086,98221,40488,130864,2026-08-04 20:52:31.108629
eur,EURO FX - CHICAGO MERCANTILE EXCHANGE,2017-10-31,2017-11-03,531966,54837,62532,63221,215955,99055,39835,119985,2026-08-04 20:52:31.108629
eur,EURO FX - CHICAGO MERCANTILE EXCHANGE,2017-11-07,2017-11-10,528613,56282,62099,58771,221560,99558,41866,130952,2026-08-04 20:52:31.108629
eur,EURO FX - CHICAGO MERCANTILE EXCHANGE,2017-11-14,2017-11-17,554186,65232,70902,67978,224592,96010,42889,140762,2026-08-04 20:52:31.108629
eur,EURO FX - CHICAGO MERCANTILE EXCHANGE,2017-11-21,2017-11-24,554238,50264,55246,71028,232698,101213,41521,195241,2026-08-04 20:52:31.108629
eur,EURO FX - CHICAGO MERCANTILE EXCHANGE,2017-11-28,2017-12-01,596614,59901,67727,80001,240067,98289,41220,214492,2026-08-04 20:52:31.108629
eur,EURO FX - CHICAGO MERCANTILE EXCHANGE,2017-12-05,2017-12-08,600891,60493,66242,81716,237168,100160,43411,212729,2026-08-04 20:52:31.108629
eur,EURO FX - CHICAGO MERCANTILE EXCHANGE,2017-12-12,2017-12-15,580674,63366,55963,71596,235385,105546,43412,210982,2026-08-04 20:52:31.108629
eur,EURO FX - CHICAGO MERCANTILE EXCHANGE,2017-12-19,2017-12-22,561933,59950,67850,56647,234936,105474,48645,210940,2026-08-04 20:52:31.108629
eur,EURO FX - CHICAGO MERCANTILE EXCHANGE,2017-12-26,2017-12-29,570775,68942,74305,55227,230176,105977,48127,215027,2026-08-04 20:52:31.108629
eur,EURO FX - CHICAGO MERCANTILE EXCHANGE,2018-01-02,2018-01-05,632080,91042,65754,66707,239268,107555,53773,257313,2026-08-04 20:52:31.108629
eur,EURO FX - CHICAGO MERCANTILE EXCHANGE,2018-01-09,2018-01-12,631130,98315,57218,52892,260969,110868,48140,294045,2026-08-04 20:52:31.108629
eur,EURO FX - CHICAGO MERCANTILE EXCHANGE,2018-01-16,2018-01-19,689429,97331,65945,71797,269192,117501,61009,298793,2026-08-04 20:52:31.108629
eur,EURO FX - CHICAGO MERCANTILE EXCHANGE,2018-01-23,2018-01-26,711510,107489,61242,77332,270108,118408,64218,324340,2026-08-04 20:52:31.108629
eur,EURO FX - CHICAGO MERCANTILE EXCHANGE,2018-01-30,2018-02-02,728311,106706,44494,88222,262440,118127,68982,333042,2026-08-04 20:52:31.108629
eur,EURO FX - CHICAGO MERCANTILE EXCHANGE,2018-02-06,2018-02-09,722138,100811,45020,88355,262913,119066,72359,324819,2026-08-04 20:52:31.108629
eur,EURO FX - CHICAGO MERCANTILE EXCHANGE,2018-02-13,2018-02-16,652721,84788,45788,59731,252260,116054,75959,312053,2026-08-04 20:52:31.108629
eur,EURO FX - CHICAGO MERCANTILE EXCHANGE,2018-02-20,2018-02-23,661807,80727,48003,61946,251282,111736,80777,308661,2026-08-04 20:52:31.108629
eur,EURO FX - CHICAGO MERCANTILE EXCHANGE,2018-02-27,2018-03-02,666606,86808,49678,63199,241092,110419,80953,301763,2026-08-04 20:52:31.108629
eur,EURO FX - CHICAGO MERCANTILE EXCHANGE,2018-03-06,2018-03-09,654353,69977,44821,67820,244660,104771,87557,304133,2026-08-04 20:52:31.108629
eur,EURO FX - CHICAGO MERCANTILE EXCHANGE,2018-03-13,2018-03-16,654157,74030,43901,65437,247756,100414,84651,303808,2026-08-04 20:52:31.108629
eur,EURO FX - CHICAGO MERCANTILE EXCHANGE,2018-03-20,2018-03-23,570580,69931,51772,51004,239310,89085,43529,260624,2026-08-04 20:52:31.108629
eur,EURO FX - CHICAGO MERCANTILE EXCHANGE,2018-03-27,2018-03-30,591839,77755,59368,53590,244998,83798,44511,272168,2026-08-04 20:52:31.108629
eur,EURO FX - CHICAGO MERCANTILE EXCHANGE,2018-04-03,2018-04-06,572873,67945,53435,52031,242558,81508,42182,260679,2026-08-04 20:52:31.108629
eur,EURO FX - CHICAGO MERCANTILE EXCHANGE,2018-04-10,2018-04-13,566657,74846,54137,40410,252423,79746,36229,278760,2026-08-04 20:52:31.108629
eur,EURO FX - CHICAGO MERCANTILE EXCHANGE,2018-04-17,2018-04-20,566606,75075,51622,39589,256767,78617,37528,279820,2026-08-04 20:52:31.108629
eur,EURO FX - CHICAGO MERCANTILE EXCHANGE,2018-04-24,2018-04-27,562555,53179,49895,46897,262313,77976,38020,263901,2026-08-04 20:52:31.108629
eur,EURO FX - CHICAGO MERCANTILE EXCHANGE,2018-05-01,2018-05-04,608298,59243,59345,63307,269464,79463,41335,267147,2026-08-04 20:52:31.108629
eur,EURO FX - CHICAGO MERCANTILE EXCHANGE,2018-05-08,2018-05-11,603408,66655,61776,53585,264187,89031,48973,263613,2026-08-04 20:52:31.108629
eur,EURO FX - CHICAGO MERCANTILE EXCHANGE,2018-05-15,2018-05-18,596415,51134,61317,56837,261717,91104,56509,242682,2026-08-04 20:52:31.108629
eur,EURO FX - CHICAGO MERCANTILE EXCHANGE,2018-05-22,2018-05-25,626265,49238,66454,71078,262992,95606,62933,238194,2026-08-04 20:52:31.108629
eur,EURO FX - CHICAGO MERCANTILE EXCHANGE,2018-05-29,2018-06-01,687144,60535,80385,87999,251803,102890,77836,236408,2026-08-04 20:52:31.108629
eur,EURO FX - CHICAGO MERCANTILE EXCHANGE,2018-06-05,2018-06-08,700377,52570,93069,86866,258348,108509,91593,219066,2026-08-04 20:52:31.108629
eur,EURO FX - CHICAGO MERCANTILE EXCHANGE,2018-06-12,2018-06-15,680977,44995,93668,57813,275773,113005,92847,228448,2026-08-04 20:52:31.108629
eur,EURO FX - CHICAGO MERCANTILE EXCHANGE,2018-06-19,2018-06-22,575576,35528,92927,62006,263856,116316,50966,160062,2026-08-04 20:52:31.108629
eur,EURO FX - CHICAGO MERCANTILE EXCHANGE,2018-06-26,2018-06-29,577795,33897,97042,60105,267488,118619,50441,157458,2026-08-04 20:52:31.108629
eur,EURO FX - CHICAGO MERCANTILE EXCHANGE,2018-07-03,2018-07-06,581181,37610,97208,61477,261405,117390,51727,159016,2026-08-04 20:52:31.108629
eur,EURO FX - CHICAGO MERCANTILE EXCHANGE,2018-07-10,2018-07-13,544672,35412,106707,41662,250487,115013,59798,140597,2026-08-04 20:52:31.108629
eur,EURO FX - CHICAGO MERCANTILE EXCHANGE,2018-07-17,2018-07-20,560086,32389,102254,43303,265630,115126,58657,156471,2026-08-04 20:52:31.108629
eur,EURO FX - CHICAGO MERCANTILE EXCHANGE,2018-07-24,2018-07-27,569003,33242,101643,44977,269132,114948,55410,163989,2026-08-04 20:52:31.108629
eur,EURO FX - CHICAGO MERCANTILE EXCHANGE,2018-07-31,2018-08-03,568317,33095,100493,42865,274052,115215,45769,169251,2026-08-04 20:52:31.108629
eur,EURO FX - CHICAGO MERCANTILE EXCHANGE,2018-08-07,2018-08-10,574969,33133,115286,43331,275264,121491,50151,147023,2026-08-04 20:52:31.108629
eur,EURO FX - CHICAGO MERCANTILE EXCHANGE,2018-08-14,2018-08-17,627884,46368,133806,62529,273879,126527,49428,136961,2026-08-04 20:52:31.108629
eur,EURO FX - CHICAGO MERCANTILE EXCHANGE,2018-08-21,2018-08-24,621046,40385,143208,56370,275859,128948,68282,131574,2026-08-04 20:52:31.108629
eur,EURO FX - CHICAGO MERCANTILE EXCHANGE,2018-08-28,2018-08-31,615823,29482,131034,59008,274417,125815,63668,139003,2026-08-04 20:52:31.108629
eur,EURO FX - CHICAGO MERCANTILE EXCHANGE,2018-09-04,2018-09-07,622348,30125,121971,61477,276732,125292,55497,147115,2026-08-04 20:52:31.108629
eur,EURO FX - CHICAGO MERCANTILE EXCHANGE,2018-09-11,2018-09-14,612486,28794,102814,48172,266623,123512,56575,142677,2026-08-04 20:52:31.108629
eur,EURO FX - CHICAGO MERCANTILE EXCHANGE,2018-09-18,2018-09-21,525299,33133,108519,38359,269939,129321,21967,106534,2026-08-04 20:52:31.108629
eur,EURO FX - CHICAGO MERCANTILE EXCHANGE,2018-09-25,2018-09-28,544300,30857,117892,44178,276252,127563,22093,124366,2026-08-04 20:52:31.108629
eur,EURO FX - CHICAGO MERCANTILE EXCHANGE,2018-10-02,2018-10-05,555517,37190,116519,49069,274539,131849,24485,116340,2026-08-04 20:52:31.108629
eur,EURO FX - CHICAGO MERCANTILE EXCHANGE,2018-10-09,2018-10-12,553282,33494,117678,44745,275364,142343,25819,105672,2026-08-04 20:52:31.108629
eur,EURO FX - CHICAGO MERCANTILE EXCHANGE,2018-10-16,2018-10-19,532383,25959,110312,42169,280817,142083,25399,102722,2026-08-04 20:52:31.108629
eur,EURO FX - CHICAGO MERCANTILE EXCHANGE,2018-10-23,2018-10-26,560984,29517,118962,45876,282561,148544,30202,99269,2026-08-04 20:52:31.108629
eur,EURO FX - CHICAGO MERCANTILE EXCHANGE,2018-10-30,2018-11-02,592036,36770,124977,54233,279566,152931,36503,98807,2026-08-04 20:52:31.108629
eur,EURO FX - CHICAGO MERCANTILE EXCHANGE,2018-11-06,2018-11-09,590939,26200,128945,50592,290681,156326,34831,97521,2026-08-04 20:52:31.108629
eur,EURO FX - CHICAGO MERCANTILE EXCHANGE,2018-11-13,2018-11-16,590543,37627,130664,47028,302319,158793,41516,104856,2026-08-04 20:52:31.108629
eur,EURO FX - CHICAGO MERCANTILE EXCHANGE,2018-11-20,2018-11-23,598856,32541,137102,48458,297487,159944,37548,93888,2026-08-04 20:52:31.108629
eur,EURO FX - CHICAGO MERCANTILE EXCHANGE,2018-11-27,2018-11-30,604473,24862,138673,52058,298722,160764,35819,95490,2026-08-04 20:52:31.108629
eur,EURO FX - CHICAGO MERCANTILE EXCHANGE,2018-12-04,2018-12-07,614890,27859,130924,60612,295577,167628,40689,95937,2026-08-04 20:52:31.108629
eur,EURO FX - CHICAGO MERCANTILE EXCHANGE,2018-12-11,2018-12-14,664537,27931,125834,46444,298189,170329,39042,96454,2026-08-04 20:52:31.108629
eur,EURO FX - CHICAGO MERCANTILE EXCHANGE,2018-12-18,2018-12-21,557285,24203,113950,45937,300669,181965,42905,98354,2026-08-04 20:52:31.108629
eur,EURO FX - CHICAGO MERCANTILE EXCHANGE,2018-12-24,2018-12-27,560867,22723,118142,43575,305650,177999,40825,108270,2026-08-04 20:52:31.108629
eur,EURO FX - CHICAGO MERCANTILE EXCHANGE,2018-12-31,2019-01-03,557374,24879,115499,44358,306440,176610,42412,110673,2026-08-04 20:52:31.108629
eur,EURO FX - CHICAGO MERCANTILE EXCHANGE,2019-01-08,2019-01-11,560517,27916,114515,39044,310890,167386,41492,130197,2026-08-04 20:52:31.108629
eur,EURO FX - CHICAGO MERCANTILE EXCHANGE,2019-01-15,2019-01-18,577651,30285,113877,43498,313084,161096,38825,141852,2026-08-04 20:52:31.108629
eur,EURO FX - CHICAGO MERCANTILE EXCHANGE,2019-01-22,2019-01-25,580434,27581,113456,41890,316523,162041,38211,141216,2026-08-04 20:52:31.108629
eur,EURO FX - CHICAGO MERCANTILE EXCHANGE,2019-01-29,2019-02-01,578374,27750,112451,43871,316000,159807,38255,141365,2026-08-04 20:52:31.108629
eur,EURO FX - CHICAGO MERCANTILE EXCHANGE,2019-02-05,2019-02-08,571998,27360,108815,35546,318264,156898,35037,147313,2026-08-04 20:52:31.108629
eur,EURO FX - CHICAGO MERCANTILE EXCHANGE,2019-02-12,2019-02-15,586629,34103,122992,36467,312889,167931,43249,127555,2026-08-04 20:52:31.108629
eur,EURO FX - CHICAGO MERCANTILE EXCHANGE,2019-02-19,2019-02-22,590474,27130,122454,40674,310388,168883,45420,120792,2026-08-04 20:52:31.108629
eur,EURO FX - CHICAGO MERCANTILE EXCHANGE,2019-02-26,2019-03-01,584331,27830,112978,42677,300997,174194,48407,116155,2026-08-04 20:52:31.108629
eur,EURO FX - CHICAGO MERCANTILE EXCHANGE,2019-03-05,2019-03-08,600510,41448,125570,40897,299676,176966,50663,109202,2026-08-04 20:52:31.108629
eur,EURO FX - CHICAGO MERCANTILE EXCHANGE,2019-03-12,2019-03-15,585955,30319,120368,42779,293631,179661,56345,92732,2026-08-04 20:52:31.108629
eur,EURO FX - CHICAGO MERCANTILE EXCHANGE,2019-03-19,2019-03-22,530038,23709,115268,34310,295341,173527,32943,75048,2026-08-04 20:52:31.108629
eur,EURO FX - CHICAGO MERCANTILE EXCHANGE,2019-03-26,2019-03-29,544893,24084,119915,37228,295012,166804,31780,80628,2026-08-04 20:52:31.108629
eur,EURO FX - CHICAGO MERCANTILE EXCHANGE,2019-04-02,2019-04-05,565421,23619,139301,42904,294989,174740,36526,66172,2026-08-04 20:52:31.108629
eur,EURO FX - CHICAGO MERCANTILE EXCHANGE,2019-04-09,2019-04-12,547667,22349,136141,36664,292596,169968,36809,70848,2026-08-04 20:52:31.108629
eur,EURO FX - CHICAGO MERCANTILE EXCHANGE,2019-04-16,2019-04-19,553608,24516,135285,37906,298177,165069,36176,80910,2026-08-04 20:52:31.108629
eur,EURO FX - CHICAGO MERCANTILE EXCHANGE,2019-04-23,2019-04-26,569620,28897,142807,41398,297957,166053,38476,76340,2026-08-04 20:52:31.108629
eur,EURO FX - CHICAGO MERCANTILE EXCHANGE,2019-04-30,2019-05-03,586672,27305,147906,48150,303882,168367,36522,72762,2026-08-04 20:52:31.108629
eur,EURO FX - CHICAGO MERCANTILE EXCHANGE,2019-05-07,2019-05-10,573680,25971,150589,40933,305558,163094,40485,78234,2026-08-04 20:52:31.108629
eur,EURO FX - CHICAGO MERCANTILE EXCHANGE,2019-05-14,2019-05-17,556741,25262,146244,36343,301180,155196,36646,82252,2026-08-04 20:52:31.108629
eur,EURO FX - CHICAGO MERCANTILE EXCHANGE,2019-05-21,2019-05-24,572863,26318,146259,41708,305941,160477,38496,87125,2026-08-04 20:52:31.108629
eur,EURO FX - CHICAGO MERCANTILE EXCHANGE,2019-05-28,2019-05-31,595571,26737,143708,50219,302501,162324,37984,88550,2026-08-04 20:52:31.108629
eur,EURO FX - CHICAGO MERCANTILE EXCHANGE,2019-06-04,2019-06-07,586063,28699,135850,52540,302117,163913,33238,96332,2026-08-04 20:52:31.108629
eur,EURO FX - CHICAGO MERCANTILE EXCHANGE,2019-06-11,2019-06-14,597323,21916,135787,43862,304246,152926,34360,105980,2026-08-04 20:52:31.108629
eur,EURO FX - CHICAGO MERCANTILE EXCHANGE,2019-06-18,2019-06-21,559379,25787,124641,39886,298115,151290,36545,123994,2026-08-04 20:52:31.108629
eur,EURO FX - CHICAGO MERCANTILE EXCHANGE,2019-06-25,2019-06-28,590267,27985,127955,49856,310998,146568,35092,139306,2026-08-04 20:52:31.108629
eur,EURO FX - CHICAGO MERCANTILE EXCHANGE,2019-07-02,2019-07-05,583643,26170,120729,46678,315600,144850,35869,145040,2026-08-04 20:52:31.108629
eur,EURO FX - CHICAGO MERCANTILE EXCHANGE,2019-07-09,2019-07-12,572518,26945,126234,35576,311492,152580,38956,139222,2026-08-04 20:52:31.108629
eur,EURO FX - CHICAGO MERCANTILE EXCHANGE,2019-07-16,2019-07-19,595995,29734,128172,38186,315494,157934,39098,138694,2026-08-04 20:52:31.108629
eur,EURO FX - CHICAGO MERCANTILE EXCHANGE,2019-07-23,2019-07-26,610661,29915,135701,41549,320004,161148,44344,131674,2026-08-04 20:52:31.108629
eur,EURO FX - CHICAGO MERCANTILE EXCHANGE,2019-07-30,2019-08-02,633289,29101,142168,45780,335412,175942,46490,125599,2026-08-04 20:52:31.108629
eur,EURO FX - CHICAGO MERCANTILE EXCHANGE,2019-08-06,2019-08-09,618928,34831,128576,45337,316678,186394,48038,113319,2026-08-04 20:52:31.108629
eur,EURO FX - CHICAGO MERCANTILE EXCHANGE,2019-08-13,2019-08-16,613825,23310,137998,41425,342586,165998,42152,130819,2026-08-04 20:52:31.108629
eur,EURO FX - CHICAGO MERCANTILE EXCHANGE,2019-08-20,2019-08-23,613127,25151,127412,44402,337978,167097,38593,135960,2026-08-04 20:52:31.108629
eur,EURO FX - CHICAGO MERCANTILE EXCHANGE,2019-08-27,2019-08-30,600158,26620,124138,52502,314852,164652,39774,122691,2026-08-04 20:52:31.108629
eur,EURO FX - CHICAGO MERCANTILE EXCHANGE,2019-09-03,2019-09-06,652161,38698,142256,68897,310179,165713,43720,113994,2026-08-04 20:52:31.108629
eur,EURO FX - CHICAGO MERCANTILE EXCHANGE,2019-09-10,2019-09-13,653359,31153,136788,54428,300124,166171,49210,101965,2026-08-04 20:52:31.108629
eur,EURO FX - CHICAGO MERCANTILE EXCHANGE,2019-09-17,2019-09-20,578380,26727,140045,44936,293538,166985,47267,95746,2026-08-04 20:52:31.108629
eur,EURO FX - CHICAGO MERCANTILE EXCHANGE,2019-09-24,2019-09-27,578955,23850,123904,48018,295492,167033,43763,100970,2026-08-04 20:52:31.108629
eur,EURO FX - CHICAGO MERCANTILE EXCHANGE,2019-10-01,2019-10-04,601576,33001,138713,54485,293905,174971,44630,95177,2026-08-04 20:52:31.108629
eur,EURO FX - CHICAGO MERCANTILE EXCHANGE,2019-10-08,2019-10-11,570835,31214,146828,35649,301561,171883,46868,91792,2026-08-04 20:52:31.108629
eur,EURO FX - CHICAGO MERCANTILE EXCHANGE,2019-10-15,2019-10-18,575023,29341,138357,35339,307510,169066,44874,105555,2026-08-04 20:52:31.108629
eur,EURO FX - CHICAGO MERCANTILE EXCHANGE,2019-10-22,2019-10-25,593975,34685,136175,39390,317716,158850,38246,135095,2026-08-04 20:52:31.108629
eur,EURO FX - CHICAGO MERCANTILE EXCHANGE,2019-10-29,2019-11-01,599252,37390,136234,36454,328896,159637,36894,143692,2026-08-04 20:52:31.108629
eur,EURO FX - CHICAGO MERCANTILE EXCHANGE,2019-11-05,2019-11-08,624202,36610,145206,38513,349233,155974,36947,155173,2026-08-04 20:52:31.108629
eur,EURO FX - CHICAGO MERCANTILE EXCHANGE,2019-11-12,2019-11-15,616392,34839,139293,32553,352114,166555,36539,158494,2026-08-04 20:52:31.108629
eur,EURO FX - CHICAGO MERCANTILE EXCHANGE,2019-11-19,2019-11-22,625648,41282,132717,33175,351263,176064,38760,155023,2026-08-04 20:52:31.108629
eur,EURO FX - CHICAGO MERCANTILE EXCHANGE,2019-11-26,2019-11-29,629940,39255,142229,33283,349348,174770,37752,150316,2026-08-04 20:52:31.108629
eur,EURO FX - CHICAGO MERCANTILE EXCHANGE,2019-12-03,2019-12-06,648810,42546,138845,40814,351142,181032,34798,151730,2026-08-04 20:52:31.108629
eur,EURO FX - CHICAGO MERCANTILE EXCHANGE,2019-12-10,2019-12-13,690434,42484,148154,35489,347922,172020,33579,144468,2026-08-04 20:52:31.108629
eur,EURO FX - CHICAGO MERCANTILE EXCHANGE,2019-12-17,2019-12-20,591708,37344,148952,34122,343415,161160,30597,137064,2026-08-04 20:52:31.108629
eur,EURO FX - CHICAGO MERCANTILE EXCHANGE,2019-12-24,2019-12-27,582686,36759,159947,27644,338667,153890,27388,134042,2026-08-04 20:52:31.108629
eur,EURO FX - CHICAGO MERCANTILE EXCHANGE,2019-12-31,2020-01-03,616838,38707,171744,38512,340992,146204,30439,144120,2026-08-04 20:52:31.108629
eur,EURO FX - CHICAGO MERCANTILE EXCHANGE,2020-01-07,2020-01-10,597223,34531,161717,29432,347024,139526,27358,157899,2026-08-04 20:52:31.108629
eur,EURO FX - CHICAGO MERCANTILE EXCHANGE,2020-01-14,2020-01-17,614421,34101,152981,31218,346822,148520,28856,164101,2026-08-04 20:52:31.108629
eur,EURO FX - CHICAGO MERCANTILE EXCHANGE,2020-01-21,2020-01-24,627893,35869,148632,34443,352307,154005,27170,168574,2026-08-04 20:52:31.108629
eur,EURO FX - CHICAGO MERCANTILE EXCHANGE,2020-01-28,2020-01-31,655157,44829,164221,39524,358122,171023,31307,159864,2026-08-04 20:52:31.108629
eur,EURO FX - CHICAGO MERCANTILE EXCHANGE,2020-02-04,2020-02-07,651676,35186,169744,39025,364434,171118,30968,148777,2026-08-04 20:52:31.108629
eur,EURO FX - CHICAGO MERCANTILE EXCHANGE,2020-02-11,2020-02-14,672682,37897,181333,42375,380551,168458,28118,146901,2026-08-04 20:52:31.108629
eur,EURO FX - CHICAGO MERCANTILE EXCHANGE,2020-02-18,2020-02-21,696623,40557,190964,53186,370661,171014,32112,137883,2026-08-04 20:52:31.108629
eur,EURO FX - CHICAGO MERCANTILE EXCHANGE,2020-02-25,2020-02-28,710390,36821,200472,60464,381509,173149,32607,121644,2026-08-04 20:52:31.108629
eur,EURO FX - CHICAGO MERCANTILE EXCHANGE,2020-03-03,2020-03-06,752287,34078,189677,74172,392199,143962,27479,166797,2026-08-04 20:52:31.108629
eur,EURO FX - CHICAGO MERCANTILE EXCHANGE,2020-03-10,2020-03-13,754022,31321,146560,75001,410321,104821,30842,281237,2026-08-04 20:52:31.108629
eur,EURO FX - CHICAGO MERCANTILE EXCHANGE,2020-03-17,2020-03-20,680940,33460,105254,61523,386796,96783,35764,305847,2026-08-04 20:52:31.108629
eur,EURO FX - CHICAGO MERCANTILE EXCHANGE,2020-03-24,2020-03-27,666348,34561,88898,67617,357095,92337,39079,295115,2026-08-04 20:52:31.108629
eur,EURO FX - CHICAGO MERCANTILE EXCHANGE,2020-03-31,2020-04-03,634755,37599,81809,57825,343860,84567,37332,300165,2026-08-04 20:52:31.108629
eur,EURO FX - CHICAGO MERCANTILE EXCHANGE,2020-04-07,2020-04-10,615155,41908,77209,45276,338701,88217,34240,309683,2026-08-04 20:52:31.108629
eur,EURO FX - CHICAGO MERCANTILE EXCHANGE,2020-04-14,2020-04-17,600593,44420,72053,42770,332058,86510,33447,308632,2026-08-04 20:52:31.108629
eur,EURO FX - CHICAGO MERCANTILE EXCHANGE,2020-04-21,2020-04-24,608534,47475,71751,45238,332992,86677,32469,306642,2026-08-04 20:52:31.108629
eur,EURO FX - CHICAGO MERCANTILE EXCHANGE,2020-04-28,2020-05-01,608104,48884,72851,46736,324364,91100,37307,295383,2026-08-04 20:52:31.108629
eur,EURO FX - CHICAGO MERCANTILE EXCHANGE,2020-05-05,2020-05-08,605228,46999,76821,48100,319310,93527,39973,287078,2026-08-04 20:52:31.108629
eur,EURO FX - CHICAGO MERCANTILE EXCHANGE,2020-05-12,2020-05-15,598612,45390,76526,37796,321092,98356,45280,286831,2026-08-04 20:52:31.108629
eur,EURO FX - CHICAGO MERCANTILE EXCHANGE,2020-05-19,2020-05-22,601044,43156,78905,38946,322760,105987,43393,280817,2026-08-04 20:52:31.108629
eur,EURO FX - CHICAGO MERCANTILE EXCHANGE,2020-05-26,2020-05-29,609350,46896,81847,38717,331228,107358,39633,288035,2026-08-04 20:52:31.108629
eur,EURO FX - CHICAGO MERCANTILE EXCHANGE,2020-06-02,2020-06-05,648551,45340,84075,47519,336408,98931,40137,304086,2026-08-04 20:52:31.108629
eur,EURO FX - CHICAGO MERCANTILE EXCHANGE,2020-06-09,2020-06-12,655042,50063,85692,38938,344358,87666,35864,329075,2026-08-04 20:52:31.108629
eur,EURO FX - CHICAGO MERCANTILE EXCHANGE,2020-06-16,2020-06-19,637313,46626,67870,38178,348453,89976,26279,336032,2026-08-04 20:52:31.108629
eur,EURO FX - CHICAGO MERCANTILE EXCHANGE,2020-06-23,2020-06-26,648743,48658,68319,39718,349974,91563,27207,344346,2026-08-04 20:52:31.108629
eur,EURO FX - CHICAGO MERCANTILE EXCHANGE,2020-06-30,2020-07-03,643597,40337,73975,41509,354902,92595,26615,336789,2026-08-04 20:52:31.108629
eur,EURO FX - CHICAGO MERCANTILE EXCHANGE,2020-07-07,2020-07-10,646323,44949,75760,34951,358628,84682,25755,356371,2026-08-04 20:52:31.108629
eur,EURO FX - CHICAGO MERCANTILE EXCHANGE,2020-07-14,2020-07-17,667904,48181,80775,41527,379793,77355,25700,373091,2026-08-04 20:52:31.108629
eur,EURO FX - CHICAGO MERCANTILE EXCHANGE,2020-07-21,2020-07-24,710896,54568,71975,50358,393950,72713,25654,411088,2026-08-04 20:52:31.108629
eur,EURO FX - CHICAGO MERCANTILE EXCHANGE,2020-07-28,2020-07-31,768384,74588,80775,62233,408321,70588,26794,457365,2026-08-04 20:52:31.108629
eur,EURO FX - CHICAGO MERCANTILE EXCHANGE,2020-08-04,2020-08-07,795353,85507,74460,66345,408571,70344,27064,486005,2026-08-04 20:52:31.108629
eur,EURO FX - CHICAGO MERCANTILE EXCHANGE,2020-08-11,2020-08-14,776236,90671,65307,50749,409172,69270,27405,498181,2026-08-04 20:52:31.108629
eur,EURO FX - CHICAGO MERCANTILE EXCHANGE,2020-08-18,2020-08-21,785166,87900,61821,56622,415172,69421,28478,502432,2026-08-04 20:52:31.108629
eur,EURO FX - CHICAGO MERCANTILE EXCHANGE,2020-08-25,2020-08-28,780921,81651,51052,54497,415545,76281,28777,501061,2026-08-04 20:52:31.108629
eur,EURO FX - CHICAGO MERCANTILE EXCHANGE,2020-09-01,2020-09-04,777335,78604,52845,54438,408832,81941,31655,486854,2026-08-04 20:52:31.108629
eur,EURO FX - CHICAGO MERCANTILE EXCHANGE,2020-09-08,2020-09-11,742850,78417,53298,39152,400539,85939,29375,467205,2026-08-04 20:52:31.108629
eur,EURO FX - CHICAGO MERCANTILE EXCHANGE,2020-09-15,2020-09-18,710489,64829,48407,37177,394296,90661,29744,446751,2026-08-04 20:52:31.108629
eur,EURO FX - CHICAGO MERCANTILE EXCHANGE,2020-09-22,2020-09-25,725636,72860,54454,38562,390443,89787,29146,446358,2026-08-04 20:52:31.108629
eur,EURO FX - CHICAGO MERCANTILE EXCHANGE,2020-09-29,2020-10-02,717952,76449,48687,40600,376634,91605,29818,441227,2026-08-04 20:52:31.108629
eur,EURO FX - CHICAGO MERCANTILE EXCHANGE,2020-10-06,2020-10-09,711773,67495,49604,39025,377469,77119,31341,450804,2026-08-04 20:52:31.108629
eur,EURO FX - CHICAGO MERCANTILE EXCHANGE,2020-10-13,2020-10-16,693634,62692,55800,30244,376671,72095,30249,441230,2026-08-04 20:52:31.108629
eur,EURO FX - CHICAGO MERCANTILE EXCHANGE,2020-10-20,2020-10-23,698840,66002,56265,35223,369724,72981,30926,441359,2026-08-04 20:52:31.108629
eur,EURO FX - CHICAGO MERCANTILE EXCHANGE,2020-10-27,2020-10-30,691570,60052,55205,35539,364357,72920,34790,432143,2026-08-04 20:52:31.108629
eur,EURO FX - CHICAGO MERCANTILE EXCHANGE,2020-11-03,2020-11-06,680961,49014,60348,31385,364392,78274,44801,417568,2026-08-04 20:52:31.108629
eur,EURO FX - CHICAGO MERCANTILE EXCHANGE,2020-11-10,2020-11-13,683948,54514,60225,29015,372113,75943,42330,427438,2026-08-04 20:52:31.108629
eur,EURO FX - CHICAGO MERCANTILE EXCHANGE,2020-11-17,2020-11-20,686966,54261,60789,30712,373792,70824,42220,430127,2026-08-04 20:52:31.108629
eur,EURO FX - CHICAGO MERCANTILE EXCHANGE,2020-11-24,2020-11-27,694836,55973,58697,34371,379593,68813,39491,439678,2026-08-04 20:52:31.108629
eur,EURO FX - CHICAGO MERCANTILE EXCHANGE,2020-12-01,2020-12-04,719718,61304,58937,41086,372394,72350,48912,441600,2026-08-04 20:52:31.108629
eur,EURO FX - CHICAGO MERCANTILE EXCHANGE,2020-12-08,2020-12-11,733134,72281,59331,35481,373959,73999,44100,449499,2026-08-04 20:52:31.108629
eur,EURO FX - CHICAGO MERCANTILE EXCHANGE,2020-12-15,2020-12-18,707095,65070,48973,31748,379737,75863,35950,450973,2026-08-04 20:52:31.108629
eur,EURO FX - CHICAGO MERCANTILE EXCHANGE,2020-12-21,2020-12-24,716532,66762,48907,39343,382887,75363,34029,453601,2026-08-04 20:52:31.108629
eur,EURO FX - CHICAGO MERCANTILE EXCHANGE,2020-12-29,2021-01-01,725975,66113,51025,36585,399959,75348,32035,469892,2026-08-04 20:52:31.108629
eur,EURO FX - CHICAGO MERCANTILE EXCHANGE,2021-01-05,2021-01-08,729116,65874,55606,35395,400411,72325,33879,471517,2026-08-04 20:52:31.108629
eur,EURO FX - CHICAGO MERCANTILE EXCHANGE,2021-01-12,2021-01-15,721744,67494,50716,30951,402058,69487,30870,479323,2026-08-04 20:52:31.108629
eur,EURO FX - CHICAGO MERCANTILE EXCHANGE,2021-01-19,2021-01-22,722432,76596,52077,29190,391975,56170,32154,492741,2026-08-04 20:52:31.108629
eur,EURO FX - CHICAGO MERCANTILE EXCHANGE,2021-01-26,2021-01-29,726169,73432,49419,30429,394312,55793,34413,495502,2026-08-04 20:52:31.108629
eur,EURO FX - CHICAGO MERCANTILE EXCHANGE,2021-02-02,2021-02-05,729707,70008,55688,34565,388345,54976,34808,476130,2026-08-04 20:52:31.108629
eur,EURO FX - CHICAGO MERCANTILE EXCHANGE,2021-02-09,2021-02-12,717791,67489,52387,28980,390804,53449,29892,475097,2026-08-04 20:52:31.108629
eur,EURO FX - CHICAGO MERCANTILE EXCHANGE,2021-02-16,2021-02-19,718146,65581,51100,27692,399621,57160,28275,478894,2026-08-04 20:52:31.108629
eur,EURO FX - CHICAGO MERCANTILE EXCHANGE,2021-02-23,2021-02-26,743343,71137,55981,29850,404739,58174,27524,483228,2026-08-04 20:52:31.108629
eur,EURO FX - CHICAGO MERCANTILE EXCHANGE,2021-03-02,2021-03-05,746742,71031,58524,36808,405335,65747,31249,464889,2026-08-04 20:52:31.108629
eur,EURO FX - CHICAGO MERCANTILE EXCHANGE,2021-03-09,2021-03-12,766605,62647,70108,37407,399448,72129,36892,443033,2026-08-04 20:52:31.108629
eur,EURO FX - CHICAGO MERCANTILE EXCHANGE,2021-03-16,2021-03-19,684075,47212,65609,27792,409510,69040,28505,428318,2026-08-04 20:52:31.108629
eur,EURO FX - CHICAGO MERCANTILE EXCHANGE,2021-03-23,2021-03-26,690625,48637,64997,30549,403739,71112,29641,426650,2026-08-04 20:52:31.108629
eur,EURO FX - CHICAGO MERCANTILE EXCHANGE,2021-03-30,2021-04-02,706030,56072,75797,35836,390004,78897,39874,414396,2026-08-04 20:52:31.108629
eur,EURO FX - CHICAGO MERCANTILE EXCHANGE,2021-04-06,2021-04-09,695393,46551,68267,37445,392837,76201,38028,410752,2026-08-04 20:52:31.108629
eur,EURO FX - CHICAGO MERCANTILE EXCHANGE,2021-04-13,2021-04-16,688609,51325,69001,28515,397324,72906,37497,421431,2026-08-04 20:52:31.108629
eur,EURO FX - CHICAGO MERCANTILE EXCHANGE,2021-04-20,2021-04-23,709305,56769,65690,31615,398475,64270,37569,447904,2026-08-04 20:52:31.108629
eur,EURO FX - CHICAGO MERCANTILE EXCHANGE,2021-04-27,2021-04-30,719141,60347,65460,30924,400997,68062,38391,456072,2026-08-04 20:52:31.108629
eur,EURO FX - CHICAGO MERCANTILE EXCHANGE,2021-05-04,2021-05-07,723759,58892,68761,30382,404235,67875,39250,460063,2026-08-04 20:52:31.108629
eur,EURO FX - CHICAGO MERCANTILE EXCHANGE,2021-05-11,2021-05-14,738999,68481,72391,29471,413035,68982,28395,475751,2026-08-04 20:52:31.108629
eur,EURO FX - CHICAGO MERCANTILE EXCHANGE,2021-05-18,2021-05-21,775333,69332,75487,31579,446142,67765,26445,507401,2026-08-04 20:52:31.108629
eur,EURO FX - CHICAGO MERCANTILE EXCHANGE,2021-05-25,2021-05-28,790140,70278,74494,36642,450696,68592,26958,518168,2026-08-04 20:52:31.108629
eur,EURO FX - CHICAGO MERCANTILE EXCHANGE,2021-06-01,2021-06-04,789666,68407,70822,34043,458325,68935,26891,524474,2026-08-04 20:52:31.108629
eur,EURO FX - CHICAGO MERCANTILE EXCHANGE,2021-06-08,2021-06-11,778123,63909,73919,25773,457204,67382,24816,519508,2026-08-04 20:52:31.108629
eur,EURO FX - CHICAGO MERCANTILE EXCHANGE,2021-06-15,2021-06-18,734285,49527,54164,23929,459877,69150,16829,504056,2026-08-04 20:52:31.108629
eur,EURO FX - CHICAGO MERCANTILE EXCHANGE,2021-06-22,2021-06-25,751104,51931,67211,37928,453210,83208,19814,461824,2026-08-04 20:52:31.108629
eur,EURO FX - CHICAGO MERCANTILE EXCHANGE,2021-06-29,2021-07-02,759123,49870,64888,39025,454437,84085,21244,460038,2026-08-04 20:52:31.108629
eur,EURO FX - CHICAGO MERCANTILE EXCHANGE,2021-07-06,2021-07-09,772128,51155,70826,47102,451419,90294,23782,446621,2026-08-04 20:52:31.108629
eur,EURO FX - CHICAGO MERCANTILE EXCHANGE,2021-07-13,2021-07-16,753820,62161,80380,39736,430138,96696,27483,420659,2026-08-04 20:52:31.108629
eur,EURO FX - CHICAGO MERCANTILE EXCHANGE,2021-07-20,2021-07-23,744288,56337,83843,38625,415249,109402,45534,393628,2026-08-04 20:52:31.108629
eur,EURO FX - CHICAGO MERCANTILE EXCHANGE,2021-07-27,2021-07-30,737069,53372,83866,39587,404043,114075,46868,382239,2026-08-04 20:52:31.108629
eur,EURO FX - CHICAGO MERCANTILE EXCHANGE,2021-08-03,2021-08-06,732213,50271,89097,36405,402716,110148,47055,379175,2026-08-04 20:52:31.108629
eur,EURO FX - CHICAGO MERCANTILE EXCHANGE,2021-08-10,2021-08-13,755292,56132,96950,35170,413012,122043,55157,375413,2026-08-04 20:52:31.108629
eur,EURO FX - CHICAGO MERCANTILE EXCHANGE,2021-08-17,2021-08-20,747603,56144,92034,35445,405173,125809,51272,369948,2026-08-04 20:52:31.108629
eur,EURO FX - CHICAGO MERCANTILE EXCHANGE,2021-08-24,2021-08-27,750650,59025,83773,39109,402703,133253,52108,364492,2026-08-04 20:52:31.108629
eur,EURO FX - CHICAGO MERCANTILE EXCHANGE,2021-08-31,2021-09-03,752386,53963,94909,39960,407330,133005,51021,361988,2026-08-04 20:52:31.108629
eur,EURO FX - CHICAGO MERCANTILE EXCHANGE,2021-09-07,2021-09-10,734943,49549,82311,29639,409562,123256,39766,375449,2026-08-04 20:52:31.108629
eur,EURO FX - CHICAGO MERCANTILE EXCHANGE,2021-09-14,2021-09-17,692667,46070,74697,28024,412811,121202,21618,361163,2026-08-04 20:52:31.108629
eur,EURO FX - CHICAGO MERCANTILE EXCHANGE,2021-09-21,2021-09-24,710412,46735,80055,32865,427268,133806,20916,351382,2026-08-04 20:52:31.108629
eur,EURO FX - CHICAGO MERCANTILE EXCHANGE,2021-09-28,2021-10-01,720568,50938,98408,36012,416227,137956,28571,329052,2026-08-04 20:52:31.108629
eur,EURO FX - CHICAGO MERCANTILE EXCHANGE,2021-10-05,2021-10-08,755988,51183,120379,45516,420100,141675,44640,324722,2026-08-04 20:52:31.108629
eur,EURO FX - CHICAGO MERCANTILE EXCHANGE,2021-10-12,2021-10-15,747144,59566,120281,36337,406119,145665,55124,319583,2026-08-04 20:52:31.108629
eur,EURO FX - CHICAGO MERCANTILE EXCHANGE,2021-10-19,2021-10-22,727421,49581,102862,35298,409571,150706,46006,318376,2026-08-04 20:52:31.108629
eur,EURO FX - CHICAGO MERCANTILE EXCHANGE,2021-10-26,2021-10-29,729402,55689,107674,33835,398520,152113,53295,311226,2026-08-04 20:52:31.108629
eur,EURO FX - CHICAGO MERCANTILE EXCHANGE,2021-11-02,2021-11-05,732649,56273,97439,36577,395859,156598,55166,318151,2026-08-04 20:52:31.108629
eur,EURO FX - CHICAGO MERCANTILE EXCHANGE,2021-11-09,2021-11-12,722290,53623,90332,34333,395270,156230,49445,318046,2026-08-04 20:52:31.108629
eur,EURO FX - CHICAGO MERCANTILE EXCHANGE,2021-11-16,2021-11-19,781018,60191,102200,52865,398591,167940,59386,316675,2026-08-04 20:52:31.108629
eur,EURO FX - CHICAGO MERCANTILE EXCHANGE,2021-11-23,2021-11-26,790236,60558,112882,56122,398724,176994,61199,297122,2026-08-04 20:52:31.108629
eur,EURO FX - CHICAGO MERCANTILE EXCHANGE,2021-11-30,2021-12-03,780504,55300,112501,57507,393150,173181,57289,292941,2026-08-04 20:52:31.108629
eur,EURO FX - CHICAGO MERCANTILE EXCHANGE,2021-12-07,2021-12-10,768267,49954,103741,49761,395951,160080,50369,296458,2026-08-04 20:52:31.108629
eur,EURO FX - CHICAGO MERCANTILE EXCHANGE,2021-12-14,2021-12-17,713310,44867,104007,49129,404492,166263,33017,275456,2026-08-04 20:52:31.108629
eur,EURO FX - CHICAGO MERCANTILE EXCHANGE,2021-12-21,2021-12-24,719318,49406,106992,47038,409050,169186,33294,277535,2026-08-04 20:52:31.108629
eur,EURO FX - CHICAGO MERCANTILE EXCHANGE,2021-12-28,2021-12-31,719368,51509,106900,44580,410290,167389,34451,284657,2026-08-04 20:52:31.108629
eur,EURO FX - CHICAGO MERCANTILE EXCHANGE,2022-01-04,2022-01-07,726109,48698,102261,41401,405283,172369,41351,290916,2026-08-04 20:52:31.108629
eur,EURO FX - CHICAGO MERCANTILE EXCHANGE,2022-01-11,2022-01-14,723727,53695,105097,36072,405805,167219,41324,296700,2026-08-04 20:52:31.108629
eur,EURO FX - CHICAGO MERCANTILE EXCHANGE,2022-01-18,2022-01-21,741576,56210,104787,40727,413333,154891,44518,320961,2026-08-04 20:52:31.108629
eur,EURO FX - CHICAGO MERCANTILE EXCHANGE,2022-01-25,2022-01-28,732926,55536,105953,42280,408247,141276,43842,324868,2026-08-04 20:52:31.108629
eur,EURO FX - CHICAGO MERCANTILE EXCHANGE,2022-02-01,2022-02-04,741723,52623,103278,49359,402393,147547,42844,320015,2026-08-04 20:52:31.108629
eur,EURO FX - CHICAGO MERCANTILE EXCHANGE,2022-02-08,2022-02-11,753221,57997,100427,43497,415028,130092,42117,356533,2026-08-04 20:52:31.108629
eur,EURO FX - CHICAGO MERCANTILE EXCHANGE,2022-02-15,2022-02-18,760550,52590,95910,44485,424720,125068,41866,377604,2026-08-04 20:52:31.108629
eur,EURO FX - CHICAGO MERCANTILE EXCHANGE,2022-02-22,2022-02-25,755652,49435,82583,48306,417582,118231,40989,387290,2026-08-04 20:52:31.108629
eur,EURO FX - CHICAGO MERCANTILE EXCHANGE,2022-03-01,2022-03-04,798963,65159,83854,64267,418836,133492,46579,387815,2026-08-04 20:52:31.108629
eur,EURO FX - CHICAGO MERCANTILE EXCHANGE,2022-03-08,2022-03-11,805684,86992,93072,66706,404076,157464,45370,341258,2026-08-04 20:52:31.108629
eur,EURO FX - CHICAGO MERCANTILE EXCHANGE,2022-03-15,2022-03-18,731727,61582,88730,60274,400601,158265,40339,301641,2026-08-04 20:52:31.108629
eur,EURO FX - CHICAGO MERCANTILE EXCHANGE,2022-03-22,2022-03-25,721229,69321,84623,57913,388831,151758,36268,303660,2026-08-04 20:52:31.108629
eur,EURO FX - CHICAGO MERCANTILE EXCHANGE,2022-03-29,2022-04-01,724176,69186,77342,60885,389691,148204,32705,314596,2026-08-04 20:52:31.108629
eur,EURO FX - CHICAGO MERCANTILE EXCHANGE,2022-04-05,2022-04-08,738415,68225,78187,66358,395588,162698,32274,300299,2026-08-04 20:52:31.108629
eur,EURO FX - CHICAGO MERCANTILE EXCHANGE,2022-04-12,2022-04-15,742758,72737,72498,61542,394868,174313,38352,298690,2026-08-04 20:52:31.108629
eur,EURO FX - CHICAGO MERCANTILE EXCHANGE,2022-04-19,2022-04-22,743819,68570,78443,60234,400676,178245,37109,288833,2026-08-04 20:52:31.108629
eur,EURO FX - CHICAGO MERCANTILE EXCHANGE,2022-04-26,2022-04-29,770417,70888,90281,69977,403607,183080,38749,287515,2026-08-04 20:52:31.108629
eur,EURO FX - CHICAGO MERCANTILE EXCHANGE,2022-05-03,2022-05-06,787894,67047,95878,77566,392755,187609,51748,285054,2026-08-04 20:52:31.108629
eur,EURO FX - CHICAGO MERCANTILE EXCHANGE,2022-05-10,2022-05-13,775338,70442,97163,67464,407867,184764,41098,292881,2026-08-04 20:52:31.108629
eur,EURO FX - CHICAGO MERCANTILE EXCHANGE,2022-05-17,2022-05-20,777256,73195,97600,69028,405808,176008,37345,305541,2026-08-04 20:52:31.108629
eur,EURO FX - CHICAGO MERCANTILE EXCHANGE,2022-05-24,2022-05-27,782891,71808,90242,67245,411256,167825,32800,321731,2026-08-04 20:52:31.108629
eur,EURO FX - CHICAGO MERCANTILE EXCHANGE,2022-05-31,2022-06-03,778464,72646,83125,70317,416251,160734,29029,336481,2026-08-04 20:52:31.108629
eur,EURO FX - CHICAGO MERCANTILE EXCHANGE,2022-06-07,2022-06-10,779660,70002,80387,73782,416932,156594,27974,340370,2026-08-04 20:52:31.108629
eur,EURO FX - CHICAGO MERCANTILE EXCHANGE,2022-06-14,2022-06-17,728105,57199,86819,51082,404129,166211,35236,307137,2026-08-04 20:52:31.108629
eur,EURO FX - CHICAGO MERCANTILE EXCHANGE,2022-06-21,2022-06-24,730456,63487,82347,53964,395672,164090,39281,314985,2026-08-04 20:52:31.108629
eur,EURO FX - CHICAGO MERCANTILE EXCHANGE,2022-06-28,2022-07-01,729664,60868,79550,54000,400123,152465,40152,326550,2026-08-04 20:52:31.108629
eur,EURO FX - CHICAGO MERCANTILE EXCHANGE,2022-07-05,2022-07-08,754360,63408,97523,66981,402816,153639,34662,299099,2026-08-04 20:52:31.108629
eur,EURO FX - CHICAGO MERCANTILE EXCHANGE,2022-07-12,2022-07-15,758650,66720,92604,63806,392039,166392,45942,290692,2026-08-04 20:52:31.108629
eur,EURO FX - CHICAGO MERCANTILE EXCHANGE,2022-07-19,2022-07-22,771127,62319,98811,66361,385724,170481,64120,297041,2026-08-04 20:52:31.108629
eur,EURO FX - CHICAGO MERCANTILE EXCHANGE,2022-07-26,2022-07-29,774144,66243,109808,70999,390346,164333,58753,293903,2026-08-04 20:52:31.108629
eur,EURO FX - CHICAGO MERCANTILE EXCHANGE,2022-08-02,2022-08-05,760557,61620,95323,67408,398161,161674,48639,301757,2026-08-04 20:52:31.108629
eur,EURO FX - CHICAGO MERCANTILE EXCHANGE,2022-08-09,2022-08-12,752202,65671,92211,57335,397050,170455,52676,303312,2026-08-04 20:52:31.108629
eur,EURO FX - CHICAGO MERCANTILE EXCHANGE,2022-08-16,2022-08-19,764836,63529,97783,61365,400397,178114,57192,297868,2026-08-04 20:52:31.108629
eur,EURO FX - CHICAGO MERCANTILE EXCHANGE,2022-08-23,2022-08-26,799141,74627,109205,66322,401490,193412,64882,287452,2026-08-04 20:52:31.108629
eur,EURO FX - CHICAGO MERCANTILE EXCHANGE,2022-08-30,2022-09-02,796262,68720,107243,71509,397508,199613,69146,278798,2026-08-04 20:52:31.108629
eur,EURO FX - CHICAGO MERCANTILE EXCHANGE,2022-09-06,2022-09-09,807381,64953,102807,76837,404082,196053,64859,283680,2026-08-04 20:52:31.108629
eur,EURO FX - CHICAGO MERCANTILE EXCHANGE,2022-09-13,2022-09-16,797971,68102,104138,64939,405224,168088,47262,302890,2026-08-04 20:52:31.108629
eur,EURO FX - CHICAGO MERCANTILE EXCHANGE,2022-09-20,2022-09-23,726721,67092,107952,55380,408857,162965,27400,282465,2026-08-04 20:52:31.108629
eur,EURO FX - CHICAGO MERCANTILE EXCHANGE,2022-09-27,2022-09-30,749001,65553,110848,72997,397335,160976,27009,274103,2026-08-04 20:52:31.108629
eur,EURO FX - CHICAGO MERCANTILE EXCHANGE,2022-10-04,2022-10-07,737733,61641,91543,78229,396661,161300,29719,277491,2026-08-04 20:52:31.108629
eur,EURO FX - CHICAGO MERCANTILE EXCHANGE,2022-10-11,2022-10-14,718643,59365,93147,62018,396045,168899,31614,275618,2026-08-04 20:52:31.108629
eur,EURO FX - CHICAGO MERCANTILE EXCHANGE,2022-10-18,2022-10-21,717072,61591,83975,62277,397569,161377,28804,293999,2026-08-04 20:52:31.108629
eur,EURO FX - CHICAGO MERCANTILE EXCHANGE,2022-10-25,2022-10-28,767894,73625,93403,75715,414179,147760,27167,321052,2026-08-04 20:52:31.108629
eur,EURO FX - CHICAGO MERCANTILE EXCHANGE,2022-11-01,2022-11-04,778406,78217,90568,78627,417954,131730,26958,354936,2026-08-04 20:52:31.108629
eur,EURO FX - CHICAGO MERCANTILE EXCHANGE,2022-11-08,2022-11-11,770108,71625,81510,74695,419370,124407,26948,366909,2026-08-04 20:52:31.108629
eur,EURO FX - CHICAGO MERCANTILE EXCHANGE,2022-11-15,2022-11-18,798185,69203,84496,84249,427550,109119,31497,400627,2026-08-04 20:52:31.108629
eur,EURO FX - CHICAGO MERCANTILE EXCHANGE,2022-11-22,2022-11-25,789443,70666,78233,83304,429575,102109,28955,412354,2026-08-04 20:52:31.108629
eur,EURO FX - CHICAGO MERCANTILE EXCHANGE,2022-11-29,2022-12-02,809088,68955,82566,88488,439160,98592,31928,418637,2026-08-04 20:52:31.108629
eur,EURO FX - CHICAGO MERCANTILE EXCHANGE,2022-12-06,2022-12-09,841667,67605,82858,94673,449188,99925,39778,434668,2026-08-04 20:52:31.108629
eur,EURO FX - CHICAGO MERCANTILE EXCHANGE,2022-12-13,2022-12-16,882260,74629,80723,92923,473236,96323,39194,468775,2026-08-04 20:52:31.108629
eur,EURO FX - CHICAGO MERCANTILE EXCHANGE,2022-12-20,2022-12-23,838086,80192,97420,71265,480324,90313,33344,476164,2026-08-04 20:52:31.108629
eur,EURO FX - CHICAGO MERCANTILE EXCHANGE,2022-12-27,2022-12-30,840548,84412,95039,71107,481043,86225,32469,484737,2026-08-04 20:52:31.108629
eur,EURO FX - CHICAGO MERCANTILE EXCHANGE,2023-01-03,2023-01-06,823286,70798,78921,74924,461260,82279,44094,485667,2026-08-04 20:52:31.108629
eur,EURO FX - CHICAGO MERCANTILE EXCHANGE,2023-01-10,2023-01-13,854218,84510,90624,68534,469060,77733,44481,507504,2026-08-04 20:52:31.108629
eur,EURO FX - CHICAGO MERCANTILE EXCHANGE,2023-01-17,2023-01-20,867476,69978,84720,72121,490152,76830,41033,521644,2026-08-04 20:52:31.108629
eur,EURO FX - CHICAGO MERCANTILE EXCHANGE,2023-01-24,2023-01-27,904466,73837,83656,83653,507138,74934,38897,544097,2026-08-04 20:52:31.108629
eur,EURO FX - CHICAGO MERCANTILE EXCHANGE,2023-01-31,2023-02-03,923156,79382,75420,85499,517832,75675,39490,567479,2026-08-04 20:52:31.108629
eur,EURO FX - CHICAGO MERCANTILE EXCHANGE,2023-02-07,2023-02-10,904296,67290,57108,84132,525570,78631,39034,568397,2026-08-04 20:52:31.108629
eur,EURO FX - CHICAGO MERCANTILE EXCHANGE,2023-02-14,2023-02-17,912944,71090,58441,85254,523869,72822,41113,575373,2026-08-04 20:52:31.108629
eur,EURO FX - CHICAGO MERCANTILE EXCHANGE,2023-02-21,2023-02-24,907115,68197,55575,88115,519840,75541,44046,571952,2026-08-04 20:52:31.108629
eur,EURO FX - CHICAGO MERCANTILE EXCHANGE,2023-02-28,2023-03-03,927384,71907,59506,94477,524519,80348,44152,574298,2026-08-04 20:52:31.108629
eur,EURO FX - CHICAGO MERCANTILE EXCHANGE,2023-03-07,2023-03-10,911721,69701,62100,73801,514520,80477,48090,569503,2026-08-04 20:52:31.108629
eur,EURO FX - CHICAGO MERCANTILE EXCHANGE,2023-03-14,2023-03-17,851642,61236,56759,69093,514014,84538,20835,526760,2026-08-04 20:52:31.108629
eur,EURO FX - CHICAGO MERCANTILE EXCHANGE,2023-03-21,2023-03-24,862872,59133,50671,84701,510074,82545,21349,530066,2026-08-04 20:52:31.108629
eur,EURO FX - CHICAGO MERCANTILE EXCHANGE,2023-03-28,2023-03-31,858764,55460,56121,89116,505227,80520,26161,521326,2026-08-04 20:52:31.108629
eur,EURO FX - CHICAGO MERCANTILE EXCHANGE,2023-04-04,2023-04-07,884761,62991,60784,98196,505325,74591,23690,534252,2026-08-04 20:52:31.108629
eur,EURO FX - CHICAGO MERCANTILE EXCHANGE,2023-04-11,2023-04-14,871865,62562,66862,80924,518007,74646,24684,541012,2026-08-04 20:52:31.108629
eur,EURO FX - CHICAGO MERCANTILE EXCHANGE,2023-04-18,2023-04-21,887346,59792,61339,88127,527927,73704,25349,554650,2026-08-04 20:52:31.108629
eur,EURO FX - CHICAGO MERCANTILE EXCHANGE,2023-04-25,2023-04-28,899364,63282,59834,91084,535457,74655,25093,567113,2026-08-04 20:52:31.108629
eur,EURO FX - CHICAGO MERCANTILE EXCHANGE,2023-05-02,2023-05-05,906575,64536,57959,100096,534808,76172,25307,561916,2026-08-04 20:52:31.108629
eur,EURO FX - CHICAGO MERCANTILE EXCHANGE,2023-05-09,2023-05-12,909445,68097,68857,91936,543790,76477,24701,568687,2026-08-04 20:52:31.108629
eur,EURO FX - CHICAGO MERCANTILE EXCHANGE,2023-05-16,2023-05-19,896361,59602,56567,92911,544864,78439,22101,567449,2026-08-04 20:52:31.108629
eur,EURO FX - CHICAGO MERCANTILE EXCHANGE,2023-05-23,2023-05-26,892595,59348,63703,97297,536624,76762,20753,554108,2026-08-04 20:52:31.108629
eur,EURO FX - CHICAGO MERCANTILE EXCHANGE,2023-05-30,2023-06-02,892114,57631,58615,103297,529089,78643,21222,545615,2026-08-04 20:52:31.108629
eur,EURO FX - CHICAGO MERCANTILE EXCHANGE,2023-06-06,2023-06-09,905248,60786,60813,113271,521643,83080,23010,533471,2026-08-04 20:52:31.108629
eur,EURO FX - CHICAGO MERCANTILE EXCHANGE,2023-06-13,2023-06-16,917698,62641,55214,88917,497425,79169,20494,516934,2026-08-04 20:52:31.108629
eur,EURO FX - CHICAGO MERCANTILE EXCHANGE,2023-06-20,2023-06-23,842090,59028,61880,84916,501913,82868,20804,513765,2026-08-04 20:52:31.108629
eur,EURO FX - CHICAGO MERCANTILE EXCHANGE,2023-06-27,2023-06-30,843256,63311,58688,86537,500155,79648,19448,517164,2026-08-04 20:52:31.108629
eur,EURO FX - CHICAGO MERCANTILE EXCHANGE,2023-07-03,2023-07-06,838195,61488,56680,84629,504344,79445,17819,516600,2026-08-04 20:52:31.108629
eur,EURO FX - CHICAGO MERCANTILE EXCHANGE,2023-07-11,2023-07-14,836442,61560,64069,78763,505816,78594,18090,516247,2026-08-04 20:52:31.108629
eur,EURO FX - CHICAGO MERCANTILE EXCHANGE,2023-07-18,2023-07-21,910121,82884,64760,96470,527913,77657,18686,558811,2026-08-04 20:52:31.108629
eur,EURO FX - CHICAGO MERCANTILE EXCHANGE,2023-07-25,2023-07-28,883124,74986,56140,91955,513252,76934,18399,550966,2026-08-04 20:52:31.108629
eur,EURO FX - CHICAGO MERCANTILE EXCHANGE,2023-08-01,2023-08-04,866417,65728,55264,89665,513574,79699,19448,534822,2026-08-04 20:52:31.108629
eur,EURO FX - CHICAGO MERCANTILE EXCHANGE,2023-08-08,2023-08-11,860124,59103,65022,83226,520644,79630,24320,527774,2026-08-04 20:52:31.108629
eur,EURO FX - CHICAGO MERCANTILE EXCHANGE,2023-08-15,2023-08-18,863944,61482,59795,88585,517111,80018,22539,529117,2026-08-04 20:52:31.108629
eur,EURO FX - CHICAGO MERCANTILE EXCHANGE,2023-08-22,2023-08-25,858104,74125,67120,90143,490576,83933,28079,504148,2026-08-04 20:52:31.108629
eur,EURO FX - CHICAGO MERCANTILE EXCHANGE,2023-08-29,2023-09-01,856741,66525,63901,96862,487124,96520,26668,482707,2026-08-04 20:52:31.108629
eur,EURO FX - CHICAGO MERCANTILE EXCHANGE,2023-09-05,2023-09-08,880232,66271,72692,107954,486963,102062,29235,470196,2026-08-04 20:52:31.108629
eur,EURO FX - CHICAGO MERCANTILE EXCHANGE,2023-09-12,2023-09-15,846117,57844,65644,91103,470704,107265,25472,440531,2026-08-04 20:52:31.108629
eur,EURO FX - CHICAGO MERCANTILE EXCHANGE,2023-09-19,2023-09-22,801072,49305,72611,84498,472100,113424,18277,404966,2026-08-04 20:52:31.108629
eur,EURO FX - CHICAGO MERCANTILE EXCHANGE,2023-09-26,2023-09-29,815841,55448,79394,90733,465631,120625,16969,388019,2026-08-04 20:52:31.108629
eur,EURO FX - CHICAGO MERCANTILE EXCHANGE,2023-10-03,2023-10-06,827051,57646,79382,98249,461869,128691,16043,375992,2026-08-04 20:52:31.108629
eur,EURO FX - CHICAGO MERCANTILE EXCHANGE,2023-10-10,2023-10-13,778278,53787,74439,71123,462432,126458,17380,378557,2026-08-04 20:52:31.108629
eur,EURO FX - CHICAGO MERCANTILE EXCHANGE,2023-10-17,2023-10-20,794547,57899,77096,73549,466874,130905,19300,380201,2026-08-04 20:52:31.108629
eur,EURO FX - CHICAGO MERCANTILE EXCHANGE,2023-10-24,2023-10-27,801549,59950,76067,76047,467367,123647,18349,393286,2026-08-04 20:52:31.108629
eur,EURO FX - CHICAGO MERCANTILE EXCHANGE,2023-10-31,2023-11-03,795190,56358,78812,76952,464545,122182,18694,386989,2026-08-04 20:52:31.108629
eur,EURO FX - CHICAGO MERCANTILE EXCHANGE,2023-11-07,2023-11-10,794612,58107,75845,77228,465094,119557,19706,398361,2026-08-04 20:52:31.108629
eur,EURO FX - CHICAGO MERCANTILE EXCHANGE,2023-11-14,2023-11-17,810584,61682,72314,88487,462616,115097,19494,412492,2026-08-04 20:52:31.108629
eur,EURO FX - CHICAGO MERCANTILE EXCHANGE,2023-11-21,2023-11-24,822548,59437,67406,91942,471245,100358,19114,443027,2026-08-04 20:52:31.108629
eur,EURO FX - CHICAGO MERCANTILE EXCHANGE,2023-11-28,2023-12-01,841098,63258,64752,97386,481825,95127,19957,461810,2026-08-04 20:52:31.108629
eur,EURO FX - CHICAGO MERCANTILE EXCHANGE,2023-12-05,2023-12-08,878992,57599,68004,112905,495894,93286,19547,474182,2026-08-04 20:52:31.108629
eur,EURO FX - CHICAGO MERCANTILE EXCHANGE,2023-12-12,2023-12-15,870985,64697,74789,73522,479915,98849,21035,451365,2026-08-04 20:52:31.108629
eur,EURO FX - CHICAGO MERCANTILE EXCHANGE,2023-12-19,2023-12-22,786857,52671,78499,68162,476621,97009,18257,424754,2026-08-04 20:52:31.108629
eur,EURO FX - CHICAGO MERCANTILE EXCHANGE,2023-12-26,2023-12-29,795049,55667,78311,73331,475515,95116,18666,430482,2026-08-04 20:52:31.108629
eur,EURO FX - CHICAGO MERCANTILE EXCHANGE,2024-01-02,2024-01-05,810765,71351,81473,70362,475093,91734,17789,448116,2026-08-04 20:52:31.108629
eur,EURO FX - CHICAGO MERCANTILE EXCHANGE,2024-01-09,2024-01-12,787261,66581,69754,57799,478265,94758,19661,456974,2026-08-04 20:52:31.108629
eur,EURO FX - CHICAGO MERCANTILE EXCHANGE,2024-01-16,2024-01-19,809764,64513,74005,60295,496812,96496,19060,460451,2026-08-04 20:52:31.108629
eur,EURO FX - CHICAGO MERCANTILE EXCHANGE,2024-01-23,2024-01-26,804703,58606,77465,63385,493756,97223,19159,443965,2026-08-04 20:52:31.108629
eur,EURO FX - CHICAGO MERCANTILE EXCHANGE,2024-01-30,2024-02-02,818717,62669,75215,73602,487166,110516,21304,432423,2026-08-04 20:52:31.108629
eur,EURO FX - CHICAGO MERCANTILE EXCHANGE,2024-02-06,2024-02-09,835474,60086,95943,81109,484734,127919,25742,393370,2026-08-04 20:52:31.108629
eur,EURO FX - CHICAGO MERCANTILE EXCHANGE,2024-02-13,2024-02-16,826601,66607,102172,68769,484247,135052,29704,383395,2026-08-04 20:52:31.108629
eur,EURO FX - CHICAGO MERCANTILE EXCHANGE,2024-02-20,2024-02-23,807166,68227,82712,68035,462282,142041,33207,382044,2026-08-04 20:52:31.108629
eur,EURO FX - CHICAGO MERCANTILE EXCHANGE,2024-02-27,2024-03-01,805768,67358,85908,74971,460159,135025,22505,378364,2026-08-04 20:52:31.108629
eur,EURO FX - CHICAGO MERCANTILE EXCHANGE,2024-03-05,2024-03-08,796532,68049,84381,75509,440753,124622,25423,378582,2026-08-04 20:52:31.108629
eur,EURO FX - CHICAGO MERCANTILE EXCHANGE,2024-03-12,2024-03-15,797868,60493,81787,81176,437476,107695,22098,379579,2026-08-04 20:52:31.108629
eur,EURO FX - CHICAGO MERCANTILE EXCHANGE,2024-03-19,2024-03-22,740117,62884,95805,62540,422151,114293,19868,338034,2026-08-04 20:52:31.108629
eur,EURO FX - CHICAGO MERCANTILE EXCHANGE,2024-03-26,2024-03-29,747280,59429,98656,66808,422357,126135,19672,316634,2026-08-04 20:52:31.108629
eur,EURO FX - CHICAGO MERCANTILE EXCHANGE,2024-04-02,2024-04-05,780231,72406,111113,67514,424003,153486,37874,300340,2026-08-04 20:52:31.108629
eur,EURO FX - CHICAGO MERCANTILE EXCHANGE,2024-04-09,2024-04-12,725463,56856,93297,56692,421711,136328,25219,306620,2026-08-04 20:52:31.108629
eur,EURO FX - CHICAGO MERCANTILE EXCHANGE,2024-04-16,2024-04-19,750689,60799,116726,58340,416058,145922,42326,288603,2026-08-04 20:52:31.108629
eur,EURO FX - CHICAGO MERCANTILE EXCHANGE,2024-04-23,2024-04-26,753918,52686,104990,62931,409148,163585,60606,284887,2026-08-04 20:52:31.108629
eur,EURO FX - CHICAGO MERCANTILE EXCHANGE,2024-04-30,2024-05-03,745464,58260,98424,63723,408832,164878,46829,280374,2026-08-04 20:52:31.108629
eur,EURO FX - CHICAGO MERCANTILE EXCHANGE,2024-05-07,2024-05-10,743296,56389,88789,68020,413053,164504,38391,285133,2026-08-04 20:52:31.108629
eur,EURO FX - CHICAGO MERCANTILE EXCHANGE,2024-05-14,2024-05-17,752332,62119,83566,73740,418616,158736,28404,300167,2026-08-04 20:52:31.108629
eur,EURO FX - CHICAGO MERCANTILE EXCHANGE,2024-05-21,2024-05-24,750132,58734,73960,78385,421735,138510,16715,324787,2026-08-04 20:52:31.108629
eur,EURO FX - CHICAGO MERCANTILE EXCHANGE,2024-05-28,2024-05-31,766385,57591,63674,87630,427700,136625,17670,343980,2026-08-04 20:52:31.108629
eur,EURO FX - CHICAGO MERCANTILE EXCHANGE,2024-06-04,2024-06-07,779063,64164,60775,88878,428858,125957,16669,368031,2026-08-04 20:52:31.108629
eur,EURO FX - CHICAGO MERCANTILE EXCHANGE,2024-06-11,2024-06-14,815200,59167,80475,85132,431181,134173,20700,340347,2026-08-04 20:52:31.108629
eur,EURO FX - CHICAGO MERCANTILE EXCHANGE,2024-06-18,2024-06-21,780088,59140,90323,102453,422700,148101,13213,293683,2026-08-04 20:52:31.108629
eur,EURO FX - CHICAGO MERCANTILE EXCHANGE,2024-06-25,2024-06-28,781218,60418,95849,100820,419207,153493,14572,281174,2026-08-04 20:52:31.108629
eur,EURO FX - CHICAGO MERCANTILE EXCHANGE,2024-07-02,2024-07-05,757293,57249,89252,90903,414680,169343,9063,261460,2026-08-04 20:52:31.108629
eur,EURO FX - CHICAGO MERCANTILE EXCHANGE,2024-07-09,2024-07-12,743959,58862,83764,82658,415254,160358,10099,278276,2026-08-04 20:52:31.108629
eur,EURO FX - CHICAGO MERCANTILE EXCHANGE,2024-07-16,2024-07-19,765304,75364,81193,86993,422536,153224,9692,305059,2026-08-04 20:52:31.108629
eur,EURO FX - CHICAGO MERCANTILE EXCHANGE,2024-07-23,2024-07-26,784894,67907,79889,87417,447010,151719,10354,326227,2026-08-04 20:52:31.108629
eur,EURO FX - CHICAGO MERCANTILE EXCHANGE,2024-07-30,2024-08-02,776791,57731,93838,86018,446736,160064,13196,297405,2026-08-04 20:52:31.108629
eur,EURO FX - CHICAGO MERCANTILE EXCHANGE,2024-08-06,2024-08-09,798694,63112,88892,92099,454000,155740,10744,319544,2026-08-04 20:52:31.108629
eur,EURO FX - CHICAGO MERCANTILE EXCHANGE,2024-08-13,2024-08-16,783609,62593,93023,86816,448058,148376,10449,319807,2026-08-04 20:52:31.108629
eur,EURO FX - CHICAGO MERCANTILE EXCHANGE,2024-08-20,2024-08-23,823997,74138,76170,95018,454926,131416,13080,379834,2026-08-04 20:52:31.108629
eur,EURO FX - CHICAGO MERCANTILE EXCHANGE,2024-08-27,2024-08-30,866780,92795,75475,101805,463420,121042,14541,430008,2026-08-04 20:52:31.108629
eur,EURO FX - CHICAGO MERCANTILE EXCHANGE,2024-09-03,2024-09-06,866369,85236,68732,98995,461363,115243,14258,434229,2026-08-04 20:52:31.108629
eur,EURO FX - CHICAGO MERCANTILE EXCHANGE,2024-09-10,2024-09-13,847516,67423,67832,90289,458149,118220,14501,410286,2026-08-04 20:52:31.108629
eur,EURO FX - CHICAGO MERCANTILE EXCHANGE,2024-09-17,2024-09-20,788472,71201,69838,74696,450051,121871,14265,403120,2026-08-04 20:52:31.108629
eur,EURO FX - CHICAGO MERCANTILE EXCHANGE,2024-09-24,2024-09-27,791908,69359,69452,78683,451014,125915,16108,392738,2026-08-04 20:52:31.108629
eur,EURO FX - CHICAGO MERCANTILE EXCHANGE,2024-10-01,2024-10-04,789795,67052,74183,81020,444785,127343,13688,374754,2026-08-04 20:52:31.108629
eur,EURO FX - CHICAGO MERCANTILE EXCHANGE,2024-10-08,2024-10-11,757850,65361,66941,73609,426830,137662,16752,350829,2026-08-04 20:52:31.108629
eur,EURO FX - CHICAGO MERCANTILE EXCHANGE,2024-10-15,2024-10-18,752810,57050,69607,80292,403226,153729,38293,315116,2026-08-04 20:52:31.108629
eur,EURO FX - CHICAGO MERCANTILE EXCHANGE,2024-10-22,2024-10-25,757721,54467,88875,86335,392731,172819,40000,264635,2026-08-04 20:52:31.108629
eur,EURO FX - CHICAGO MERCANTILE EXCHANGE,2024-10-29,2024-11-01,771366,53509,109364,91734,388425,171256,58167,245101,2026-08-04 20:52:31.108629
eur,EURO FX - CHICAGO MERCANTILE EXCHANGE,2024-11-05,2024-11-08,753750,55912,105082,95712,383545,140445,36002,257668,2026-08-04 20:52:31.108629
eur,EURO FX - CHICAGO MERCANTILE EXCHANGE,2024-11-12,2024-11-15,746601,58477,108862,90520,379375,141415,31182,258362,2026-08-04 20:52:31.108629
eur,EURO FX - CHICAGO MERCANTILE EXCHANGE,2024-11-19,2024-11-22,777380,57516,119263,90746,365850,159317,68843,242149,2026-08-04 20:52:31.108629
eur,EURO FX - CHICAGO MERCANTILE EXCHANGE,2024-11-26,2024-11-29,807589,60133,116405,106640,364959,168639,71916,239516,2026-08-04 20:52:31.108629
eur,EURO FX - CHICAGO MERCANTILE EXCHANGE,2024-12-03,2024-12-06,813760,58532,123374,105526,356660,178505,86583,231849,2026-08-04 20:52:31.108629
eur,EURO FX - CHICAGO MERCANTILE EXCHANGE,2024-12-10,2024-12-13,839242,56285,125559,93496,356396,167761,84648,226968,2026-08-04 20:52:31.108629
eur,EURO FX - CHICAGO MERCANTILE EXCHANGE,2024-12-17,2024-12-20,696365,58211,119982,85793,358177,169338,22252,171223,2026-08-04 20:52:31.108629
eur,EURO FX - CHICAGO MERCANTILE EXCHANGE,2024-12-24,2024-12-27,718867,55455,117596,97075,353172,175197,31704,163992,2026-08-04 20:52:31.108629
eur,EURO FX - CHICAGO MERCANTILE EXCHANGE,2024-12-31,2025-01-03,735274,62407,123319,102248,350315,181526,31776,162202,2026-08-04 20:52:31.108629
eur,EURO FX - CHICAGO MERCANTILE EXCHANGE,2025-01-07,2025-01-10,686524,59897,115128,70152,343382,181908,31142,156413,2026-08-04 20:52:31.108629
eur,EURO FX - CHICAGO MERCANTILE EXCHANGE,2025-01-14,2025-01-17,696457,57401,111935,79984,342352,174315,34963,161726,2026-08-04 20:52:31.108629
eur,EURO FX - CHICAGO MERCANTILE EXCHANGE,2025-01-21,2025-01-24,710455,63493,111373,82436,349302,178713,24081,165738,2026-08-04 20:52:31.108629
eur,EURO FX - CHICAGO MERCANTILE EXCHANGE,2025-01-28,2025-01-31,728978,57410,109666,98939,363085,172159,16109,181605,2026-08-04 20:52:31.108629
eur,EURO FX - CHICAGO MERCANTILE EXCHANGE,2025-02-04,2025-02-07,749873,57532,111427,113154,359026,174809,16094,166173,2026-08-04 20:52:31.108629
eur,EURO FX - CHICAGO MERCANTILE EXCHANGE,2025-02-11,2025-02-14,741263,58233,114326,99059,362977,176917,16597,170527,2026-08-04 20:52:31.108629
eur,EURO FX - CHICAGO MERCANTILE EXCHANGE,2025-02-18,2025-02-21,764845,59518,102756,107225,371002,173008,20476,197490,2026-08-04 20:52:31.108629
eur,EURO FX - CHICAGO MERCANTILE EXCHANGE,2025-02-25,2025-02-28,790547,64006,101343,107955,381335,164482,19768,227366,2026-08-04 20:52:31.108629
eur,EURO FX - CHICAGO MERCANTILE EXCHANGE,2025-03-04,2025-03-07,841234,70619,108866,122844,393860,154045,22461,254975,2026-08-04 20:52:31.108629
eur,EURO FX - CHICAGO MERCANTILE EXCHANGE,2025-03-11,2025-03-14,885469,69753,99336,127355,398442,135683,31341,297274,2026-08-04 20:52:31.108629
eur,EURO FX - CHICAGO MERCANTILE EXCHANGE,2025-03-18,2025-03-21,802042,68868,73080,113502,398344,121106,21888,338017,2026-08-04 20:52:31.108629
eur,EURO FX - CHICAGO MERCANTILE EXCHANGE,2025-03-25,2025-03-28,807610,71829,63634,105307,409282,124942,22343,356207,2026-08-04 20:52:31.108629
eur,EURO FX - CHICAGO MERCANTILE EXCHANGE,2025-04-01,2025-04-04,809899,70822,58925,113476,402108,126553,24482,341909,2026-08-04 20:52:31.108629
eur,EURO FX - CHICAGO MERCANTILE EXCHANGE,2025-04-08,2025-04-11,833421,65296,52604,113854,434357,128742,32214,374676,2026-08-04 20:52:31.108629
eur,EURO FX - CHICAGO MERCANTILE EXCHANGE,2025-04-15,2025-04-18,872209,66956,61317,126449,438542,128375,33807,402671,2026-08-04 20:52:31.108629
eur,EURO FX - CHICAGO MERCANTILE EXCHANGE,2025-04-22,2025-04-25,894547,71856,69245,132733,439441,122454,35457,413913,2026-08-04 20:52:31.108629
eur,EURO FX - CHICAGO MERCANTILE EXCHANGE,2025-04-29,2025-05-02,902895,67585,65026,144076,441739,119502,34834,419504,2026-08-04 20:52:31.108629
eur,EURO FX - CHICAGO MERCANTILE EXCHANGE,2025-05-06,2025-05-09,916543,61614,69082,153942,446614,119738,34379,425728,2026-08-04 20:52:31.108629
eur,EURO FX - CHICAGO MERCANTILE EXCHANGE,2025-05-13,2025-05-16,898004,64533,69847,132916,456848,120980,35629,427506,2026-08-04 20:52:31.108629
eur,EURO FX - CHICAGO MERCANTILE EXCHANGE,2025-05-20,2025-05-23,916849,66207,79311,133983,460838,125651,48547,432567,2026-08-04 20:52:31.108629
eur,EURO FX - CHICAGO MERCANTILE EXCHANGE,2025-05-27,2025-05-30,925119,62050,78089,136124,467201,127714,50905,437976,2026-08-04 20:52:31.108629
eur,EURO FX - CHICAGO MERCANTILE EXCHANGE,2025-06-03,2025-06-06,948636,61612,76967,142344,469561,124681,49810,453257,2026-08-04 20:52:31.108629
eur,EURO FX - CHICAGO MERCANTILE EXCHANGE,2025-06-10,2025-06-13,938693,65004,77539,128928,466231,121318,40280,450290,2026-08-04 20:52:31.108629
eur,EURO FX - CHICAGO MERCANTILE EXCHANGE,2025-06-17,2025-06-20,893105,75117,77119,105539,480995,123786,35129,469007,2026-08-04 20:52:31.108629
eur,EURO FX - CHICAGO MERCANTILE EXCHANGE,2025-06-24,2025-06-27,911642,80563,69029,115834,481779,121091,37818,480555,2026-08-04 20:52:31.108629
eur,EURO FX - CHICAGO MERCANTILE EXCHANGE,2025-07-01,2025-07-04,945276,82658,77626,128402,483559,116816,41683,488548,2026-08-04 20:52:31.108629
eur,EURO FX - CHICAGO MERCANTILE EXCHANGE,2025-07-08,2025-07-11,933951,79415,77572,114694,490021,115216,43787,499098,2026-08-04 20:52:31.108629
eur,EURO FX - CHICAGO MERCANTILE EXCHANGE,2025-07-15,2025-07-18,945300,86738,71477,113510,501788,117528,46258,522593,2026-08-04 20:52:31.108629
eur,EURO FX - CHICAGO MERCANTILE EXCHANGE,2025-07-22,2025-07-25,980711,84517,77366,123233,523267,123513,48515,529722,2026-08-04 20:52:31.108629
eur,EURO FX - CHICAGO MERCANTILE EXCHANGE,2025-07-29,2025-08-01,970000,84336,79612,130731,507098,124227,52233,504869,2026-08-04 20:52:31.108629
eur,EURO FX - CHICAGO MERCANTILE EXCHANGE,2025-08-05,2025-08-08,959190,84176,74462,125749,504394,132929,53303,493913,2026-08-04 20:52:31.108629
eur,EURO FX - CHICAGO MERCANTILE EXCHANGE,2025-08-12,2025-08-15,942355,84264,69849,103274,523990,132174,53689,512477,2026-08-04 20:52:31.108629
eur,EURO FX - CHICAGO MERCANTILE EXCHANGE,2025-08-19,2025-08-22,944984,85362,75651,106288,527394,129497,55481,509281,2026-08-04 20:52:31.108629
eur,EURO FX - CHICAGO MERCANTILE EXCHANGE,2025-08-26,2025-08-29,966629,82552,73964,116546,531939,128880,51199,514369,2026-08-04 20:52:31.108629
eur,EURO FX - CHICAGO MERCANTILE EXCHANGE,2025-09-02,2025-09-05,973606,82081,80264,123742,531312,126197,50655,510169,2026-08-04 20:52:31.108629
eur,EURO FX - CHICAGO MERCANTILE EXCHANGE,2025-09-09,2025-09-12,983530,83681,74844,122387,532206,123442,51087,520866,2026-08-04 20:52:31.108629
eur,EURO FX - CHICAGO MERCANTILE EXCHANGE,2025-09-16,2025-09-19,973001,94548,86353,91925,536153,122961,75334,547785,2026-08-04 20:52:31.108629
eur,EURO FX - CHICAGO MERCANTILE EXCHANGE,2025-09-23,2025-09-26,972330,89276,90011,91690,542551,122767,74707,550815,2026-08-04 20:52:31.108629
eur,EURO FX - CHICAGO MERCANTILE EXCHANGE,2025-09-30,2025-10-03,961240,85986,86188,90391,536671,124491,71891,540445,2026-08-04 20:52:31.108629
eur,EURO FX - CHICAGO MERCANTILE EXCHANGE,2025-10-07,2025-10-10,955091,92323,91789,80962,540713,126503,69898,544468,2026-08-04 20:52:31.108629
eur,EURO FX - CHICAGO MERCANTILE EXCHANGE,2025-10-14,2025-10-17,941656,81563,87017,87039,526272,127623,73522,514023,2026-08-04 20:52:31.108629
eur,EURO FX - CHICAGO MERCANTILE EXCHANGE,2025-10-21,2025-10-24,936916,78617,87012,90248,529199,128818,70958,514366,2026-08-04 20:52:31.108629
eur,EURO FX - CHICAGO MERCANTILE EXCHANGE,2025-10-28,2025-10-31,945522,85575,94507,89431,527146,134811,72856,508455,2026-08-04 20:52:31.108629
eur,EURO FX - CHICAGO MERCANTILE EXCHANGE,2025-11-04,2025-11-07,965596,80610,112175,96325,528541,147219,77159,464148,2026-08-04 20:52:31.108629
eur,EURO FX - CHICAGO MERCANTILE EXCHANGE,2025-11-10,2025-11-13,933233,71314,90540,86630,530425,150062,72868,473653,2026-08-04 20:52:31.108629
eur,EURO FX - CHICAGO MERCANTILE EXCHANGE,2025-11-18,2025-11-21,931203,77508,79958,85026,524810,145473,74402,495553,2026-08-04 20:52:31.108629
eur,EURO FX - CHICAGO MERCANTILE EXCHANGE,2025-11-25,2025-11-28,931862,78234,80482,88245,520784,150303,70636,485151,2026-08-04 20:52:31.108629
eur,EURO FX - CHICAGO MERCANTILE EXCHANGE,2025-12-02,2025-12-05,956551,78897,76034,95999,529138,147162,68678,507456,2026-08-04 20:52:31.108629
eur,EURO FX - CHICAGO MERCANTILE EXCHANGE,2025-12-09,2025-12-12,1021944,86158,67895,109178,539812,144394,74337,547336,2026-08-04 20:52:31.108629
eur,EURO FX - CHICAGO MERCANTILE EXCHANGE,2025-12-16,2025-12-19,1080293,101528,75448,69763,543265,143552,35891,521116,2026-08-04 20:52:31.108629
eur,EURO FX - CHICAGO MERCANTILE EXCHANGE,2025-12-23,2025-12-26,969479,103643,74545,76783,562336,146983,39830,543070,2026-08-04 20:52:31.108629
eur,EURO FX - CHICAGO MERCANTILE EXCHANGE,2025-12-30,2026-01-02,969172,103402,78897,75556,562832,146349,40406,545566,2026-08-04 20:52:31.108629
eur,EURO FX - CHICAGO MERCANTILE EXCHANGE,2026-01-06,2026-01-09,980438,101497,79218,75085,569722,145298,46096,555172,2026-08-04 20:52:31.108629
eur,EURO FX - CHICAGO MERCANTILE EXCHANGE,2026-01-13,2026-01-16,979292,87921,88244,75314,574064,151588,53467,531660,2026-08-04 20:52:31.108629
eur,EURO FX - CHICAGO MERCANTILE EXCHANGE,2026-01-20,2026-01-23,987024,86199,99508,87552,558775,153179,58374,501516,2026-08-04 20:52:31.108629
eur,EURO FX - CHICAGO MERCANTILE EXCHANGE,2026-01-27,2026-01-30,1065958,91290,89939,130653,567086,147153,55883,541560,2026-08-04 20:52:31.108629
eur,EURO FX - CHICAGO MERCANTILE EXCHANGE,2026-02-03,2026-02-06,1045128,100083,85548,116552,559302,136011,56546,565371,2026-08-04 20:52:31.108629
eur,EURO FX - CHICAGO MERCANTILE EXCHANGE,2026-02-10,2026-02-13,1051803,104522,87214,109752,570952,136618,55185,579784,2026-08-04 20:52:31.108629
eur,EURO FX - CHICAGO MERCANTILE EXCHANGE,2026-02-17,2026-02-20,1041235,99239,89244,100910,572864,135917,54942,572326,2026-08-04 20:52:31.108629
eur,EURO FX - CHICAGO MERCANTILE EXCHANGE,2026-02-24,2026-02-27,1052660,92535,92939,110699,559296,138907,56616,546289,2026-08-04 20:52:31.108629
eur,EURO FX - CHICAGO MERCANTILE EXCHANGE,2026-03-03,2026-03-06,1084135,93228,115220,145407,546948,146242,66974,500900,2026-08-04 20:52:31.108629
eur,EURO FX - CHICAGO MERCANTILE EXCHANGE,2026-03-10,2026-03-13,1118597,74946,113696,154811,536610,143264,69177,470670,2026-08-04 20:52:31.108629
eur,EURO FX - CHICAGO MERCANTILE EXCHANGE,2026-03-17,2026-03-20,909276,77593,127137,110803,473863,156787,37673,346195,2026-08-04 20:52:31.108629
eur,EURO FX - CHICAGO MERCANTILE EXCHANGE,2026-03-24,2026-03-27,917423,69634,125673,121318,466024,157723,47835,340795,2026-08-04 20:52:31.108629
eur,EURO FX - CHICAGO MERCANTILE EXCHANGE,2026-03-31,2026-04-03,929014,77346,116044,123774,448285,165822,58403,340943,2026-08-04 20:52:31.108629
eur,EURO FX - CHICAGO MERCANTILE EXCHANGE,2026-04-07,2026-04-10,899902,79171,110948,104907,449498,175665,58466,343350,2026-08-04 20:52:31.108629
eur,EURO FX - CHICAGO MERCANTILE EXCHANGE,2026-04-14,2026-04-17,922032,99092,99164,105078,455003,165567,48771,380810,2026-08-04 20:52:31.108629
eur,EURO FX - CHICAGO MERCANTILE EXCHANGE,2026-04-21,2026-04-24,931191,93227,101579,105119,462319,153288,50520,400143,2026-08-04 20:52:31.108629
eur,EURO FX - CHICAGO MERCANTILE EXCHANGE,2026-04-28,2026-05-01,943974,89494,107787,111151,463654,149861,52768,394625,2026-08-04 20:52:31.108629
eur,EURO FX - CHICAGO MERCANTILE EXCHANGE,2026-05-05,2026-05-08,962305,88264,109275,112414,467920,158956,55607,390431,2026-08-04 20:52:31.108629
eur,EURO FX - CHICAGO MERCANTILE EXCHANGE,2026-05-12,2026-05-15,951652,95445,103596,102714,472278,157702,51190,403700,2026-08-04 20:52:31.108629
eur,EURO FX - CHICAGO MERCANTILE EXCHANGE,2026-05-19,2026-05-22,971639,94819,115709,119771,466803,168031,53972,373659,2026-08-04 20:52:31.108629
eur,EURO FX - CHICAGO MERCANTILE EXCHANGE,2026-05-26,2026-05-29,962447,87284,113595,118432,465802,167674,50744,368492,2026-08-04 20:52:31.108629
eur,EURO FX - CHICAGO MERCANTILE EXCHANGE,2026-06-02,2026-06-05,980409,83640,105960,124752,481419,167034,50706,375517,2026-08-04 20:52:31.108629
eur,EURO FX - CHICAGO MERCANTILE EXCHANGE,2026-06-09,2026-06-12,1015246,72994,122284,124130,489263,181199,69240,364032,2026-08-04 20:52:31.108629
eur,EURO FX - CHICAGO MERCANTILE EXCHANGE,2026-06-16,2026-06-19,1023165,72158,112530,91859,486510,190008,36820,331094,2026-08-04 20:52:31.108629
eur,EURO FX - CHICAGO MERCANTILE EXCHANGE,2026-06-23,2026-06-26,952683,75331,142835,120931,488241,204613,54429,307395,2026-08-04 20:52:31.108629
eur,EURO FX - CHICAGO MERCANTILE EXCHANGE,2026-06-30,2026-07-03,956863,71200,154216,115788,497352,212440,57429,292131,2026-08-04 20:52:31.108629
eur,EURO FX - CHICAGO MERCANTILE EXCHANGE,2026-07-07,2026-07-10,908226,74858,140915,80073,503937,224429,48789,300499,2026-08-04 20:52:31.108629
eur,EURO FX - CHICAGO MERCANTILE EXCHANGE,2026-07-14,2026-07-17,921899,74220,148857,89837,493675,219648,49446,287224,2026-08-04 20:52:31.108629
eur,EURO FX - CHICAGO MERCANTILE EXCHANGE,2026-07-21,2026-07-24,922311,74348,154918,93714,483226,230274,55246,265705,2026-08-04 20:52:31.108629
eur,EURO FX - CHICAGO MERCANTILE EXCHANGE,2026-07-28,2026-07-31,953552,73827,166757,105761,476328,240430,82731,257525,2026-08-04 20:52:31.108629
gbp,BRITISH POUND - CHICAGO MERCANTILE EXCHANGE,2022-02-08,2022-02-11,220432,36792,33263,22281,46674,73267,67481,38648,2026-08-04 20:52:33.180856
gbp,BRITISH POUND - CHICAGO MERCANTILE EXCHANGE,2022-02-15,2022-02-18,221634,39560,28161,24592,48871,69380,63244,44229,2026-08-04 20:52:33.180856
gbp,BRITISH POUND - CHICAGO MERCANTILE EXCHANGE,2022-02-22,2022-02-25,213656,33765,28673,24672,47043,66285,63759,40481,2026-08-04 20:52:33.180856
gbp,BRITISH POUND - CHICAGO MERCANTILE EXCHANGE,2022-03-01,2022-03-04,244181,51089,32718,28880,33887,73724,85015,46033,2026-08-04 20:52:33.180856
gbp,BRITISH POUND - CHICAGO MERCANTILE EXCHANGE,2022-03-08,2022-03-11,271556,54968,38174,22815,34326,94050,101238,40670,2026-08-04 20:52:33.180856
gbp,BRITISH POUND - CHICAGO MERCANTILE EXCHANGE,2022-03-15,2022-03-18,213138,33429,32908,19583,33584,93845,82869,10988,2026-08-04 20:52:33.180856
gbp,BRITISH POUND - CHICAGO MERCANTILE EXCHANGE,2022-03-22,2022-03-25,217767,41903,36323,17852,32725,91712,88102,17144,2026-08-04 20:52:33.180856
gbp,BRITISH POUND - CHICAGO MERCANTILE EXCHANGE,2022-03-29,2022-04-01,248659,63769,38269,19310,32540,96575,92665,37107,2026-08-04 20:52:33.180856
gbp,BRITISH POUND - CHICAGO MERCANTILE EXCHANGE,2022-04-05,2022-04-08,265945,64606,34962,25242,32478,109493,106594,37946,2026-08-04 20:52:33.180856
gbp,BRITISH POUND - CHICAGO MERCANTILE EXCHANGE,2022-04-12,2022-04-15,271471,65420,36600,18530,33574,120598,115701,37057,2026-08-04 20:52:33.180856
gbp,BRITISH POUND - CHICAGO MERCANTILE EXCHANGE,2022-04-19,2022-04-22,275477,66056,42630,18488,35452,121139,115823,37131,2026-08-04 20:52:33.180856
gbp,BRITISH POUND - CHICAGO MERCANTILE EXCHANGE,2022-04-26,2022-04-29,320245,68736,56292,34387,34739,128697,132761,31906,2026-08-04 20:52:33.180856
gbp,BRITISH POUND - CHICAGO MERCANTILE EXCHANGE,2022-05-03,2022-05-06,320607,64115,54398,37580,35655,128275,129042,30668,2026-08-04 20:52:33.180856
gbp,BRITISH POUND - CHICAGO MERCANTILE EXCHANGE,2022-05-10,2022-05-13,304969,60507,52545,27949,33753,128069,132208,29663,2026-08-04 20:52:33.180856
gbp,BRITISH POUND - CHICAGO MERCANTILE EXCHANGE,2022-05-17,2022-05-20,290406,51354,44744,27793,33966,125946,127620,27179,2026-08-04 20:52:33.180856
gbp,BRITISH POUND - CHICAGO MERCANTILE EXCHANGE,2022-05-24,2022-05-27,289100,51543,44420,28214,34740,122891,126945,28551,2026-08-04 20:52:33.180856
gbp,BRITISH POUND - CHICAGO MERCANTILE EXCHANGE,2022-05-31,2022-06-03,287157,58202,44170,32501,35201,117046,115344,31681,2026-08-04 20:52:33.180856
gbp,BRITISH POUND - CHICAGO MERCANTILE EXCHANGE,2022-06-07,2022-06-10,283805,59547,48665,25892,35627,116492,118954,35053,2026-08-04 20:52:33.180856
gbp,BRITISH POUND - CHICAGO MERCANTILE EXCHANGE,2022-06-14,2022-06-17,274943,52310,47076,25035,34877,120021,118467,21307,2026-08-04 20:52:33.180856
gbp,BRITISH POUND - CHICAGO MERCANTILE EXCHANGE,2022-06-21,2022-06-24,260071,52357,41294,25153,37228,113571,106444,24049,2026-08-04 20:52:33.180856
gbp,BRITISH POUND - CHICAGO MERCANTILE EXCHANGE,2022-06-28,2022-07-01,263137,56582,38142,25214,36588,111460,100720,28018,2026-08-04 20:52:33.180856
gbp,BRITISH POUND - CHICAGO MERCANTILE EXCHANGE,2022-07-05,2022-07-08,282157,56689,44180,31595,38232,116411,106646,23657,2026-08-04 20:52:33.180856
gbp,BRITISH POUND - CHICAGO MERCANTILE EXCHANGE,2022-07-12,2022-07-15,260629,55921,42049,19831,36027,117871,107882,25010,2026-08-04 20:52:33.180856
gbp,BRITISH POUND - CHICAGO MERCANTILE EXCHANGE,2022-07-19,2022-07-22,259828,54274,36113,24380,36316,120436,102423,26422,2026-08-04 20:52:33.180856
gbp,BRITISH POUND - CHICAGO MERCANTILE EXCHANGE,2022-07-26,2022-07-29,259425,55274,35568,26372,35963,120790,100782,24790,2026-08-04 20:52:33.180856
gbp,BRITISH POUND - CHICAGO MERCANTILE EXCHANGE,2022-08-02,2022-08-05,260221,52774,35414,28259,34066,119812,105777,23777,2026-08-04 20:52:33.180856
gbp,BRITISH POUND - CHICAGO MERCANTILE EXCHANGE,2022-08-09,2022-08-12,252873,62313,32550,22750,36745,121207,91594,23580,2026-08-04 20:52:33.180856
gbp,BRITISH POUND - CHICAGO MERCANTILE EXCHANGE,2022-08-16,2022-08-19,258888,66939,31791,26793,36926,120079,87353,26013,2026-08-04 20:52:33.180856
gbp,BRITISH POUND - CHICAGO MERCANTILE EXCHANGE,2022-08-23,2022-08-26,286303,79941,39140,28770,37076,133509,93898,23886,2026-08-04 20:52:33.180856
gbp,BRITISH POUND - CHICAGO MERCANTILE EXCHANGE,2022-08-30,2022-09-02,301847,76102,35445,33450,39310,144079,102751,23212,2026-08-04 20:52:33.180856
gbp,BRITISH POUND - CHICAGO MERCANTILE EXCHANGE,2022-09-06,2022-09-09,324787,69147,45756,39167,39692,147827,119752,22697,2026-08-04 20:52:33.180856
gbp,BRITISH POUND - CHICAGO MERCANTILE EXCHANGE,2022-09-13,2022-09-16,331393,58425,56720,43893,39527,137820,131884,23423,2026-08-04 20:52:33.180856
gbp,BRITISH POUND - CHICAGO MERCANTILE EXCHANGE,2022-09-20,2022-09-23,296396,63759,48566,21416,41146,138638,126971,32553,2026-08-04 20:52:33.180856
gbp,BRITISH POUND - CHICAGO MERCANTILE EXCHANGE,2022-09-27,2022-09-30,328003,80848,76623,31317,40920,125259,124571,31985,2026-08-04 20:52:33.180856
gbp,BRITISH POUND - CHICAGO MERCANTILE EXCHANGE,2022-10-04,2022-10-07,300475,69450,57058,29287,40582,116578,117849,29125,2026-08-04 20:52:33.180856
gbp,BRITISH POUND - CHICAGO MERCANTILE EXCHANGE,2022-10-11,2022-10-14,290956,75380,60259,26473,39831,112785,106661,26620,2026-08-04 20:52:33.180856
gbp,BRITISH POUND - CHICAGO MERCANTILE EXCHANGE,2022-10-18,2022-10-21,292282,71993,63004,23661,37596,108901,118387,29683,2026-08-04 20:52:33.180856
gbp,BRITISH POUND - CHICAGO MERCANTILE EXCHANGE,2022-10-25,2022-10-28,291986,73338,67434,23603,38022,104410,113338,33163,2026-08-04 20:52:33.180856
gbp,BRITISH POUND - CHICAGO MERCANTILE EXCHANGE,2022-11-01,2022-11-04,276563,64737,63298,24502,36992,91061,107654,33655,2026-08-04 20:52:33.180856
gbp,BRITISH POUND - CHICAGO MERCANTILE EXCHANGE,2022-11-08,2022-11-11,269886,63679,57414,25970,37700,92013,99954,35899,2026-08-04 20:52:33.180856
gbp,BRITISH POUND - CHICAGO MERCANTILE EXCHANGE,2022-11-15,2022-11-18,266758,63927,50322,27865,41426,83612,88689,42044,2026-08-04 20:52:33.180856
gbp,BRITISH POUND - CHICAGO MERCANTILE EXCHANGE,2022-11-22,2022-11-25,258875,59693,50627,27889,40511,76445,87736,43976,2026-08-04 20:52:33.180856
gbp,BRITISH POUND - CHICAGO MERCANTILE EXCHANGE,2022-11-29,2022-12-02,264910,55299,49486,29338,40239,73324,88710,46159,2026-08-04 20:52:33.180856
gbp,BRITISH POUND - CHICAGO MERCANTILE EXCHANGE,2022-12-06,2022-12-09,277858,56372,49452,37804,40288,69596,86417,51772,2026-08-04 20:52:33.180856
gbp,BRITISH POUND - CHICAGO MERCANTILE EXCHANGE,2022-12-13,2022-12-16,270457,55125,55765,33960,42289,60492,81229,55086,2026-08-04 20:52:33.180856
gbp,BRITISH POUND - CHICAGO MERCANTILE EXCHANGE,2022-12-20,2022-12-23,217777,51346,41936,28468,47798,60013,49475,37362,2026-08-04 20:52:33.180856
gbp,BRITISH POUND - CHICAGO MERCANTILE EXCHANGE,2022-12-27,2022-12-30,225281,56566,51879,27103,48620,59282,52321,36349,2026-08-04 20:52:33.180856
gbp,BRITISH POUND - CHICAGO MERCANTILE EXCHANGE,2023-01-03,2023-01-06,237905,63698,60601,29971,49628,62352,54790,34392,2026-08-04 20:52:33.180856
gbp,BRITISH POUND - CHICAGO MERCANTILE EXCHANGE,2023-01-10,2023-01-13,235435,55270,54487,30752,55091,67803,50712,32000,2026-08-04 20:52:33.180856
gbp,BRITISH POUND - CHICAGO MERCANTILE EXCHANGE,2023-01-17,2023-01-20,236400,58466,50311,34492,43732,69908,55780,29439,2026-08-04 20:52:33.180856
gbp,BRITISH POUND - CHICAGO MERCANTILE EXCHANGE,2023-01-24,2023-01-27,230755,51260,47166,35870,42800,64650,53623,30737,2026-08-04 20:52:33.180856
gbp,BRITISH POUND - CHICAGO MERCANTILE EXCHANGE,2023-01-31,2023-02-03,235069,53536,42946,37020,42422,65477,54948,29795,2026-08-04 20:52:33.180856
gbp,BRITISH POUND - CHICAGO MERCANTILE EXCHANGE,2023-02-07,2023-02-10,236623,69760,46726,29288,32680,70679,65057,31623,2026-08-04 20:52:33.180856
gbp,BRITISH POUND - CHICAGO MERCANTILE EXCHANGE,2023-02-14,2023-02-17,240172,64413,42280,32064,30197,78817,70013,27858,2026-08-04 20:52:33.180856
gbp,BRITISH POUND - CHICAGO MERCANTILE EXCHANGE,2023-02-21,2023-02-24,250717,65122,44291,35792,29933,83609,75896,25281,2026-08-04 20:52:33.180856
gbp,BRITISH POUND - CHICAGO MERCANTILE EXCHANGE,2023-02-28,2023-03-03,249620,61508,46454,36475,30954,84375,77034,24797,2026-08-04 20:52:33.180856
gbp,BRITISH POUND - CHICAGO MERCANTILE EXCHANGE,2023-03-07,2023-03-10,253183,70769,54653,29929,31512,82420,78939,26733,2026-08-04 20:52:33.180856
gbp,BRITISH POUND - CHICAGO MERCANTILE EXCHANGE,2023-03-14,2023-03-17,223866,45466,37771,34185,30999,79631,69837,19129,2026-08-04 20:52:33.180856
gbp,BRITISH POUND - CHICAGO MERCANTILE EXCHANGE,2023-03-21,2023-03-24,220684,42153,37931,34673,31858,72247,66236,23421,2026-08-04 20:52:33.180856
gbp,BRITISH POUND - CHICAGO MERCANTILE EXCHANGE,2023-03-28,2023-03-31,233765,41708,39259,38512,37098,68400,64104,34066,2026-08-04 20:52:33.180856
gbp,BRITISH POUND - CHICAGO MERCANTILE EXCHANGE,2023-04-04,2023-04-07,264072,53192,53835,43019,47488,59216,60428,51160,2026-08-04 20:52:33.180856
gbp,BRITISH POUND - CHICAGO MERCANTILE EXCHANGE,2023-04-11,2023-04-14,253317,53180,54632,36288,57200,59348,55413,57621,2026-08-04 20:52:33.180856
gbp,BRITISH POUND - CHICAGO MERCANTILE EXCHANGE,2023-04-18,2023-04-21,253705,51066,48520,35664,61310,60743,54365,62267,2026-08-04 20:52:33.180856
gbp,BRITISH POUND - CHICAGO MERCANTILE EXCHANGE,2023-04-25,2023-04-28,265005,55316,46119,39978,60244,64067,55057,60987,2026-08-04 20:52:33.180856
gbp,BRITISH POUND - CHICAGO MERCANTILE EXCHANGE,2023-05-02,2023-05-05,268591,51231,47821,44246,64329,70853,57381,54227,2026-08-04 20:52:33.180856
gbp,BRITISH POUND - CHICAGO MERCANTILE EXCHANGE,2023-05-09,2023-05-12,276429,51613,58471,43417,75774,67309,55077,59348,2026-08-04 20:52:33.180856
gbp,BRITISH POUND - CHICAGO MERCANTILE EXCHANGE,2023-05-16,2023-05-19,281216,54893,58100,45798,75899,67685,54891,62696,2026-08-04 20:52:33.180856
gbp,BRITISH POUND - CHICAGO MERCANTILE EXCHANGE,2023-05-23,2023-05-26,270678,52146,53384,44706,67967,61868,55425,64192,2026-08-04 20:52:33.180856
gbp,BRITISH POUND - CHICAGO MERCANTILE EXCHANGE,2023-05-30,2023-06-02,278473,60256,52152,51529,60697,59322,55783,65515,2026-08-04 20:52:33.180856
gbp,BRITISH POUND - CHICAGO MERCANTILE EXCHANGE,2023-06-06,2023-06-09,279057,56237,42124,53102,61989,66747,55377,64615,2026-08-04 20:52:33.180856
gbp,BRITISH POUND - CHICAGO MERCANTILE EXCHANGE,2023-06-13,2023-06-16,327754,61648,58557,56317,66882,65629,56087,70514,2026-08-04 20:52:33.180856
gbp,BRITISH POUND - CHICAGO MERCANTILE EXCHANGE,2023-06-20,2023-06-23,269051,79290,37170,52370,79083,68583,2420,65402,2026-08-04 20:52:33.180856
gbp,BRITISH POUND - CHICAGO MERCANTILE EXCHANGE,2023-06-27,2023-06-30,276357,76152,41041,53147,83523,64833,2614,69108,2026-08-04 20:52:33.180856
gbp,BRITISH POUND - CHICAGO MERCANTILE EXCHANGE,2023-07-03,2023-07-06,266591,67219,34753,54747,82770,69843,3318,59670,2026-08-04 20:52:33.180856
gbp,BRITISH POUND - CHICAGO MERCANTILE EXCHANGE,2023-07-11,2023-07-14,280979,73482,46374,48830,95341,64017,1541,72192,2026-08-04 20:52:33.180856
gbp,BRITISH POUND - CHICAGO MERCANTILE EXCHANGE,2023-07-18,2023-07-21,309228,88897,59529,48443,107848,62747,1484,90065,2026-08-04 20:52:33.180856
gbp,BRITISH POUND - CHICAGO MERCANTILE EXCHANGE,2023-07-25,2023-07-28,281265,76271,41652,48463,94772,61842,0,81930,2026-08-04 20:52:33.180856
gbp,BRITISH POUND - CHICAGO MERCANTILE EXCHANGE,2023-08-01,2023-08-04,267672,69897,38104,47617,86958,62920,2104,71596,2026-08-04 20:52:33.180856
gbp,BRITISH POUND - CHICAGO MERCANTILE EXCHANGE,2023-08-08,2023-08-11,241710,66222,32349,38279,74761,58372,6749,66193,2026-08-04 20:52:33.180856
gbp,BRITISH POUND - CHICAGO MERCANTILE EXCHANGE,2023-08-15,2023-08-18,250726,74491,35307,38462,80884,59327,487,68903,2026-08-04 20:52:33.180856
gbp,BRITISH POUND - CHICAGO MERCANTILE EXCHANGE,2023-08-22,2023-08-25,264514,74484,35133,41548,92368,58902,0,77159,2026-08-04 20:52:33.180856
gbp,BRITISH POUND - CHICAGO MERCANTILE EXCHANGE,2023-08-29,2023-09-01,266747,76384,40162,44619,86265,64291,3527,68991,2026-08-04 20:52:33.180856
gbp,BRITISH POUND - CHICAGO MERCANTILE EXCHANGE,2023-09-05,2023-09-08,270199,69517,33877,49758,85295,69006,4479,58269,2026-08-04 20:52:33.180856
gbp,BRITISH POUND - CHICAGO MERCANTILE EXCHANGE,2023-09-12,2023-09-15,265888,70311,36509,49999,80399,72123,3500,47904,2026-08-04 20:52:33.180856
gbp,BRITISH POUND - CHICAGO MERCANTILE EXCHANGE,2023-09-19,2023-09-22,234355,76148,36974,43621,57349,73641,8760,28687,2026-08-04 20:52:33.180856
gbp,BRITISH POUND - CHICAGO MERCANTILE EXCHANGE,2023-09-26,2023-09-29,275716,87467,47025,43648,44851,103658,45586,18740,2026-08-04 20:52:33.180856
gbp,BRITISH POUND - CHICAGO MERCANTILE EXCHANGE,2023-10-03,2023-10-06,287413,81238,45514,43166,42063,118578,68774,15415,2026-08-04 20:52:33.180856
gbp,BRITISH POUND - CHICAGO MERCANTILE EXCHANGE,2023-10-10,2023-10-13,272437,71844,42841,41362,46485,109552,64009,16048,2026-08-04 20:52:33.180856
gbp,BRITISH POUND - CHICAGO MERCANTILE EXCHANGE,2023-10-17,2023-10-20,262993,65673,42333,39836,42759,108358,63649,10527,2026-08-04 20:52:33.180856
gbp,BRITISH POUND - CHICAGO MERCANTILE EXCHANGE,2023-10-24,2023-10-27,271974,61935,46301,40577,45969,116360,72904,7101,2026-08-04 20:52:33.180856
gbp,BRITISH POUND - CHICAGO MERCANTILE EXCHANGE,2023-10-31,2023-11-03,270262,60832,45720,41621,42771,115781,80808,6883,2026-08-04 20:52:33.180856
gbp,BRITISH POUND - CHICAGO MERCANTILE EXCHANGE,2023-11-07,2023-11-10,248266,57287,42432,39130,36645,100337,72808,8877,2026-08-04 20:52:33.180856
gbp,BRITISH POUND - CHICAGO MERCANTILE EXCHANGE,2023-11-14,2023-11-17,255996,58059,46974,37600,34027,103261,78704,8628,2026-08-04 20:52:33.180856
gbp,BRITISH POUND - CHICAGO MERCANTILE EXCHANGE,2023-11-21,2023-11-24,249025,45400,41668,39054,41986,97292,73407,12379,2026-08-04 20:52:33.180856
gbp,BRITISH POUND - CHICAGO MERCANTILE EXCHANGE,2023-11-28,2023-12-01,265281,55610,51676,47343,61173,90669,50388,18118,2026-08-04 20:52:33.180856
gbp,BRITISH POUND - CHICAGO MERCANTILE EXCHANGE,2023-12-05,2023-12-08,265776,50830,38105,51230,63611,90582,39159,21313,2026-08-04 20:52:33.180856
gbp,BRITISH POUND - CHICAGO MERCANTILE EXCHANGE,2023-12-12,2023-12-15,274583,50260,36165,36884,57058,90538,39451,15317,2026-08-04 20:52:33.180856
gbp,BRITISH POUND - CHICAGO MERCANTILE EXCHANGE,2023-12-19,2023-12-22,209047,57558,27609,30988,49833,92812,18800,11277,2026-08-04 20:52:33.180856
gbp,BRITISH POUND - CHICAGO MERCANTILE EXCHANGE,2023-12-26,2023-12-29,206688,54319,28193,31042,44177,87626,24085,12284,2026-08-04 20:52:33.180856
gbp,BRITISH POUND - CHICAGO MERCANTILE EXCHANGE,2024-01-02,2024-01-05,208030,54411,28714,32132,41909,88956,28127,7197,2026-08-04 20:52:33.180856
gbp,BRITISH POUND - CHICAGO MERCANTILE EXCHANGE,2024-01-09,2024-01-12,198954,53550,27504,27194,41599,86638,28127,8662,2026-08-04 20:52:33.180856
gbp,BRITISH POUND - CHICAGO MERCANTILE EXCHANGE,2024-01-16,2024-01-19,209044,54910,30713,31209,46394,81627,25191,11908,2026-08-04 20:52:33.180856
gbp,BRITISH POUND - CHICAGO MERCANTILE EXCHANGE,2024-01-23,2024-01-26,216077,55761,28986,31896,51013,86005,25931,16217,2026-08-04 20:52:33.180856
gbp,BRITISH POUND - CHICAGO MERCANTILE EXCHANGE,2024-01-30,2024-02-02,224457,57878,32530,35228,53488,86953,25887,16562,2026-08-04 20:52:33.180856
gbp,BRITISH POUND - CHICAGO MERCANTILE EXCHANGE,2024-02-06,2024-02-09,232121,68052,40446,33629,46956,91462,36277,9374,2026-08-04 20:52:33.180856
gbp,BRITISH POUND - CHICAGO MERCANTILE EXCHANGE,2024-02-13,2024-02-16,227781,66028,33390,28520,53306,95697,32124,15795,2026-08-04 20:52:33.180856
gbp,BRITISH POUND - CHICAGO MERCANTILE EXCHANGE,2024-02-20,2024-02-23,227528,62035,34486,26391,53935,92291,31911,19893,2026-08-04 20:52:33.180856
gbp,BRITISH POUND - CHICAGO MERCANTILE EXCHANGE,2024-02-27,2024-03-01,242921,59546,35622,33157,61624,94287,33104,26162,2026-08-04 20:52:33.180856
gbp,BRITISH POUND - CHICAGO MERCANTILE EXCHANGE,2024-03-05,2024-03-08,257168,61384,33199,38337,69780,102650,32815,30100,2026-08-04 20:52:33.180856
gbp,BRITISH POUND - CHICAGO MERCANTILE EXCHANGE,2024-03-12,2024-03-15,310143,72320,49666,55851,87017,106385,27404,34882,2026-08-04 20:52:33.180856
gbp,BRITISH POUND - CHICAGO MERCANTILE EXCHANGE,2024-03-19,2024-03-22,234847,70200,39122,31779,69762,106471,13332,8815,2026-08-04 20:52:33.180856
gbp,BRITISH POUND - CHICAGO MERCANTILE EXCHANGE,2024-03-26,2024-03-29,246625,78792,51650,31446,46535,108202,41527,6217,2026-08-04 20:52:33.180856
gbp,BRITISH POUND - CHICAGO MERCANTILE EXCHANGE,2024-04-02,2024-04-05,268059,94357,55771,35612,34898,116272,58175,8360,2026-08-04 20:52:33.180856
gbp,BRITISH POUND - CHICAGO MERCANTILE EXCHANGE,2024-04-09,2024-04-12,258029,72197,47629,36240,38461,113718,61437,5832,2026-08-04 20:52:33.180856
gbp,BRITISH POUND - CHICAGO MERCANTILE EXCHANGE,2024-04-16,2024-04-19,295209,83869,73705,42828,22946,113083,99122,4538,2026-08-04 20:52:33.180856
gbp,BRITISH POUND - CHICAGO MERCANTILE EXCHANGE,2024-04-23,2024-04-26,304112,73071,74704,42591,7626,117288,133370,4538,2026-08-04 20:52:33.180856
gbp,BRITISH POUND - CHICAGO MERCANTILE EXCHANGE,2024-04-30,2024-05-03,290327,55153,62684,43073,10165,116861,136267,4518,2026-08-04 20:52:33.180856
gbp,BRITISH POUND - CHICAGO MERCANTILE EXCHANGE,2024-05-07,2024-05-10,261455,51972,65251,34755,17984,99613,114671,6056,2026-08-04 20:52:33.180856
gbp,BRITISH POUND - CHICAGO MERCANTILE EXCHANGE,2024-05-14,2024-05-17,266812,47356,57574,42666,19436,102669,109437,6153,2026-08-04 20:52:33.180856
gbp,BRITISH POUND - CHICAGO MERCANTILE EXCHANGE,2024-05-21,2024-05-24,270750,52724,52301,49237,42833,91987,72655,18298,2026-08-04 20:52:33.180856
gbp,BRITISH POUND - CHICAGO MERCANTILE EXCHANGE,2024-05-28,2024-05-31,322998,61097,53384,59682,62137,91156,69489,50041,2026-08-04 20:52:33.180856
gbp,BRITISH POUND - CHICAGO MERCANTILE EXCHANGE,2024-06-04,2024-06-07,323649,62260,43709,53093,66454,78761,64667,72154,2026-08-04 20:52:33.180856
gbp,BRITISH POUND - CHICAGO MERCANTILE EXCHANGE,2024-06-11,2024-06-14,318642,64529,44236,39106,70588,82208,66909,77454,2026-08-04 20:52:33.180856
gbp,BRITISH POUND - CHICAGO MERCANTILE EXCHANGE,2024-06-18,2024-06-21,252460,71228,31786,32912,57173,95623,33588,32568,2026-08-04 20:52:33.180856
gbp,BRITISH POUND - CHICAGO MERCANTILE EXCHANGE,2024-06-25,2024-06-28,251503,72528,33162,32886,52784,100640,39901,29362,2026-08-04 20:52:33.180856
gbp,BRITISH POUND - CHICAGO MERCANTILE EXCHANGE,2024-07-02,2024-07-05,240037,82590,30664,31628,43966,91693,26159,31624,2026-08-04 20:52:33.180856
gbp,BRITISH POUND - CHICAGO MERCANTILE EXCHANGE,2024-07-09,2024-07-12,260419,90233,32988,30231,65769,94738,16123,50997,2026-08-04 20:52:33.180856
gbp,BRITISH POUND - CHICAGO MERCANTILE EXCHANGE,2024-07-16,2024-07-19,321999,111450,36351,32907,95322,90800,16374,107208,2026-08-04 20:52:33.180856
gbp,BRITISH POUND - CHICAGO MERCANTILE EXCHANGE,2024-07-23,2024-07-26,330079,121232,33200,31713,94064,90178,18223,117109,2026-08-04 20:52:33.180856
gbp,BRITISH POUND - CHICAGO MERCANTILE EXCHANGE,2024-07-30,2024-08-02,309142,110717,35482,33198,81161,93178,21065,92182,2026-08-04 20:52:33.180856
gbp,BRITISH POUND - CHICAGO MERCANTILE EXCHANGE,2024-08-06,2024-08-09,264400,91896,35315,30451,58746,94862,25574,50144,2026-08-04 20:52:33.180856
gbp,BRITISH POUND - CHICAGO MERCANTILE EXCHANGE,2024-08-13,2024-08-16,245943,80880,32293,33514,49509,88966,22589,38762,2026-08-04 20:52:33.180856
gbp,BRITISH POUND - CHICAGO MERCANTILE EXCHANGE,2024-08-20,2024-08-23,282867,87819,36064,42972,67009,79309,14264,61511,2026-08-04 20:52:33.180856
gbp,BRITISH POUND - CHICAGO MERCANTILE EXCHANGE,2024-08-27,2024-08-30,335281,102085,36725,51048,84264,74140,14564,101936,2026-08-04 20:52:33.180856
gbp,BRITISH POUND - CHICAGO MERCANTILE EXCHANGE,2024-09-03,2024-09-06,340363,105804,30705,48237,88775,69418,14854,119924,2026-08-04 20:52:33.180856
gbp,BRITISH POUND - CHICAGO MERCANTILE EXCHANGE,2024-09-10,2024-09-13,316518,93930,32144,42370,84495,70565,14992,104047,2026-08-04 20:52:33.180856
gbp,BRITISH POUND - CHICAGO MERCANTILE EXCHANGE,2024-09-17,2024-09-20,258763,86443,34560,27534,73166,73913,7273,71296,2026-08-04 20:52:33.180856
gbp,BRITISH POUND - CHICAGO MERCANTILE EXCHANGE,2024-09-24,2024-09-27,304239,106770,35173,29622,87395,76436,6132,103839,2026-08-04 20:52:33.180856
gbp,BRITISH POUND - CHICAGO MERCANTILE EXCHANGE,2024-10-01,2024-10-04,312606,101798,29099,36187,92669,81870,5926,107009,2026-08-04 20:52:33.180856
gbp,BRITISH POUND - CHICAGO MERCANTILE EXCHANGE,2024-10-08,2024-10-11,295115,98893,30214,30415,94593,83464,5038,100582,2026-08-04 20:52:33.180856
gbp,BRITISH POUND - CHICAGO MERCANTILE EXCHANGE,2024-10-15,2024-10-18,290289,89030,28085,31336,95081,86130,6658,92797,2026-08-04 20:52:33.180856
gbp,BRITISH POUND - CHICAGO MERCANTILE EXCHANGE,2024-10-22,2024-10-25,273245,83644,26881,34402,81657,89586,10445,68801,2026-08-04 20:52:33.180856
gbp,BRITISH POUND - CHICAGO MERCANTILE EXCHANGE,2024-10-29,2024-11-01,264006,84906,26415,35586,68995,88606,11316,59881,2026-08-04 20:52:33.180856
gbp,BRITISH POUND - CHICAGO MERCANTILE EXCHANGE,2024-11-05,2024-11-08,263261,82147,37254,32732,69716,85984,10031,51787,2026-08-04 20:52:33.180856
gbp,BRITISH POUND - CHICAGO MERCANTILE EXCHANGE,2024-11-12,2024-11-15,251739,79825,34606,31994,61612,79615,14581,51064,2026-08-04 20:52:33.180856
gbp,BRITISH POUND - CHICAGO MERCANTILE EXCHANGE,2024-11-19,2024-11-22,263129,73712,28455,36998,45172,86370,41432,48490,2026-08-04 20:52:33.180856
gbp,BRITISH POUND - CHICAGO MERCANTILE EXCHANGE,2024-11-26,2024-11-29,282849,73412,23772,37511,39510,103555,64076,48601,2026-08-04 20:52:33.180856
gbp,BRITISH POUND - CHICAGO MERCANTILE EXCHANGE,2024-12-03,2024-12-06,283101,69313,23034,34726,41113,106297,69574,48818,2026-08-04 20:52:33.180856
gbp,BRITISH POUND - CHICAGO MERCANTILE EXCHANGE,2024-12-10,2024-12-13,344043,71999,32703,39698,51926,94528,54861,55851,2026-08-04 20:52:33.180856
gbp,BRITISH POUND - CHICAGO MERCANTILE EXCHANGE,2024-12-17,2024-12-20,221368,79168,27219,24276,37237,95398,37084,22786,2026-08-04 20:52:33.180856
gbp,BRITISH POUND - CHICAGO MERCANTILE EXCHANGE,2024-12-24,2024-12-27,226958,75561,27585,27707,35611,95487,39844,20240,2026-08-04 20:52:33.180856
gbp,BRITISH POUND - CHICAGO MERCANTILE EXCHANGE,2024-12-31,2025-01-03,227246,75139,31028,28875,37486,90496,38024,21346,2026-08-04 20:52:33.180856
gbp,BRITISH POUND - CHICAGO MERCANTILE EXCHANGE,2025-01-07,2025-01-10,223555,71211,26511,26081,39149,97853,43392,18126,2026-08-04 20:52:33.180856
gbp,BRITISH POUND - CHICAGO MERCANTILE EXCHANGE,2025-01-14,2025-01-17,241204,63740,33669,31689,48478,103316,55899,15030,2026-08-04 20:52:33.180856
gbp,BRITISH POUND - CHICAGO MERCANTILE EXCHANGE,2025-01-21,2025-01-24,255113,60060,30583,29481,45287,107693,73085,21091,2026-08-04 20:52:33.180856
gbp,BRITISH POUND - CHICAGO MERCANTILE EXCHANGE,2025-01-28,2025-01-31,250508,49392,31946,32156,35551,102611,88676,20169,2026-08-04 20:52:33.180856
gbp,BRITISH POUND - CHICAGO MERCANTILE EXCHANGE,2025-02-04,2025-02-07,248099,52861,31825,32168,36539,99334,78272,22846,2026-08-04 20:52:33.180856
gbp,BRITISH POUND - CHICAGO MERCANTILE EXCHANGE,2025-02-11,2025-02-14,249175,56657,24568,35046,34093,100739,72110,26414,2026-08-04 20:52:33.180856
gbp,BRITISH POUND - CHICAGO MERCANTILE EXCHANGE,2025-02-18,2025-02-21,247143,63622,26604,30226,42022,97210,56453,26267,2026-08-04 20:52:33.180856
gbp,BRITISH POUND - CHICAGO MERCANTILE EXCHANGE,2025-02-25,2025-02-28,245840,63524,26021,30126,44005,90774,53593,28515,2026-08-04 20:52:33.180856
gbp,BRITISH POUND - CHICAGO MERCANTILE EXCHANGE,2025-03-04,2025-03-07,248102,66839,25462,34673,39147,86171,41099,35338,2026-08-04 20:52:33.180856
gbp,BRITISH POUND - CHICAGO MERCANTILE EXCHANGE,2025-03-11,2025-03-14,270667,65082,31854,36166,52743,76735,33890,53907,2026-08-04 20:52:33.180856
gbp,BRITISH POUND - CHICAGO MERCANTILE EXCHANGE,2025-03-18,2025-03-21,203618,72013,34710,16173,61963,73714,6788,36383,2026-08-04 20:52:33.180856
gbp,BRITISH POUND - CHICAGO MERCANTILE EXCHANGE,2025-03-25,2025-03-28,214188,75114,29504,15588,69084,73051,8516,49440,2026-08-04 20:52:33.180856
gbp,BRITISH POUND - CHICAGO MERCANTILE EXCHANGE,2025-04-01,2025-04-04,208588,77959,26569,17910,58772,74551,11675,37427,2026-08-04 20:52:33.180856
gbp,BRITISH POUND - CHICAGO MERCANTILE EXCHANGE,2025-04-08,2025-04-11,197527,72875,28505,17391,49927,68181,21569,27645,2026-08-04 20:52:33.180856
gbp,BRITISH POUND - CHICAGO MERCANTILE EXCHANGE,2025-04-15,2025-04-18,199158,74083,32188,16734,52148,71852,14405,26694,2026-08-04 20:52:33.180856
gbp,BRITISH POUND - CHICAGO MERCANTILE EXCHANGE,2025-04-22,2025-04-25,203060,70385,32075,19746,60557,68293,9728,38982,2026-08-04 20:52:33.180856
gbp,BRITISH POUND - CHICAGO MERCANTILE EXCHANGE,2025-04-29,2025-05-02,218896,66041,29021,34081,62631,66452,9905,45520,2026-08-04 20:52:33.180856
gbp,BRITISH POUND - CHICAGO MERCANTILE EXCHANGE,2025-05-06,2025-05-09,229226,69850,28168,37051,61776,67792,14024,52101,2026-08-04 20:52:33.180856
gbp,BRITISH POUND - CHICAGO MERCANTILE EXCHANGE,2025-05-13,2025-05-16,216534,65595,28624,32372,60052,65962,11988,45015,2026-08-04 20:52:33.180856
gbp,BRITISH POUND - CHICAGO MERCANTILE EXCHANGE,2025-05-20,2025-05-23,219351,66826,29716,31281,61450,68259,10653,47179,2026-08-04 20:52:33.180856
gbp,BRITISH POUND - CHICAGO MERCANTILE EXCHANGE,2025-05-27,2025-05-30,229962,74540,29322,21336,68683,71584,10074,60978,2026-08-04 20:52:33.180856
gbp,BRITISH POUND - CHICAGO MERCANTILE EXCHANGE,2025-06-03,2025-06-06,261491,74490,28015,34760,67359,68642,9340,67097,2026-08-04 20:52:33.180856
gbp,BRITISH POUND - CHICAGO MERCANTILE EXCHANGE,2025-06-10,2025-06-13,234987,65941,23412,16569,72059,68447,17411,69887,2026-08-04 20:52:33.180856
gbp,BRITISH POUND - CHICAGO MERCANTILE EXCHANGE,2025-06-17,2025-06-20,201483,64145,29977,13372,66364,74504,8103,42568,2026-08-04 20:52:33.180856
gbp,BRITISH POUND - CHICAGO MERCANTILE EXCHANGE,2025-06-24,2025-06-27,201685,67120,21712,10304,64037,79151,9443,44247,2026-08-04 20:52:33.180856
gbp,BRITISH POUND - CHICAGO MERCANTILE EXCHANGE,2025-07-01,2025-07-04,213010,66999,30520,13703,69716,79506,6002,40740,2026-08-04 20:52:33.180856
gbp,BRITISH POUND - CHICAGO MERCANTILE EXCHANGE,2025-07-08,2025-07-11,210850,70528,29885,12252,66640,80934,7029,40002,2026-08-04 20:52:33.180856
gbp,BRITISH POUND - CHICAGO MERCANTILE EXCHANGE,2025-07-15,2025-07-18,214645,71733,23264,17981,59274,85741,10754,37234,2026-08-04 20:52:33.180856
gbp,BRITISH POUND - CHICAGO MERCANTILE EXCHANGE,2025-07-22,2025-07-25,216002,73124,19589,12889,49243,107701,29499,29233,2026-08-04 20:52:33.180856
gbp,BRITISH POUND - CHICAGO MERCANTILE EXCHANGE,2025-07-29,2025-08-01,230682,71356,25946,15208,47270,110709,44219,23739,2026-08-04 20:52:33.180856
gbp,BRITISH POUND - CHICAGO MERCANTILE EXCHANGE,2025-08-05,2025-08-08,232860,63452,26183,17711,33836,114179,63345,20133,2026-08-04 20:52:33.180856
gbp,BRITISH POUND - CHICAGO MERCANTILE EXCHANGE,2025-08-12,2025-08-15,237818,63545,32090,16684,43212,115995,60075,20959,2026-08-04 20:52:33.180856
gbp,BRITISH POUND - CHICAGO MERCANTILE EXCHANGE,2025-08-19,2025-08-22,243302,66364,40692,14760,45688,113063,59297,21235,2026-08-04 20:52:33.180856
gbp,BRITISH POUND - CHICAGO MERCANTILE EXCHANGE,2025-08-26,2025-08-29,243361,65244,37666,17641,39173,114023,64870,22186,2026-08-04 20:52:33.180856
gbp,BRITISH POUND - CHICAGO MERCANTILE EXCHANGE,2025-09-02,2025-09-05,255620,65749,44449,18342,35733,115681,78614,20064,2026-08-04 20:52:33.180856
gbp,BRITISH POUND - CHICAGO MERCANTILE EXCHANGE,2025-09-09,2025-09-12,343866,58312,37300,45986,39909,110335,74147,25646,2026-08-04 20:52:33.180856
gbp,BRITISH POUND - CHICAGO MERCANTILE EXCHANGE,2025-09-16,2025-09-19,259174,66262,36469,16055,47539,92248,78658,72963,2026-08-04 20:52:33.180856
gbp,BRITISH POUND - CHICAGO MERCANTILE EXCHANGE,2025-09-23,2025-09-26,259653,63726,33500,16993,49126,93972,78448,70089,2026-08-04 20:52:33.180856
gbp,BRITISH POUND - CHICAGO MERCANTILE EXCHANGE,2025-09-30,2025-10-03,254482,61396,29068,18515,42934,98802,83507,62155,2026-08-04 20:52:33.180856
gbp,BRITISH POUND - CHICAGO MERCANTILE EXCHANGE,2025-10-07,2025-10-10,270128,75027,39791,16301,55937,101756,81735,70175,2026-08-04 20:52:33.180856
gbp,BRITISH POUND - CHICAGO MERCANTILE EXCHANGE,2025-10-14,2025-10-17,264804,73967,36259,16380,46639,105015,88178,61170,2026-08-04 20:52:33.180856
gbp,BRITISH POUND - CHICAGO MERCANTILE EXCHANGE,2025-10-21,2025-10-24,258380,71254,31444,15431,41172,108891,88861,61169,2026-08-04 20:52:33.180856
gbp,BRITISH POUND - CHICAGO MERCANTILE EXCHANGE,2025-10-28,2025-10-31,276811,80986,44953,17125,34527,113097,102251,52964,2026-08-04 20:52:33.180856
gbp,BRITISH POUND - CHICAGO MERCANTILE EXCHANGE,2025-11-04,2025-11-07,316549,63315,48865,30139,22382,131963,152163,46598,2026-08-04 20:52:33.180856
gbp,BRITISH POUND - CHICAGO MERCANTILE EXCHANGE,2025-11-10,2025-11-13,296359,54564,40642,17699,20759,139118,163034,47954,2026-08-04 20:52:33.180856
gbp,BRITISH POUND - CHICAGO MERCANTILE EXCHANGE,2025-11-18,2025-11-21,307607,57628,47307,19940,23220,139207,169485,48215,2026-08-04 20:52:33.180856
gbp,BRITISH POUND - CHICAGO MERCANTILE EXCHANGE,2025-11-25,2025-11-28,343903,51336,48116,28689,20991,142949,180849,50195,2026-08-04 20:52:33.180856
gbp,BRITISH POUND - CHICAGO MERCANTILE EXCHANGE,2025-12-02,2025-12-05,327211,53905,44578,25178,27486,142473,164619,49502,2026-08-04 20:52:33.180856
gbp,BRITISH POUND - CHICAGO MERCANTILE EXCHANGE,2025-12-09,2025-12-12,355087,55272,49073,45064,33898,139495,157706,48997,2026-08-04 20:52:33.180856
gbp,BRITISH POUND - CHICAGO MERCANTILE EXCHANGE,2025-12-16,2025-12-19,304769,55515,38211,13802,38422,121954,75564,6504,2026-08-04 20:52:33.180856
gbp,BRITISH POUND - CHICAGO MERCANTILE EXCHANGE,2025-12-23,2025-12-26,222443,58096,35004,13214,39497,121060,69922,8507,2026-08-04 20:52:33.180856
gbp,BRITISH POUND - CHICAGO MERCANTILE EXCHANGE,2025-12-30,2026-01-02,219308,61637,33353,12060,41727,120227,63238,12366,2026-08-04 20:52:33.180856
gbp,BRITISH POUND - CHICAGO MERCANTILE EXCHANGE,2026-01-06,2026-01-09,230356,63424,29475,16269,44501,124848,59305,14671,2026-08-04 20:52:33.180856
gbp,BRITISH POUND - CHICAGO MERCANTILE EXCHANGE,2026-01-13,2026-01-16,226757,69399,27458,12657,43983,123791,55349,17190,2026-08-04 20:52:33.180856
gbp,BRITISH POUND - CHICAGO MERCANTILE EXCHANGE,2026-01-20,2026-01-23,228335,68470,23721,14055,41056,127509,54746,17440,2026-08-04 20:52:33.180856
gbp,BRITISH POUND - CHICAGO MERCANTILE EXCHANGE,2026-01-27,2026-01-30,259234,75399,23672,28904,45660,124491,53014,35730,2026-08-04 20:52:33.180856
gbp,BRITISH POUND - CHICAGO MERCANTILE EXCHANGE,2026-02-03,2026-02-06,259444,75026,27807,25734,51731,121576,51212,35901,2026-08-04 20:52:33.180856
gbp,BRITISH POUND - CHICAGO MERCANTILE EXCHANGE,2026-02-10,2026-02-13,255409,74864,24737,20843,49814,128174,52060,34973,2026-08-04 20:52:33.180856
gbp,BRITISH POUND - CHICAGO MERCANTILE EXCHANGE,2026-02-17,2026-02-20,266433,75983,31134,24668,45820,138237,62080,20208,2026-08-04 20:52:33.180856
gbp,BRITISH POUND - CHICAGO MERCANTILE EXCHANGE,2026-02-24,2026-02-27,271844,70215,29525,28122,36448,144776,77530,11048,2026-08-04 20:52:33.180856
gbp,BRITISH POUND - CHICAGO MERCANTILE EXCHANGE,2026-03-03,2026-03-06,301725,66840,36893,38693,31438,152478,105505,10079,2026-08-04 20:52:33.180856
gbp,BRITISH POUND - CHICAGO MERCANTILE EXCHANGE,2026-03-10,2026-03-13,413743,49565,26731,51585,33846,154150,110217,10068,2026-08-04 20:52:33.180856
gbp,BRITISH POUND - CHICAGO MERCANTILE EXCHANGE,2026-03-17,2026-03-20,266117,47425,34724,16837,30534,125824,131524,43680,2026-08-04 20:52:33.180856
gbp,BRITISH POUND - CHICAGO MERCANTILE EXCHANGE,2026-03-24,2026-03-27,263202,47545,29750,19573,28626,122962,128032,48093,2026-08-04 20:52:33.180856
gbp,BRITISH POUND - CHICAGO MERCANTILE EXCHANGE,2026-03-31,2026-04-03,269407,52895,28036,21266,24264,122570,133624,51557,2026-08-04 20:52:33.180856
gbp,BRITISH POUND - CHICAGO MERCANTILE EXCHANGE,2026-04-07,2026-04-10,261657,54716,28852,12542,25818,125038,132870,52861,2026-08-04 20:52:33.180856
gbp,BRITISH POUND - CHICAGO MERCANTILE EXCHANGE,2026-04-14,2026-04-17,269572,58299,29873,13290,33928,124157,124351,58494,2026-08-04 20:52:33.180856
gbp,BRITISH POUND - CHICAGO MERCANTILE EXCHANGE,2026-04-21,2026-04-24,288680,66921,33404,15194,39880,124912,126411,71067,2026-08-04 20:52:33.180856
gbp,BRITISH POUND - CHICAGO MERCANTILE EXCHANGE,2026-04-28,2026-05-01,288367,63456,30819,15397,37740,133555,131843,65681,2026-08-04 20:52:33.180856
gbp,BRITISH POUND - CHICAGO MERCANTILE EXCHANGE,2026-05-05,2026-05-08,300700,66591,35347,21259,35492,140835,131832,56055,2026-08-04 20:52:33.180856
gbp,BRITISH POUND - CHICAGO MERCANTILE EXCHANGE,2026-05-12,2026-05-15,306204,71681,30701,20372,46150,140982,123696,68924,2026-08-04 20:52:33.180856
gbp,BRITISH POUND - CHICAGO MERCANTILE EXCHANGE,2026-05-19,2026-05-22,319502,67126,36418,21488,34942,148938,135952,48458,2026-08-04 20:52:33.180856
gbp,BRITISH POUND - CHICAGO MERCANTILE EXCHANGE,2026-05-26,2026-05-29,308993,60557,34180,19403,26938,136256,133583,48686,2026-08-04 20:52:33.180856
gbp,BRITISH POUND - CHICAGO MERCANTILE EXCHANGE,2026-06-02,2026-06-05,296304,56810,29788,25485,23342,125070,130290,47681,2026-08-04 20:52:33.180856
gbp,BRITISH POUND - CHICAGO MERCANTILE EXCHANGE,2026-06-09,2026-06-12,310958,58038,36077,15230,15666,125460,149490,50496,2026-08-04 20:52:33.180856
gbp,BRITISH POUND - CHICAGO MERCANTILE EXCHANGE,2026-06-16,2026-06-19,343223,54892,37181,15401,16364,130193,139910,35753,2026-08-04 20:52:33.180856
gbp,BRITISH POUND - CHICAGO MERCANTILE EXCHANGE,2026-06-23,2026-06-26,324265,52425,51794,18717,13473,160387,200676,36782,2026-08-04 20:52:33.180856
gbp,BRITISH POUND - CHICAGO MERCANTILE EXCHANGE,2026-06-30,2026-07-03,320579,49149,39396,20741,12158,166804,200473,36386,2026-08-04 20:52:33.180856
gbp,BRITISH POUND - CHICAGO MERCANTILE EXCHANGE,2026-07-07,2026-07-10,301829,56404,39176,17470,13997,157591,171696,35597,2026-08-04 20:52:33.180856
gbp,BRITISH POUND - CHICAGO MERCANTILE EXCHANGE,2026-07-14,2026-07-17,285260,61773,33495,16938,14192,146179,147229,37582,2026-08-04 20:52:33.180856
gbp,BRITISH POUND - CHICAGO MERCANTILE EXCHANGE,2026-07-21,2026-07-24,285858,68641,34829,18620,18655,138467,128731,42592,2026-08-04 20:52:33.180856
gbp,BRITISH POUND - CHICAGO MERCANTILE EXCHANGE,2026-07-28,2026-07-31,290496,71346,34685,17598,12746,152848,146435,35801,2026-08-04 20:52:33.180856
